state,ingres_name,dist_lgd,relation,method,name,category,stage_pct,recharge_ham,extractable_ham,extraction_ham,poor_quality_category
MADHYA PRADESH,SHEOPUR,431.0,one,exact,SHEOPUR,Safe,38.08,56272.99,51839.16,19741.98,
MADHYA PRADESH,BARWANI,393.0,one,exact,BARWANI,Semi-critical,71.61,56458.72,52980.53,37938.66,
MADHYA PRADESH,SATNA,426.0,one,exact,SATNA,Safe,64.03,57587.97,53555.57,34293.72,
MADHYA PRADESH,UJJAIN,435.0,one,exact,UJJAIN,Over-exploited,108.41,100823.19,94721.7,102686.88,
MADHYA PRADESH,NEEMUCH,419.0,one,exact,NEEMUCH,Over-exploited,102.37,39455.93,37483.13,38370.96,
MADHYA PRADESH,RAJGARH,422.0,one,exact,RAJGARH,Semi-critical,89.53,94984.38,90235.17,80788.24,
MADHYA PRADESH,DHAR,403.0,one,exact,DHAR,Safe,67.66,138220.08,130643.39,88388.38,
MADHYA PRADESH,GUNA,406.0,one,exact,GUNA,Safe,65.27,94710.0,88938.83,58053.65,
MADHYA PRADESH,PANDHURNA,399.0,child_of,not_on_map,PANDHURNA,Semi-critical,74.46,19785.09,18795.83,13994.55,
MADHYA PRADESH,BURHANPUR,397.0,one,exact,BURHANPUR,Safe,69.78,38173.73,35351.72,24667.73,
MADHYA PRADESH,DEWAS,402.0,one,exact,DEWAS,Semi-critical,79.56,90861.83,84573.44,67286.11,
MADHYA PRADESH,SIDHI,433.0,one,exact,SIDHI,Safe,37.42,32049.17,30347.47,11355.09,
MADHYA PRADESH,BETUL,394.0,one,exact,BETUL,Safe,52.03,104068.58,96833.53,50387.16,
MADHYA PRADESH,ALIRAJPUR,639.0,one,exact,ALIRAJPUR,Safe,42.06,25231.5,23366.59,9828.24,
MADHYA PRADESH,AGAR MALWA,667.0,one,exact,AGAR MALWA,Critical,93.36,43277.98,41114.08,38382.38,
MADHYA PRADESH,GWALIOR,407.0,one,exact,GWALIOR,Safe,33.53,83636.72,77825.29,26098.4,
MADHYA PRADESH,SHIVPURI,432.0,one,exact,SHIVPURI,Safe,66.75,91766.93,85066.46,56777.92,
MADHYA PRADESH,SINGRAULI,638.0,one,exact,SINGRAULI,Safe,44.36,37497.03,35622.17,15800.91,
MADHYA PRADESH,TIKAMGARH,434.0,one,exact,TIKAMGARH,Semi-critical,79.92,41411.1,38730.04,30953.19,
MADHYA PRADESH,UMARIA,436.0,one,exact,UMARIA,Safe,20.48,36941.47,34713.32,7110.17,
MADHYA PRADESH,VIDISHA,437.0,one,exact,VIDISHA,Safe,65.49,97320.09,91441.68,59886.5,
MADHYA PRADESH,NIWARI,722.0,one,exact,NIWARI,Safe,68.52,20129.77,19123.27,13102.91,
MADHYA PRADESH,MAIHAR,426.0,child_of,not_on_map,MAIHAR,Semi-critical,70.86,23021.66,21511.96,15243.75,
MADHYA PRADESH,MAUGANJ,424.0,child_of,not_on_map,MAUGANJ,Safe,55.67,14342.22,13625.11,7584.54,
MADHYA PRADESH,DINDORI,404.0,one,exact,DINDORI,Safe,15.46,30752.08,28922.22,4472.79,
MADHYA PRADESH,HARDA,408.0,one,exact,HARDA,Safe,38.14,48456.57,46033.74,17559.32,
MADHYA PRADESH,HOSHANGABAD,409.0,one,alias,HOSHANGABAD,Safe,27.16,185029.42,174056.78,47272.38,
MADHYA PRADESH,SEHORE,427.0,one,exact,SEHORE,Safe,65.13,70139.92,66091.78,43046.48,
MADHYA PRADESH,SEONI,428.0,one,exact,SEONI,Safe,45.91,69393.72,65924.03,30268.36,
MADHYA PRADESH,SHAHDOL,429.0,one,exact,SHAHDOL,Safe,17.12,47560.67,45182.62,7734.63,
MADHYA PRADESH,SHAJAPUR,430.0,one,exact,SHAJAPUR,Over-exploited,105.94,56902.22,54057.11,57268.47,
MADHYA PRADESH,ANUPPUR,390.0,one,exact,ANUPPUR,Safe,27.8,27536.34,26159.52,7272.23,
MADHYA PRADESH,ASHOKNAGAR,391.0,one,exact,ASHOKNAGAR,Safe,61.02,42279.13,40165.17,24507.87,
MADHYA PRADESH,BALAGHAT,392.0,one,exact,BALAGHAT,Safe,24.23,74568.23,70631.9,17117.58,
MADHYA PRADESH,BHIND,395.0,one,exact,BHIND,Safe,32.41,99636.0,93500.07,30300.06,
MADHYA PRADESH,BHOPAL,396.0,one,exact,BHOPAL,Semi-critical,82.97,38306.48,36391.15,30192.57,
MADHYA PRADESH,CHHATARPUR,398.0,one,exact,CHHATARPUR,Safe,65.06,88846.68,84084.42,54701.69,
MADHYA PRADESH,CHHINDWARA,399.0,one,exact,CHHINDWARA,Safe,59.99,88953.5,83539.47,50114.26,
MADHYA PRADESH,DAMOH,400.0,one,exact,DAMOH,Safe,59.24,40468.49,37957.03,22484.54,
MADHYA PRADESH,DATIA,401.0,one,exact,DATIA,Safe,34.94,49028.87,46008.64,16075.1,
MADHYA PRADESH,INDORE,410.0,one,exact,INDORE,Over-exploited,118.13,59474.66,56471.15,66710.31,
MADHYA PRADESH,JABALPUR,411.0,one,exact,JABALPUR,Safe,55.58,65618.32,61728.22,34311.33,
MADHYA PRADESH,JHABUA,412.0,one,exact,JHABUA,Safe,43.87,31056.24,29167.26,12794.33,
MADHYA PRADESH,KATNI,413.0,one,exact,KATNI,Safe,47.64,42772.74,40095.17,19102.07,
MADHYA PRADESH,KHANDWA,405.0,one,alias,KHANDWA,Safe,40.36,124296.67,117409.2,47384.71,
MADHYA PRADESH,KHARGONE,414.0,one,exact,KHARGONE,Safe,45.49,100976.39,94390.43,42942.1,
MADHYA PRADESH,MANDLA,415.0,one,exact,MANDLA,Safe,26.03,43174.17,39977.79,10405.67,
MADHYA PRADESH,MANDSAUR,416.0,one,exact,MANDSAUR,Critical,98.93,72555.45,68927.68,68191.68,
MADHYA PRADESH,MORENA,417.0,one,exact,MORENA,Safe,42.24,80468.96,74678.56,31543.35,
MADHYA PRADESH,NARSINGHPUR,418.0,one,exact,NARSINGHPUR,Safe,67.2,132672.65,120066.99,80679.75,
MADHYA PRADESH,PANNA,420.0,one,exact,PANNA,Safe,38.75,54519.07,51169.43,19829.96,
MADHYA PRADESH,RAISEN,421.0,one,exact,RAISEN,Safe,52.98,96634.11,91194.29,48318.57,
MADHYA PRADESH,RATLAM,423.0,one,exact,RATLAM,Over-exploited,133.37,85006.46,80404.09,107238.47,
MADHYA PRADESH,REWA,424.0,one,exact,REWA,Safe,58.78,41695.82,38292.05,22506.53,
MADHYA PRADESH,SAGAR,425.0,one,exact,SAGAR,Safe,59.73,109704.14,103843.33,62022.27,
NAGALAND,Kiphire,614.0,one,exact,Kiphire,Safe,1.66,580.17,522.15,8.68,
NAGALAND,Zunheboto,251.0,one,exact,Zunheboto,Safe,3.42,1896.07,1706.45,58.36,
NAGALAND,Wokha,250.0,one,exact,Wokha,Safe,2.6,7633.83,6870.44,178.68,
NAGALAND,Kohima,245.0,one,exact,Kohima,Safe,7.92,3081.44,2773.3,219.75,
NAGALAND,Longleng,615.0,one,exact,Longleng,Safe,0.32,1544.21,1389.8,4.43,
NAGALAND,Mon,247.0,one,exact,Mon,Safe,3.66,4430.39,3987.33,146.05,
NAGALAND,Peren,613.0,one,exact,Peren,Safe,4.24,4503.54,4053.03,171.72,
NAGALAND,Phek,248.0,one,exact,Phek,Safe,3.58,1181.42,1063.27,38.02,
NAGALAND,Dimapur,244.0,one,exact,Dimapur,Safe,6.83,22193.14,20850.81,1423.58,
NAGALAND,Tuensang,249.0,one,exact,Tuensang,Safe,3.59,1453.61,1308.25,46.96,
NAGALAND,Mokokchung,246.0,one,exact,Mokokchung,Safe,1.67,6244.81,5620.3,94.11,
MIZORAM,CHAMPHAI,262.0,one,exact,CHAMPHAI,Safe,3.16,1585.51,1426.94,45.16,
MIZORAM,AIZAWL,261.0,one,exact,AIZAWL,Safe,14.9,1520.03,1368.03,203.9,
MIZORAM,SERCHHIP,268.0,one,exact,SERCHHIP,Safe,6.02,903.75,813.37,48.96,
MIZORAM,LUNGLEI,265.0,one,exact,LUNGLEI,Safe,4.31,4986.46,4487.81,193.47,
MIZORAM,SAIHA,267.0,one,exact,SAIHA,Safe,5.92,771.53,694.38,41.08,
MIZORAM,KOLASIB,263.0,one,exact,KOLASIB,Safe,1.28,2788.18,2509.36,32.23,
MIZORAM,LAWNGTLAI,264.0,one,exact,LAWNGTLAI,Safe,3.52,3369.47,3032.53,106.68,
MIZORAM,MAMIT,266.0,one,exact,MAMIT,Safe,2.28,5139.1,4625.19,105.24,
ARUNACHAL PRADESH,TIRAP,239.0,one,exact,TIRAP,Safe,0.72,8668.97,7802.07,56.04,
ARUNACHAL PRADESH,DIBANG VALLEY,230.0,one,exact,DIBANG VALLEY,Hilly area,,0.0,0.0,,Hilly area
ARUNACHAL PRADESH,TAWANG,238.0,one,exact,TAWANG,Hilly area,,0.0,0.0,,Hilly area
ARUNACHAL PRADESH,WEST SIANG,243.0,one,exact,WEST SIANG,Safe,0.14,6199.6,5579.64,8.03,
ARUNACHAL PRADESH,LOWER DIBANG VALLEY,235.0,one,exact,LOWER DIBANG VALLEY,Safe,0.32,86707.5,78036.75,253.42,
ARUNACHAL PRADESH,UPPER SUBANSIRI,241.0,one,exact,UPPER SUBANSIRI,Safe,0.88,2699.78,2429.81,21.38,
ARUNACHAL PRADESH,CHANGLANG,229.0,one,exact,CHANGLANG,Safe,0.9,31494.97,28606.75,256.5,
ARUNACHAL PRADESH,EAST SIANG,232.0,one,exact,EAST SIANG,Safe,0.25,80266.45,71985.01,183.36,
ARUNACHAL PRADESH,UPPER SIANG,240.0,one,exact,UPPER SIANG,Hilly area,,0.0,0.0,,Hilly area
ARUNACHAL PRADESH,LOWER SUBANSIRI,236.0,one,exact,LOWER SUBANSIRI,Safe,0.9,5241.44,4485.54,40.45,
ARUNACHAL PRADESH,EAST KAMENG,231.0,one,exact,EAST KAMENG,Safe,0.69,17565.95,15809.36,109.18,
ARUNACHAL PRADESH,KURUNG KUMEY,233.0,one,exact,KURUNG KUMEY,Hilly area,,0.0,0.0,,Hilly area
ARUNACHAL PRADESH,ANJAW,628.0,one,exact,ANJAW,Hilly area,,0.0,0.0,,Hilly area
ARUNACHAL PRADESH,LOHIT,234.0,one,exact,LOHIT,Safe,0.26,124103.27,111625.74,290.64,
ARUNACHAL PRADESH,PAPUM PARE,237.0,one,exact,PAPUM PARE,Safe,2.0,13000.69,10217.16,204.08,
ARUNACHAL PRADESH,WEST KAMENG,242.0,one,exact,WEST KAMENG,Safe,0.44,3352.26,3017.04,13.29,
BIHAR,BEGUSARAI,191.0,one,exact,BEGUSARAI,Safe,66.99,55519.1,50265.13,33673.71,
BIHAR,SUPAUL,223.0,one,exact,SUPAUL,Safe,33.36,112838.73,102701.98,34266.13,
BIHAR,BANKA,190.0,one,exact,BANKA,Safe,42.7,76252.57,68938.56,29438.33,
BIHAR,NAWADA,210.0,one,exact,NAWADA,Safe,47.76,73188.67,66018.66,31528.46,
BIHAR,AURANGABAD,189.0,one,exact,AURANGABAD,Safe,32.79,131306.09,118460.16,38845.85,
BIHAR,BHAGALPUR,192.0,one,exact,BHAGALPUR,Safe,41.07,77380.29,69749.55,28644.5,
BIHAR,KAIMUR,200.0,one,alias,KAIMUR,Safe,43.34,83231.85,76131.77,32997.35,
BIHAR,SAHARSA,216.0,one,exact,SAHARSA,Safe,36.35,75835.84,68730.55,24983.96,
BIHAR,BHOJPUR,193.0,one,exact,BHOJPUR,Safe,51.51,86984.91,78512.23,40442.68,
BIHAR,SITAMARHI,221.0,one,exact,SITAMARHI,Safe,46.14,69595.71,64182.65,29614.72,
BIHAR,SIWAN,222.0,one,exact,SIWAN,Safe,52.9,105473.37,95844.83,50702.89,
BIHAR,WEST CHAMPARAN,211.0,one,alias,WEST CHAMPARAN,Safe,29.23,187120.26,169961.0,49679.56,
BIHAR,ARARIA,188.0,one,exact,ARARIA,Safe,23.13,150102.83,136532.55,31578.6,
BIHAR,ARWAL,611.0,one,exact,ARWAL,Safe,48.32,21877.33,19762.02,9548.21,
BIHAR,DARBHANGA,195.0,one,exact,DARBHANGA,Safe,57.11,77026.26,69446.69,39662.43,
BIHAR,EAST CHAMPARAN,213.0,one,alias,EAST CHAMPARAN,Safe,45.77,196382.22,178095.94,81509.44,
BIHAR,GAYA,196.0,one,exact,GAYA,Safe,55.7,136568.79,123380.51,68718.25,
BIHAR,JAMUI,198.0,one,exact,JAMUI,Safe,42.17,50487.35,45651.37,19250.0,
BIHAR,JEHANABAD,199.0,one,exact,JEHANABAD,Semi-critical,77.18,41096.33,37129.22,28656.76,
BIHAR,KATIHAR,201.0,one,exact,KATIHAR,Safe,43.07,118876.56,108301.6,46644.47,
BIHAR,KHAGARIA,202.0,one,exact,KHAGARIA,Safe,63.65,47196.18,43526.36,27706.27,
BIHAR,KISHANGANJ,203.0,one,exact,KISHANGANJ,Safe,38.97,68540.74,63025.33,24562.61,
BIHAR,LAKHISARAI,204.0,one,exact,LAKHISARAI,Safe,35.36,41935.91,37961.01,13421.58,
BIHAR,MADHEPURA,205.0,one,exact,MADHEPURA,Safe,36.34,110562.78,99815.39,36271.24,
BIHAR,MADHUBANI,206.0,one,exact,MADHUBANI,Safe,46.31,145344.92,131620.01,60957.48,
BIHAR,MUNGER,207.0,one,exact,MUNGER,Safe,39.84,43277.53,39074.81,15567.77,
BIHAR,MUZAFFARPUR,208.0,one,exact,MUZAFFARPUR,Safe,64.82,123494.61,111486.74,72263.7,
BIHAR,NALANDA,209.0,one,exact,NALANDA,Semi-critical,75.73,67664.67,61253.34,46384.83,
BIHAR,PATNA,212.0,one,exact,PATNA,Safe,62.36,109909.63,99195.88,61861.82,
BIHAR,PURNEA,214.0,one,alias,PURNEA,Safe,38.4,165970.82,150361.72,57735.22,
BIHAR,ROHTAS,215.0,one,exact,ROHTAS,Safe,30.77,125551.23,113333.95,34867.88,
BIHAR,SAMASTIPUR,217.0,one,exact,SAMASTIPUR,Safe,67.45,86258.65,77969.12,52592.51,
BIHAR,SARAN,218.0,one,exact,SARAN,Safe,45.52,112962.15,102586.69,46702.14,
BIHAR,SHEIKHPURA,219.0,one,exact,SHEIKHPURA,Safe,53.18,19255.13,17403.25,9255.77,
BIHAR,SHEOHAR,220.0,one,exact,SHEOHAR,Safe,59.88,18106.82,16460.05,9856.91,
BIHAR,VAISHALI,224.0,one,exact,VAISHALI,Safe,60.55,78878.32,71509.03,43300.5,
BIHAR,BUXAR,194.0,one,exact,BUXAR,Safe,48.15,65288.72,59142.38,28476.2,
BIHAR,GOPALGANJ,197.0,one,exact,GOPALGANJ,Safe,54.51,104000.74,94143.47,51318.5,
DAMAN AND DIU,DAMAN,463.0,one,exact,DAMAN,Safe,62.85,2530.3,2403.79,1510.77,none
DAMAN AND DIU,DIU,464.0,one,exact,DIU,Safe,48.52,214.72,193.25,93.76,none
JAMMU AND KASHMIR,Baramulla,3.0,one,exact,Baramulla,Safe,22.35,11015.96,9914.34,2215.84,
JAMMU AND KASHMIR,Poonch,10.0,one,exact,Poonch,Safe,16.52,5260.92,4734.83,782.4,
JAMMU AND KASHMIR,Kupwarar,8.0,part_of,alias,Kupwarar,Safe,21.47,6207.2,5586.49,1199.43,
JAMMU AND KASHMIR,Reasi,627.0,one,exact,Reasi,Safe,11.02,24238.07,21814.25,2403.63,
JAMMU AND KASHMIR,Ramban,621.0,one,exact,Ramban,Safe,31.72,742.36,668.12,211.91,
JAMMU AND KASHMIR,Kishtwar,620.0,one,exact,Kishtwar,Safe,15.67,1321.18,1189.06,186.34,
JAMMU AND KASHMIR,Doda,4.0,one,exact,Doda,Safe,20.54,1041.49,937.35,192.52,
JAMMU AND KASHMIR,Ganderbal,626.0,one,exact,Ganderbal,Safe,45.65,1085.81,977.23,446.15,
JAMMU AND KASHMIR,Kulgam,622.0,one,exact,Kulgam,Safe,20.53,6791.33,6112.2,1254.75,
JAMMU AND KASHMIR,Pulwama,11.0,one,exact,Pulwama,Safe,38.17,5789.82,5210.82,1988.9,
JAMMU AND KASHMIR,Rajouri,12.0,one,exact,Rajouri,Safe,12.23,18282.88,16526.7,2021.42,
JAMMU AND KASHMIR,Budgam,2.0,one,exact,Budgam,Safe,27.93,5269.08,4742.16,1324.54,
JAMMU AND KASHMIR,Srinagar,13.0,one,exact,Srinagar,Safe,54.12,14264.75,12838.28,6947.93,
JAMMU AND KASHMIR,Udhampur,14.0,one,exact,Udhampur,Safe,20.98,12144.34,11228.7,2356.22,
JAMMU AND KASHMIR,Barmulla,3.0,part_of,alias,Barmulla,Hilly area,,0.0,0.0,,Hilly area
JAMMU AND KASHMIR,Mirpur,,none,pok,Mirpur,Hilly area,,0.0,0.0,,Hilly area
JAMMU AND KASHMIR,Srinagar Hilly Area,13.0,part_of,alias,Srinagar Hilly Area,Hilly area,,0.0,0.0,,Hilly area
JAMMU AND KASHMIR,Jammu,5.0,one,exact,Jammu,Safe,32.7,46097.15,41716.41,13639.44,
JAMMU AND KASHMIR,Bandipora,623.0,one,exact,Bandipora,Safe,15.82,4725.96,4255.41,673.14,
JAMMU AND KASHMIR,Muzaffarabad,,none,pok,Muzaffarabad,Hilly area,,0.0,0.0,,Hilly area
JAMMU AND KASHMIR,Shopian,625.0,one,exact,Shopian,Safe,21.62,5275.75,4748.18,1026.36,
JAMMU AND KASHMIR,Kupwara,8.0,one,exact,Kupwara,Hilly area,,0.0,0.0,,Hilly area
JAMMU AND KASHMIR,Samba,624.0,one,exact,Samba,Safe,16.86,17784.14,16170.6,2727.03,
JAMMU AND KASHMIR,Kathua,7.0,one,exact,Kathua,Safe,23.5,34532.78,31259.48,7345.65,
JAMMU AND KASHMIR,Anantnag,1.0,one,exact,Anantnag,Safe,23.7,11095.36,9985.78,2366.96,
PUNJAB,Fazilka,651.0,one,exact,Fazilka,Safe,55.79,140664.11,127194.4,73928.64,Safe
PUNJAB,Pathankot,662.0,one,exact,Pathankot,Safe,42.09,46851.99,42246.82,17780.4,
PUNJAB,SAS Nagar,608.0,one,exact,SAS Nagar,Over-exploited,118.32,22127.62,19914.84,23563.8,none
PUNJAB,Muktsar,39.0,one,alias,Muktsar,Safe,28.73,164046.91,147642.22,70633.77,Semi-critical
PUNJAB,Kapurthala,35.0,one,exact,Kapurthala,Over-exploited,250.65,60899.86,55236.26,138451.09,
PUNJAB,Hoshiarpur,33.0,one,exact,Hoshiarpur,Over-exploited,118.84,98089.25,85300.97,101372.79,
PUNJAB,Amritsar,27.0,one,exact,Amritsar,Over-exploited,148.78,150129.95,134403.36,199967.38,
PUNJAB,Barnala,605.0,one,exact,Barnala,Over-exploited,215.64,55263.55,49737.19,107255.39,none
PUNJAB,Sangrur,43.0,one,exact,Sangrur,Over-exploited,308.96,70722.88,63650.6,196654.75,
PUNJAB,Malerkotla,737.0,one,exact,Malerkotla,Over-exploited,281.75,23467.94,21121.14,59509.6,
PUNJAB,Jalandhar,34.0,one,exact,Jalandhar,Over-exploited,273.27,99451.18,89501.57,244582.89,
PUNJAB,Mansa,37.0,one,exact,Mansa,Over-exploited,109.82,113602.93,102242.65,110055.54,Over-exploited
PUNJAB,Bathinda,28.0,one,exact,Bathinda,Over-exploited,129.35,146397.72,134166.7,168376.89,Semi-critical
PUNJAB,Fatehgarh Sahib,30.0,one,exact,Fatehgarh Sahib,Over-exploited,179.54,40852.28,36767.05,66010.23,
PUNJAB,Faridkot,29.0,one,exact,Faridkot,Over-exploited,128.94,76761.19,69085.07,80214.93,Critical
PUNJAB,Rupnagar,42.0,one,exact,Rupnagar,Critical,92.48,40571.95,39486.19,36516.16,
PUNJAB,Moga,38.0,one,exact,Moga,Over-exploited,221.67,81522.93,73318.32,162148.27,
PUNJAB,Tarn Taran,609.0,one,exact,Tarn Taran,Over-exploited,195.6,70413.8,67908.27,132828.58,
PUNJAB,Patiala,41.0,one,exact,Patiala,Over-exploited,207.37,102176.15,91958.54,189045.91,Safe
PUNJAB,SBS Nagar,40.0,one,alias,SBS Nagar,Over-exploited,116.15,54316.95,49078.66,56679.96,Safe
PUNJAB,Ludhiana,36.0,one,exact,Ludhiana,Over-exploited,197.42,137038.08,123617.32,244049.91,
PUNJAB,Firozpur,31.0,one,alias,Firozpur,Critical,98.05,178982.28,164771.17,158107.66,Semi-critical
PUNJAB,Gurdaspur,32.0,one,exact,Gurdaspur,Over-exploited,112.21,165041.85,145916.04,163731.24,
MEGHALAYA,SOUTH WEST GARO HILLS,663.0,one,exact,SOUTH WEST GARO HILLS,Safe,34.13,8046.8,55260.6,840.19,
MEGHALAYA,SOUTH WEST KHASI HILLS,658.0,one,exact,SOUTH WEST KHASI HILLS,Safe,1.06,14705.72,22942.55,140.9,
MEGHALAYA,EAST GARO HILLS,273.0,one,exact,EAST GARO HILLS,Safe,4.62,8492.75,35276.78,353.14,
MEGHALAYA,WEST GARO HILLS,278.0,one,exact,WEST GARO HILLS,Safe,18.87,30037.79,108602.12,3811.18,
MEGHALAYA,WEST KHASI HILLS,279.0,one,exact,WEST KHASI HILLS,Safe,1.57,33965.4,49017.71,479.86,
MEGHALAYA,EAST JAINTIA HILLS,657.0,one,exact,EAST JAINTIA HILLS,Safe,1.83,16838.78,36746.41,276.76,
MEGHALAYA,RI BHOI,276.0,one,exact,RI BHOI,Safe,6.35,6508.28,16078.03,371.91,
MEGHALAYA,SOUTH GARO HILLS,277.0,one,exact,SOUTH GARO HILLS,Safe,1.24,23473.66,53106.23,262.03,
MEGHALAYA,WEST JAINTIA HILLS,275.0,one,exact,WEST JAINTIA HILLS,Safe,6.23,11163.65,23573.17,625.9,
MEGHALAYA,EAST KHASI HILLS,274.0,one,exact,EAST KHASI HILLS,Safe,3.65,21817.79,36956.5,717.04,
MEGHALAYA,NORTH GARO HILLS,656.0,one,exact,NORTH GARO HILLS,Safe,6.9,9862.2,45417.27,494.35,
CHHATTISGARH,KANKER,381.0,one,exact,KANKER,Safe,42.71,72860.03,183736.6,28545.13,
CHHATTISGARH,DANTEWADA,376.0,one,exact,DANTEWADA,Safe,19.74,25962.44,81974.36,4828.49,
CHHATTISGARH,BALRAMPUR,649.0,one,exact,BALRAMPUR,Safe,26.77,57454.65,154324.41,13992.9,
CHHATTISGARH,SURAJPUR,648.0,one,exact,SURAJPUR,Safe,59.0,41809.38,87449.64,22912.3,
CHHATTISGARH,KHAIRAGARH-CHHUIKHADAN_GANDAI,759.0,one,fuzzy,KHAIRAGARH-CHHUIKHADAN_GANDAI,Safe,55.83,19517.38,45086.04,9928.36,
CHHATTISGARH,BILASPUR,375.0,one,exact,BILASPUR,Safe,61.91,52030.21,105485.86,29241.91,
CHHATTISGARH,GARIABAND,645.0,one,fuzzy,GARIABAND,Safe,61.52,39303.02,84678.07,22185.0,
CHHATTISGARH,BIJAPUR,636.0,one,exact,BIJAPUR,Safe,10.79,52255.09,125463.3,5239.19,
CHHATTISGARH,BASTAR,374.0,one,exact,BASTAR,Safe,36.03,29749.74,99752.96,9873.4,
CHHATTISGARH,BALODA BAZAR,644.0,one,exact,BALODA BAZAR,Safe,43.1,69563.55,138455.97,27032.5,
CHHATTISGARH,SUKMA,642.0,one,exact,SUKMA,Safe,5.63,47187.84,135869.97,2389.9,
CHHATTISGARH,KOREA,384.0,one,exact,KOREA,Safe,46.58,16163.97,28600.42,7023.82,
CHHATTISGARH,GOURELA-PENDRA-MARWAHI,734.0,one,fuzzy,GOURELA-PENDRA-MARWAHI,Safe,39.11,14876.84,43991.14,5304.57,
CHHATTISGARH,KONDAGAON,643.0,one,exact,KONDAGAON,Safe,44.26,39928.09,105745.5,16311.92,
CHHATTISGARH,DURG,378.0,one,exact,DURG,Semi-critical,77.82,44353.57,83564.05,31281.75,
CHHATTISGARH,JANJGIR-CHAMPA,379.0,one,exact,JANJGIR-CHAMPA,Safe,25.31,49598.25,85194.3,11389.62,
CHHATTISGARH,MAHASAMUND,385.0,one,exact,MAHASAMUND,Safe,61.16,104406.48,178491.13,58161.35,
CHHATTISGARH,NARAYANPUR,637.0,one,exact,NARAYANPUR,Safe,10.13,27338.28,88312.65,2627.37,
CHHATTISGARH,BEMETARA,650.0,one,exact,BEMETARA,Semi-critical,82.09,45432.41,92702.15,33566.09,
CHHATTISGARH,DHAMTARI,377.0,one,exact,DHAMTARI,Semi-critical,70.25,69474.56,109279.64,44095.83,
CHHATTISGARH,JASHPUR,380.0,one,exact,JASHPUR,Safe,47.41,40597.41,121259.91,17756.27,
CHHATTISGARH,KABIRDHAM,382.0,one,exact,KABIRDHAM,Safe,57.78,74293.7,143090.85,38633.61,
CHHATTISGARH,KORBA,383.0,one,exact,KORBA,Safe,35.29,50688.72,127577.17,16834.66,
CHHATTISGARH,BALOD,646.0,one,exact,BALOD,Safe,68.57,41645.5,85997.36,25802.99,
CHHATTISGARH,MUNGELI,647.0,one,exact,MUNGELI,Safe,45.52,27363.85,55134.82,11374.4,
CHHATTISGARH,RAIGARH,386.0,one,exact,RAIGARH,Safe,41.35,45323.88,112402.51,17174.49,
CHHATTISGARH,RAIPUR,387.0,one,exact,RAIPUR,Safe,59.02,51718.86,100702.89,27586.29,
CHHATTISGARH,RAJNANDGAON,388.0,one,exact,RAJNANDGAON,Safe,55.64,41681.8,86250.2,21378.65,
CHHATTISGARH,SURGUJA,389.0,one,exact,SURGUJA,Safe,45.89,47325.8,121274.31,19831.06,
CHHATTISGARH,MANENDRAGARH-CHIRMIRI_BHARATPUR,760.0,one,fuzzy,MANENDRAGARH-CHIRMIRI_BHARATPUR,Safe,21.4,49047.86,107762.9,9925.9,
CHHATTISGARH,MOHLA-MANPUR_AMBAGARHCHOWKI,761.0,one,fuzzy,MOHLA-MANPUR_AMBAGARHCHOWKI,Safe,39.57,16360.32,43213.24,5825.78,
CHHATTISGARH,SAKTI,762.0,one,exact,SAKTI,Safe,47.59,33312.62,58740.68,14339.44,
CHHATTISGARH,SARANGARH-BILAIRAGH,763.0,one,fuzzy,SARANGARH-BILAIRAGH,Safe,37.3,26197.57,66593.34,9004.67,
KERALA,KOTTAYAM,560.0,one,exact,KOTTAYAM,Safe,32.6,42092.77,38138.56,12434.45,
KERALA,IDUKKI,556.0,one,exact,IDUKKI,Safe,49.38,22888.0,20599.19,10172.08,
KERALA,WAYANAD,567.0,one,exact,WAYANAD,Safe,24.69,23921.87,21529.68,5315.06,
KERALA,ERNAKULAM,555.0,one,exact,ERNAKULAM,Safe,42.84,46041.46,41524.49,17789.29,
KERALA,THIRUVANANTHAPURAM,565.0,one,exact,THIRUVANANTHAPURAM,Safe,62.87,27597.7,25233.55,15864.53,
KERALA,THRISSUR,566.0,one,exact,THRISSUR,Safe,57.03,62946.35,57298.69,32676.84,
KERALA,PATHANAMTHITTA,564.0,one,exact,PATHANAMTHITTA,Safe,31.23,25819.92,23337.96,7287.37,
KERALA,KANNUR,557.0,one,exact,KANNUR,Safe,45.47,42672.46,38405.22,17462.23,
KERALA,MALAPPURAM,562.0,one,exact,MALAPPURAM,Safe,68.25,47688.94,43051.16,29383.38,
KERALA,KOZHIKKODE,561.0,one,fuzzy,KOZHIKKODE,Safe,57.84,33528.78,30268.91,17506.86,
KERALA,KOLLAM,559.0,one,exact,KOLLAM,Safe,47.27,36002.08,32497.12,15360.41,
KERALA,KASARGOD,558.0,one,fuzzy,KASARGOD,Safe,69.33,34898.63,31408.8,21774.3,
KERALA,ALAPPUZHA,554.0,one,exact,ALAPPUZHA,Safe,37.56,38599.79,35459.45,13319.95,
KERALA,PALAKKAD,563.0,one,exact,PALAKKAD,Safe,55.23,63041.99,57143.46,31560.76,
TRIPURA,DHALAI,269.0,one,exact,DHALAI,Safe,8.36,22192.33,146775.34,1438.19,
TRIPURA,NORTH TRIPURA,270.0,one,exact,NORTH TRIPURA,Safe,12.1,13163.36,82772.12,1232.15,
TRIPURA,KHOWAI,652.0,one,exact,KHOWAI,Safe,7.51,12614.95,74794.45,818.78,
TRIPURA,GOMATI,654.0,one,exact,GOMATI,Safe,4.64,26508.12,163526.21,1069.0,
TRIPURA,WEST TRIPURA,272.0,one,exact,WEST TRIPURA,Safe,21.39,17266.69,116867.94,3240.55,
TRIPURA,UNAKOTI,655.0,one,exact,UNAKOTI,Safe,9.9,9625.92,61533.39,768.64,
TRIPURA,SOUTH TRIPURA,271.0,one,exact,SOUTH TRIPURA,Safe,10.01,25945.45,149727.53,2262.73,
TRIPURA,SEPAHIJALA,653.0,one,exact,SEPAHIJALA,Safe,9.93,23003.89,134385.31,1854.18,
UTTAR PRADESH,LALITPUR,161.0,one,exact,LALITPUR,Semi-critical,80.5,41512.99,39077.07,31457.13,
UTTAR PRADESH,SAHARANPUR,177.0,one,exact,SAHARANPUR,Critical,97.64,146758.99,134248.74,131075.59,
UTTAR PRADESH,BANDA,128.0,one,exact,BANDA,Semi-critical,70.82,69456.82,63181.16,44743.7,
UTTAR PRADESH,MATHURA,167.0,one,exact,MATHURA,Safe,66.95,147259.14,135227.57,90541.07,
UTTAR PRADESH,SHAMLI,660.0,one,exact,SHAMLI,Over-exploited,100.29,48222.13,44410.77,44539.1,
UTTAR PRADESH,CHANDAULI,135.0,one,exact,CHANDAULI,Safe,59.9,57442.2,52360.15,31365.41,
UTTAR PRADESH,MIRZAPUR,170.0,one,exact,MIRZAPUR,Safe,65.11,62149.93,56235.75,36617.05,
UTTAR PRADESH,UNNAO,186.0,one,exact,UNNAO,Safe,62.3,175744.87,159363.47,99285.11,
UTTAR PRADESH,BAGPAT,124.0,one,fuzzy,BAGPAT,Critical,96.54,35208.35,31989.49,30883.98,
UTTAR PRADESH,KANPUR DEHAT,156.0,one,exact,KANPUR DEHAT,Semi-critical,71.13,84290.01,76204.32,54204.92,
UTTAR PRADESH,CHITRAKOOT,136.0,one,exact,CHITRAKOOT,Semi-critical,81.58,43729.24,39356.32,32107.04,
UTTAR PRADESH,SHAHJAHANPUR,180.0,one,exact,SHAHJAHANPUR,Safe,65.03,133127.24,121887.73,79263.36,
UTTAR PRADESH,PILIBHIT,173.0,one,exact,PILIBHIT,Safe,63.9,105385.62,96284.59,61529.16,
UTTAR PRADESH,JAUNPUR,152.0,one,exact,JAUNPUR,Safe,69.03,133624.3,122182.15,84342.62,
UTTAR PRADESH,MAHRAJGANJ,164.0,one,fuzzy,MAHRAJGANJ,Safe,64.59,107499.54,99784.97,64449.14,
UTTAR PRADESH,AMBEDKAR NAGAR,121.0,one,exact,AMBEDKAR NAGAR,Safe,62.25,80474.53,72427.07,45084.28,
UTTAR PRADESH,MAUNATH BHANJAN,168.0,one,alias,MAUNATH BHANJAN,Safe,64.89,51025.36,46203.68,29980.82,
UTTAR PRADESH,KAUSHAMBI,158.0,one,exact,KAUSHAMBI,Semi-critical,81.96,52222.99,47000.67,38519.89,
UTTAR PRADESH,RAIBARELI,175.0,one,fuzzy,RAIBARELI,Safe,60.17,125300.78,115272.53,69361.4,
UTTAR PRADESH,AURAIYA,122.0,one,exact,AURAIYA,Safe,63.46,69572.44,62615.2,39736.8,
UTTAR PRADESH,ETAWAH,139.0,one,exact,ETAWAH,Safe,57.82,73521.11,67779.45,39189.39,
UTTAR PRADESH,MAHOBA,165.0,one,exact,MAHOBA,Semi-critical,82.83,34214.83,31158.23,25807.96,
UTTAR PRADESH,SITAPUR,183.0,one,exact,SITAPUR,Safe,59.22,207038.92,188251.46,111487.55,
UTTAR PRADESH,HATHRAS,163.0,one,exact,HATHRAS,Critical,91.29,74104.69,68067.14,62138.3,
UTTAR PRADESH,BUDAUN,133.0,one,exact,BUDAUN,Semi-critical,82.69,79612.08,73476.03,60760.05,
UTTAR PRADESH,BULANDSHAHAR,134.0,one,fuzzy,BULANDSHAHAR,Critical,91.04,160704.44,146965.72,133796.95,
UTTAR PRADESH,AMETHI,640.0,one,exact,AMETHI,Safe,63.71,93175.0,83857.5,53429.67,
UTTAR PRADESH,BAREILLY,130.0,one,exact,BAREILLY,Semi-critical,71.73,117104.37,109546.08,78581.18,
UTTAR PRADESH,GONDA,147.0,one,exact,GONDA,Safe,55.43,126607.09,114793.86,63631.46,
UTTAR PRADESH,JHANSI,153.0,one,exact,JHANSI,Safe,66.59,73865.3,66478.75,44268.69,
UTTAR PRADESH,ALIGARH,119.0,one,exact,ALIGARH,Semi-critical,78.31,102774.11,95279.86,74614.08,
UTTAR PRADESH,BIJNOR,132.0,one,exact,BIJNOR,Safe,69.79,152078.35,137722.57,96121.6,
UTTAR PRADESH,G.B.NAGAR,144.0,one,alias,G.B.NAGAR,Over-exploited,106.31,50999.17,45899.24,48795.06,
UTTAR PRADESH,GORAKHPUR,148.0,one,exact,GORAKHPUR,Safe,62.95,182616.98,166609.61,104875.1,
UTTAR PRADESH,KANNAUJ,155.0,one,exact,KANNAUJ,Semi-critical,78.53,65263.96,58987.01,46320.37,
UTTAR PRADESH,ETAH,138.0,one,exact,ETAH,Semi-critical,72.25,87429.81,79819.32,57668.33,
UTTAR PRADESH,VARANASI,187.0,one,exact,VARANASI,Critical,90.21,53333.8,48000.42,43299.87,
UTTAR PRADESH,LUCKNOW,162.0,one,exact,LUCKNOW,Safe,67.3,77386.85,71454.12,48090.47,
UTTAR PRADESH,FIROZABAD,143.0,one,exact,FIROZABAD,Critical,95.49,90559.92,81503.93,77829.62,
UTTAR PRADESH,AZAMGARH,123.0,one,exact,AZAMGARH,Safe,59.62,139393.83,125677.57,74927.78,
UTTAR PRADESH,DEORIA,137.0,one,exact,DEORIA,Safe,62.98,147334.59,133838.68,84285.31,
UTTAR PRADESH,BALRAMPUR,127.0,one,exact,BALRAMPUR,Safe,54.73,111774.64,102063.3,55861.14,
UTTAR PRADESH,BASTI,131.0,one,exact,BASTI,Safe,61.18,85180.47,76976.1,47093.31,
UTTAR PRADESH,AYODHYA,140.0,one,exact,AYODHYA,Safe,61.99,94193.1,85311.17,52887.86,
UTTAR PRADESH,AGRA,118.0,one,exact,AGRA,Over-exploited,108.45,95800.11,87629.37,95037.64,
UTTAR PRADESH,HAPUR,661.0,one,exact,HAPUR,Critical,96.07,52125.89,46913.29,45070.4,
UTTAR PRADESH,PRATAPGARH,174.0,one,exact,PRATAPGARH,Semi-critical,76.36,143181.22,130089.0,99335.1,
UTTAR PRADESH,BAHRAICH,125.0,one,exact,BAHRAICH,Safe,59.24,155461.17,144666.19,85702.24,
UTTAR PRADESH,MAINPURI,166.0,one,exact,MAINPURI,Semi-critical,71.61,102296.26,92066.62,65927.53,
UTTAR PRADESH,KUSHI NAGAR,160.0,one,exact,KUSHI NAGAR,Safe,52.42,179947.84,163760.93,85841.57,
UTTAR PRADESH,MEERUT,169.0,one,exact,MEERUT,Semi-critical,80.74,86325.09,79316.94,64038.06,
UTTAR PRADESH,GHAZIABAD,145.0,one,exact,GHAZIABAD,Over-exploited,127.6,40775.43,36697.88,46825.43,
UTTAR PRADESH,FATEHPUR,142.0,one,exact,FATEHPUR,Safe,69.93,125382.84,114427.53,80018.35,
UTTAR PRADESH,KASGANJ,633.0,one,exact,KASGANJ,Semi-critical,72.37,72426.44,67908.22,49144.78,
UTTAR PRADESH,MORADABAD,171.0,one,exact,MORADABAD,Semi-critical,85.41,72021.62,65312.28,55780.03,
UTTAR PRADESH,BARABANKI,129.0,one,exact,BARABANKI,Safe,62.1,210892.88,191204.78,118744.5,
UTTAR PRADESH,SAMBHAL,659.0,one,exact,SAMBHAL,Semi-critical,80.42,52428.66,48106.46,38687.07,
UTTAR PRADESH,SANT KABIR NAGAR,178.0,one,fuzzy,SANT KABIR NAGAR,Safe,62.67,54393.74,48954.36,30680.96,
UTTAR PRADESH,LAKHIMPUR KHERI,159.0,one,alias,LAKHIMPUR KHERI,Safe,61.14,231826.56,215296.38,131628.8,
UTTAR PRADESH,SANT RAVIDAS NAGAR,179.0,one,alias,SANT RAVIDAS NAGAR,Semi-critical,73.96,88571.99,80004.69,59168.45,
UTTAR PRADESH,SHRAWASTI,181.0,one,fuzzy,SHRAWASTI,Safe,59.95,60326.11,54293.51,32547.18,
UTTAR PRADESH,AMROHA,154.0,one,exact,AMROHA,Critical,90.59,56231.43,51843.51,46964.64,
UTTAR PRADESH,KANPUR NAGAR,157.0,one,exact,KANPUR NAGAR,Semi-critical,80.62,88092.91,80399.21,64814.34,
UTTAR PRADESH,SIDDHARTH NAGAR,182.0,one,exact,SIDDHARTH NAGAR,Safe,61.13,95869.52,87634.41,53569.8,
UTTAR PRADESH,GHAZIPUR,146.0,one,exact,GHAZIPUR,Safe,56.06,111703.05,100887.92,56558.53,
UTTAR PRADESH,SONBHADRA,184.0,one,exact,SONBHADRA,Safe,49.11,60330.61,54517.84,26775.83,
UTTAR PRADESH,HAMIRPUR,149.0,one,exact,HAMIRPUR,Safe,65.3,46603.11,42709.75,27890.01,
UTTAR PRADESH,BALLIA,126.0,one,exact,BALLIA,Safe,62.74,95418.83,85876.96,53880.95,
UTTAR PRADESH,FARRUKHABAD,141.0,one,exact,FARRUKHABAD,Semi-critical,75.09,52788.23,48231.73,36216.49,
UTTAR PRADESH,HARDOI,150.0,one,exact,HARDOI,Safe,62.07,180920.65,165670.44,102837.34,
UTTAR PRADESH,JALAUN,151.0,one,exact,JALAUN,Safe,55.11,108815.23,97933.69,53967.59,
UTTAR PRADESH,MUZAFFARNAGAR,172.0,one,exact,MUZAFFARNAGAR,Semi-critical,78.38,110864.29,103873.17,81419.58,
UTTAR PRADESH,PRAYAGRAJ,120.0,one,exact,PRAYAGRAJ,Semi-critical,74.04,143284.88,128956.36,95480.26,
UTTAR PRADESH,RAMPUR,176.0,one,exact,RAMPUR,Safe,69.06,85552.38,77305.43,53387.31,
UTTAR PRADESH,SULTANPUR,185.0,one,exact,SULTANPUR,Safe,63.43,96202.09,86988.46,55179.56,
WEST BENGAL,PURBA BARDDHAMAN,306.0,one,fuzzy,PURBA BARDDHAMAN,Safe,53.95,199248.71,1310766.64,97676.64,
WEST BENGAL,MURSHIDABAD,319.0,one,exact,MURSHIDABAD,Safe,60.25,191940.23,1426628.08,107272.29,
WEST BENGAL,JHARGRAM,703.0,one,exact,JHARGRAM,Safe,25.54,101453.93,511928.82,23816.7,
WEST BENGAL,NORTH 24 PARGANAS,303.0,one,alias,NORTH 24 PARGANAS,Safe,68.34,158132.12,1455103.15,99804.91,none
WEST BENGAL,KOCH BIHAR,308.0,one,alias,KOCH BIHAR,Safe,47.11,204765.79,5373086.9,86812.85,
WEST BENGAL,MALDA,316.0,one,fuzzy,MALDA,Safe,34.71,118206.0,1965533.01,37447.32,
WEST BENGAL,PASCHIM BARDDHAMAN,704.0,one,fuzzy,PASCHIM BARDDHAMAN,Safe,57.26,26003.4,317422.99,13583.02,
WEST BENGAL,KALIMPONG,702.0,one,exact,KALIMPONG,Safe,3.19,4084.41,117884.97,117.19,
WEST BENGAL,ALIPURDUAR,664.0,one,exact,ALIPURDUAR,Safe,11.26,132898.47,2921019.99,13468.74,
WEST BENGAL,UTTAR DINAJPUR,311.0,one,alias,UTTAR DINAJPUR,Safe,47.52,121283.38,2479217.54,52697.74,
WEST BENGAL,SOUTH 24 PARGANAS,304.0,one,alias,SOUTH 24 PARGANAS,Saline,-100000.0,0.0,0.0,0.0,Saline
WEST BENGAL,DARJILING,309.0,one,alias,DARJILING,Safe,9.74,42372.52,680378.37,3715.46,
WEST BENGAL,HUGLI,312.0,one,alias,HUGLI,Safe,55.23,127706.87,981332.37,64036.43,
WEST BENGAL,PURULIYA,321.0,one,fuzzy,PURULIYA,Safe,13.81,80391.09,204680.13,9993.77,
WEST BENGAL,KOLKATTA,315.0,one,fuzzy,KOLKATTA,Saline,-100000.0,0.0,0.0,0.0,Saline
WEST BENGAL,HAORA,313.0,one,alias,HAORA,Safe,24.33,22889.95,191554.52,5150.44,none
WEST BENGAL,BANKURA,305.0,one,exact,BANKURA,Safe,37.15,177884.32,969438.21,60486.84,
WEST BENGAL,JALPAIGURI,314.0,one,exact,JALPAIGURI,Safe,12.82,185056.07,5109423.14,21354.08,
WEST BENGAL,DAKSHIN DINAJPUR,310.0,one,alias,DAKSHIN DINAJPUR,Safe,61.54,112300.21,673256.08,62664.45,
WEST BENGAL,NADIA,320.0,one,exact,NADIA,Semi-critical,81.39,197615.53,2732211.02,145592.64,
WEST BENGAL,PURBA MEDINIPUR,317.0,one,alias,PURBA MEDINIPUR,Safe,37.31,68168.16,364277.13,22891.97,none
WEST BENGAL,BIRBHUM,307.0,one,exact,BIRBHUM,Safe,35.21,109117.41,525354.6,35466.81,
WEST BENGAL,PASCHIM MEDINIPUR,318.0,one,alias,PASCHIM MEDINIPUR,Safe,53.84,241079.05,1403497.78,117940.19,
CHANDIGARH,CHANDIGARH,44.0,one,exact,CHANDIGARH,Safe,68.22,5169.83,4652.85,3174.09,
PUDUCHERRY,KARAIKAL,598.0,one,exact,KARAIKAL,Safe,50.37,4794.01,4374.24,2203.36,none
PUDUCHERRY,PUDUCHERRY,600.0,one,alias,PUDUCHERRY,Semi-critical,87.05,14551.11,13349.29,11620.71,none
ANDAMAN AND NICOBAR ISLANDS,N & M ANDAMAN,632.0,one,alias,N & M ANDAMAN,Safe,2.35,16537.12,14883.4,349.7,
ANDAMAN AND NICOBAR ISLANDS,NICOBAR,603.0,one,alias,NICOBAR,Safe,0.91,11361.02,10224.91,93.85,Safe
ANDAMAN AND NICOBAR ISLANDS,SOUTH ANDAMAN,602.0,one,alias,SOUTH ANDAMAN,Safe,3.62,10798.86,9718.98,351.52,
HARYANA,ROHTAK,73.0,one,exact,ROHTAK,Safe,32.26,28775.84,25898.25,23698.49,none
HARYANA,KARNAL,67.0,one,exact,KARNAL,Over-exploited,166.82,125330.56,112797.49,188605.13,none
HARYANA,KAITHAL,66.0,one,exact,KAITHAL,Over-exploited,186.06,48393.8,43554.43,82783.93,none
HARYANA,JIND,65.0,one,exact,JIND,Over-exploited,100.52,68343.49,62098.66,83662.57,none
HARYANA,KURUKSHETRA,68.0,one,exact,KURUKSHETRA,Over-exploited,205.68,45137.68,41267.95,84881.9,
HARYANA,BHIWANI,59.0,one,exact,BHIWANI,Critical,99.31,45444.49,41839.87,60610.41,none
HARYANA,AMBALA,58.0,one,exact,AMBALA,Over-exploited,126.64,43323.14,39627.95,50918.46,none
HARYANA,FATEHABAD,61.0,one,exact,FATEHABAD,Over-exploited,183.79,72477.57,65229.8,120471.36,none
HARYANA,GURGAON,62.0,one,alias,GURGAON,Over-exploited,180.58,21898.64,19708.77,38008.18,none
HARYANA,CHARKHI DADRI,701.0,one,fuzzy,CHARKHI DADRI,Over-exploited,136.6,15657.07,14091.37,24890.35,none
HARYANA,FARIDABAD,60.0,one,exact,FARIDABAD,Over-exploited,156.21,12475.68,11398.5,23939.15,none
HARYANA,HISAR,63.0,one,exact,HISAR,Semi-critical,87.34,67892.44,61558.1,67690.28,none
HARYANA,JHAJJAR,64.0,one,exact,JHAJJAR,Safe,28.55,44379.43,39941.5,21943.03,none
HARYANA,MAHENDRAGARH,69.0,one,exact,MAHENDRAGARH,Over-exploited,144.95,22362.51,20280.16,31268.88,none
HARYANA,MEWAT,604.0,one,alias,MEWAT,Safe,62.27,11008.56,9953.73,15653.32,none
HARYANA,PALWAL,619.0,one,exact,PALWAL,Safe,66.41,36043.7,32439.33,32530.84,none
HARYANA,PANCHKULA,70.0,one,exact,PANCHKULA,Safe,63.65,14622.89,13693.97,8716.84,
HARYANA,PANIPAT,71.0,one,exact,PANIPAT,Over-exploited,208.32,55234.33,49710.9,104810.18,none
HARYANA,REWARI,72.0,one,exact,REWARI,Over-exploited,110.73,19925.84,18257.87,34895.46,none
HARYANA,SIRSA,74.0,one,exact,SIRSA,Over-exploited,161.25,75112.69,67601.41,130954.77,none
HARYANA,SONIPAT,75.0,one,exact,SONIPAT,Semi-critical,83.79,72301.33,66483.85,72734.72,none
HARYANA,YAMUNA NAGAR,76.0,one,exact,YAMUNA NAGAR,Over-exploited,118.7,69317.37,62989.6,74766.58,
GOA,GOA NORTH,551.0,one,alias,GOA NORTH,Safe,28.1,16189.44,12951.56,3638.96,
GOA,SOUTH GOA,552.0,one,exact,SOUTH GOA,Safe,20.36,21668.64,17334.93,3528.63,
DADRA AND NAGAR HAVELI,DADRA NAGAR HAVELI,465.0,one,fuzzy,DADRA NAGAR HAVELI,Safe,35.7,9724.88,9005.37,3215.07,
MAHARASHTRA,Buldhana,472.0,one,exact,Buldhana,Semi-critical,72.01,95085.36,89806.78,63913.7,Safe
MAHARASHTRA,Gondiya,476.0,one,fuzzy,Gondiya,Safe,29.0,66761.74,62584.16,18146.43,
MAHARASHTRA,Dharashiv,488.0,one,alias,Dharashiv,Safe,59.56,90397.35,85865.21,51139.98,
MAHARASHTRA,Satara,494.0,one,exact,Satara,Safe,55.82,130425.67,117684.96,65691.12,
MAHARASHTRA,Jalgaon,478.0,one,exact,Jalgaon,Semi-critical,77.46,145345.41,137586.26,106573.72,
MAHARASHTRA,Beed,470.0,one,exact,Beed,Safe,57.95,130894.92,124350.19,72058.74,
MAHARASHTRA,Ahilyanagar,466.0,one,alias,Ahilyanagar,Semi-critical,75.8,162588.85,154450.72,116503.47,Safe
MAHARASHTRA,Akola,467.0,one,exact,Akola,Safe,60.88,46248.07,43080.05,24601.2,Safe
MAHARASHTRA,Amravati,468.0,one,exact,Amravati,Semi-critical,75.01,95320.02,88598.37,63332.8,Safe
MAHARASHTRA,Ch.Sambhajinagar,469.0,one,alias,Ch.Sambhajinagar,Safe,62.22,105328.52,100028.88,62241.16,
MAHARASHTRA,Bhandara,471.0,one,exact,Bhandara,Safe,30.24,94137.82,87051.92,26325.57,
MAHARASHTRA,Chandrapur,473.0,one,exact,Chandrapur,Safe,29.67,117177.41,111065.05,32949.6,
MAHARASHTRA,Dhule,474.0,one,exact,Dhule,Safe,51.88,72542.53,68905.69,35746.79,
MAHARASHTRA,Gadchiroli,475.0,one,exact,Gadchiroli,Safe,26.09,107883.02,101989.98,26607.81,
MAHARASHTRA,Hingoli,477.0,one,exact,Hingoli,Safe,37.18,90634.33,86102.57,32011.85,
MAHARASHTRA,Jalna,479.0,one,exact,Jalna,Safe,33.97,112461.2,106824.06,36286.02,
MAHARASHTRA,Kolhapur,480.0,one,exact,Kolhapur,Safe,42.77,136242.94,127559.25,54555.19,
MAHARASHTRA,Latur,481.0,one,exact,Latur,Safe,50.92,71339.48,67772.51,34506.71,
MAHARASHTRA,Nagpur,484.0,one,exact,Nagpur,Safe,45.3,149475.71,140516.79,63647.91,
MAHARASHTRA,Nanded,485.0,one,exact,Nanded,Safe,32.48,124917.23,118400.74,38458.05,
MAHARASHTRA,Nandurbar,486.0,one,exact,Nandurbar,Safe,43.25,51977.38,49322.2,21333.93,
MAHARASHTRA,Nashik,487.0,one,exact,Nashik,Safe,56.81,203355.31,192238.71,109203.76,
MAHARASHTRA,Palghar,665.0,one,exact,Palghar,Safe,24.8,22340.67,20946.43,5193.8,
MAHARASHTRA,Parbhani,489.0,one,exact,Parbhani,Safe,46.48,87271.45,82899.57,38535.6,
MAHARASHTRA,Pune,490.0,one,exact,Pune,Safe,63.73,197510.85,183100.95,118443.9,Over-exploited
MAHARASHTRA,Raigad,491.0,one,exact,Raigad,Safe,18.27,37950.61,36011.22,6579.81,
MAHARASHTRA,Ratnagiri,492.0,one,exact,Ratnagiri,Safe,17.92,41362.45,39040.16,6997.46,
MAHARASHTRA,Sangli,493.0,one,exact,Sangli,Safe,52.94,144954.83,136020.09,70326.65,Safe
MAHARASHTRA,Sindhudurg,495.0,one,exact,Sindhudurg,Safe,44.68,23485.27,22304.83,9966.77,
MAHARASHTRA,Solapur,496.0,one,exact,Solapur,Safe,68.43,150458.44,142935.53,97804.81,
MAHARASHTRA,Thane,497.0,one,exact,Thane,Safe,19.46,16941.81,16081.05,3129.66,
MAHARASHTRA,Wardha,498.0,one,exact,Wardha,Safe,46.24,96996.13,92047.77,42562.41,
MAHARASHTRA,Washim,499.0,one,exact,Washim,Safe,51.79,71320.52,67285.61,34844.62,
MAHARASHTRA,Yavatmal,500.0,one,exact,Yavatmal,Safe,37.82,125960.31,119252.87,45104.62,
MAHARASHTRA,Mumbai,482.0,one,exact,Mumbai,Safe,47.06,1521.39,1445.32,680.16,
MAHARASHTRA,Mumbai Suburban,483.0,one,exact,Mumbai Suburban,Safe,33.94,7013.94,6580.83,2233.85,
SIKKIM,Gangtok,225.0,one,exact,Gangtok,Safe,6.7,6817.26,6135.51,411.23,
SIKKIM,Mangan,226.0,one,exact,Mangan,Safe,3.14,3716.59,3344.94,105.12,
SIKKIM,Gyalsingh,228.0,one,fuzzy,Gyalsingh,Safe,6.97,3793.05,3413.76,237.89,
SIKKIM,Soreng,742.0,one,exact,Soreng,Safe,7.89,1270.97,1143.87,90.29,
SIKKIM,Namchi,227.0,one,exact,Namchi,Safe,6.72,3545.96,3191.38,214.51,
SIKKIM,Pakyong,741.0,one,exact,Pakyong,Safe,4.88,5023.53,4521.18,220.65,
TELANGANA,Jagtial,681.0,one,fuzzy,Jagtial,Safe,44.51,89107.13,80497.63,35833.45,
TELANGANA,Karimnagar,508.0,one,exact,Karimnagar,Safe,37.0,92863.09,83784.83,30999.74,
TELANGANA,Kamareddy,685.0,one,exact,Kamareddy,Safe,48.19,76162.66,198508.71,33263.19,
TELANGANA,Medak,513.0,one,exact,Medak,Safe,65.68,67392.19,60926.89,40015.46,
TELANGANA,Nirmal,680.0,one,exact,Nirmal,Safe,35.89,78174.07,70717.42,25377.6,
TELANGANA,Mahabubnagar,512.0,one,exact,Mahabubnagar,Semi-critical,73.56,44264.06,40157.87,29541.11,
TELANGANA,Narayanpet,721.0,one,exact,Narayanpet,Safe,41.5,35752.04,32273.95,13394.68,
TELANGANA,Suryapet,696.0,one,exact,Suryapet,Safe,40.99,131245.88,381625.55,48557.36,
TELANGANA,Adilabad,501.0,one,exact,Adilabad,Safe,37.57,61729.3,55929.7,21010.53,
TELANGANA,Khammam,509.0,one,exact,Khammam,Safe,41.18,133615.68,120774.9,49734.58,
TELANGANA,Jayashankar Bhupalapally,687.0,one,exact,Jayashankar Bhupalapally,Safe,43.63,51820.14,46817.07,20424.85,
TELANGANA,Nalgonda,514.0,one,exact,Nalgonda,Safe,49.62,155433.88,520118.51,69650.8,
TELANGANA,Wanaparthy,693.0,one,exact,Wanaparthy,Safe,43.64,80584.23,164460.34,31813.56,
TELANGANA,Rangareddy,518.0,one,exact,Rangareddy,Safe,62.72,61679.17,372108.59,34851.49,
TELANGANA,Rajanna Siricilla,683.0,one,fuzzy,Rajanna Siricilla,Safe,68.09,48027.07,43469.25,29597.02,
TELANGANA,Komarambheem Asifabad,699.0,one,fuzzy,Komarambheem Asifabad,Safe,22.04,69460.74,63040.95,13891.58,
TELANGANA,Mulug,720.0,one,fuzzy,Mulug,Safe,28.82,54502.83,49552.43,14278.96,
TELANGANA,Hyderabad,507.0,one,exact,Hyderabad,Over-exploited,101.94,6651.33,77867.37,6166.4,
TELANGANA,Peddapalle,682.0,one,fuzzy,Peddapalle,Safe,48.79,56030.56,50667.93,24722.56,
TELANGANA,Bhadradri Kothagudem,690.0,one,exact,Bhadradri Kothagudem,Safe,32.04,120535.41,109247.92,35006.65,
TELANGANA,Jangaon,689.0,one,fuzzy,Jangaon,Safe,58.18,42562.62,38394.68,22338.59,
TELANGANA,Jogulamba Gadwal,695.0,one,exact,Jogulamba Gadwal,Safe,28.29,59147.35,53464.46,15125.09,
TELANGANA,Mahabubabad,688.0,one,exact,Mahabubabad,Safe,53.86,63636.4,57560.28,31000.5,
TELANGANA,Mancherial,684.0,one,exact,Mancherial,Safe,37.83,108882.54,98562.74,37287.81,
TELANGANA,Medchal Malkajgiri,700.0,one,exact,Medchal Malkajgiri,Semi-critical,71.26,11946.99,225554.39,7662.33,
TELANGANA,Nagarkurnool,694.0,one,exact,Nagarkurnool,Safe,38.11,102648.39,344777.4,35455.46,
TELANGANA,Nizamabad,516.0,one,exact,Nizamabad,Safe,51.05,112754.95,461785.65,52203.34,
TELANGANA,Sangareddy,691.0,one,exact,Sangareddy,Safe,45.63,48232.19,43469.68,19833.51,
TELANGANA,Siddipet,692.0,one,exact,Siddipet,Safe,67.94,58121.41,168676.48,35748.67,
TELANGANA,Vikarabad,698.0,one,exact,Vikarabad,Safe,62.39,40986.42,192632.72,23015.74,
TELANGANA,Warangal,522.0,one,exact,Warangal,Safe,56.3,60468.18,54663.0,30774.73,
TELANGANA,Hanumakonda,686.0,one,exact,Hanumakonda,Safe,56.3,57513.18,51838.85,29183.37,
TELANGANA,Yadadri Bhuvanagiri,697.0,one,exact,Yadadri Bhuvanagiri,Safe,65.41,81607.28,317445.51,48135.43,
ANDHRA PRADESH,Sri Potti Sriramulu Nellore,515.0,one,alias,Sri Potti Sriramulu Nellore,Safe,32.35,193218.3,1230792.09,59444.46,
ANDHRA PRADESH,Markapuram,,child_of,not_on_map,Markapuram,Safe,58.87,57655.93,3961579.63,32243.95,
ANDHRA PRADESH,Nandyal,755.0,one,exact,Nandyal,Safe,9.0,154675.32,146941.38,13230.39,
ANDHRA PRADESH,Srikakulam,519.0,one,exact,Srikakulam,Safe,33.7,132575.56,125946.25,41896.27,Safe
ANDHRA PRADESH,Vizianagaram,521.0,one,exact,Vizianagaram,Safe,29.07,142363.3,2135551.3,39325.21,
ANDHRA PRADESH,Sri Sathya Sai,754.0,one,exact,Sri Sathya Sai,Safe,56.36,126538.12,2186901.48,67745.16,
ANDHRA PRADESH,Alluri Sitharama Raju,745.0,one,exact,Alluri Sitharama Raju,Safe,6.69,18416.66,17495.46,1170.46,
ANDHRA PRADESH,Konaseema,747.0,one,exact,Konaseema,Safe,19.07,123463.75,117290.59,16340.6,Safe
ANDHRA PRADESH,Eluru,748.0,one,exact,Eluru,Safe,37.57,159186.29,5345103.76,49780.51,Safe
ANDHRA PRADESH,West Godavari,523.0,one,exact,West Godavari,Safe,10.29,196063.83,186260.58,8782.44,Safe
ANDHRA PRADESH,Bapatla,750.0,one,exact,Bapatla,Safe,21.53,114150.07,792004.55,13879.7,Safe
ANDHRA PRADESH,Polavaram,,child_of,not_on_map,Polavaram,Safe,2.85,27483.05,26108.75,743.33,
ANDHRA PRADESH,Palnadu,751.0,one,exact,Palnadu,Safe,31.54,127083.29,1775508.15,37839.83,Safe
ANDHRA PRADESH,Kakinada,746.0,one,exact,Kakinada,Safe,16.8,145784.17,138494.77,21610.65,Safe
ANDHRA PRADESH,Y.S.R Kadapa,504.0,one,alias,Y.S.R Kadapa,Safe,42.51,171063.82,162510.3,69090.17,
ANDHRA PRADESH,Ananthapuramu,502.0,one,alias,Ananthapuramu,Safe,51.02,124304.31,118088.91,60244.2,
ANDHRA PRADESH,CHITTOOR,503.0,one,exact,CHITTOOR,Safe,67.24,59514.05,1444470.38,38018.48,
ANDHRA PRADESH,East Godavari,505.0,one,exact,East Godavari,Safe,25.84,164989.06,156739.55,40507.32,
ANDHRA PRADESH,Guntur,506.0,one,exact,Guntur,Safe,20.7,72991.67,69341.99,10703.93,Safe
ANDHRA PRADESH,Krishna,510.0,one,exact,Krishna,Safe,33.69,188377.55,2459515.2,51663.03,Safe
ANDHRA PRADESH,Kurnool,511.0,one,exact,Kurnool,Safe,37.76,63722.49,60536.42,22858.7,
ANDHRA PRADESH,PRAKASAM,517.0,one,exact,PRAKASAM,Safe,29.73,77992.29,2233773.63,21495.93,Safe
ANDHRA PRADESH,Visakhapatnam,520.0,one,fuzzy,Visakhapatnam,Safe,46.16,13298.78,760139.95,5831.65,
ANDHRA PRADESH,Anakapalli,744.0,one,exact,Anakapalli,Safe,30.6,81651.55,1322042.61,23733.95,
ANDHRA PRADESH,Annamayya,753.0,one,exact,Annamayya,Safe,43.86,78955.9,662618.78,32900.85,
ANDHRA PRADESH,NTR,749.0,one,exact,NTR,Safe,33.99,83364.47,79196.13,26916.2,
ANDHRA PRADESH,Parvathipuram Manyam,743.0,one,exact,Parvathipuram Manyam,Safe,26.01,96637.34,91805.31,23875.07,
ANDHRA PRADESH,TIRUPATHI,752.0,one,fuzzy,TIRUPATHI,Safe,36.24,185892.86,3572404.24,60832.35,Safe
KARNATAKA,Yadgir,635.0,one,exact,Yadgir,Safe,38.64,59813.04,53831.75,20801.69,
KARNATAKA,Udupi,549.0,one,exact,Udupi,Safe,33.0,54854.82,49369.32,16290.94,
KARNATAKA,Uttara Kannada,550.0,one,exact,Uttara Kannada,Safe,31.52,93214.77,84328.01,26583.65,
KARNATAKA,Bengaluru (Rural),526.0,one,exact,Bengaluru (Rural),Over-exploited,148.31,18752.1,16876.87,25029.88,
KARNATAKA,Chamarajanagara,531.0,one,exact,Chamarajanagara,Critical,90.16,39945.71,36303.42,32730.05,
KARNATAKA,Koppal,543.0,one,exact,Koppal,Safe,59.26,69532.56,62583.12,37089.1,
KARNATAKA,Gadag,537.0,one,exact,Gadag,Semi-critical,76.31,35848.94,32922.86,25123.93,
KARNATAKA,Bagalkot,524.0,one,fuzzy,Bagalkot,Semi-critical,75.94,67099.52,60389.53,45858.86,
KARNATAKA,Hassan,539.0,one,exact,Hassan,Safe,54.19,116983.31,105284.98,57055.1,
KARNATAKA,Chikkamagaluru,532.0,one,exact,Chikkamagaluru,Safe,54.77,68519.09,62511.43,34239.02,
KARNATAKA,Davanagere,535.0,one,fuzzy,Davanagere,Semi-critical,82.11,73757.68,66381.91,54507.94,
KARNATAKA,Vijayanagara,738.0,one,fuzzy,Vijayanagara,Semi-critical,86.4,41568.25,37567.26,32457.19,
KARNATAKA,Bengaluru South,631.0,one,alias,Bengaluru South,Semi-critical,89.7,51174.35,46121.66,41368.84,
KARNATAKA,Chitradurga,533.0,one,exact,Chitradurga,Over-exploited,116.14,51147.95,46033.15,53462.61,
KARNATAKA,Vijayapura,530.0,one,exact,Vijayapura,Safe,46.11,107893.72,97503.98,44963.61,
KARNATAKA,Bengaluru (Urban),525.0,one,exact,Bengaluru (Urban),Over-exploited,179.4,34755.62,31280.06,56116.9,
KARNATAKA,Belagavi,527.0,one,exact,Belagavi,Semi-critical,71.34,118361.69,106893.68,76252.66,
KARNATAKA,Ballari,528.0,one,exact,Ballari,Safe,31.4,64712.88,58241.6,18286.54,
KARNATAKA,Bidar,529.0,one,exact,Bidar,Safe,69.72,37671.98,33904.77,23639.59,
KARNATAKA,Chikkaballapura,630.0,one,exact,Chikkaballapura,Over-exploited,151.41,36351.04,32715.93,49536.44,
KARNATAKA,Dakshina Kannada,534.0,one,exact,Dakshina Kannada,Safe,46.41,73699.56,66329.61,30784.6,
KARNATAKA,Dharwad,536.0,one,exact,Dharwad,Safe,54.33,35276.41,31748.76,17249.54,
KARNATAKA,Haveri,540.0,one,exact,Haveri,Safe,63.79,64958.29,58518.39,37329.9,
KARNATAKA,Kalburgi,538.0,one,fuzzy,Kalburgi,Safe,48.81,74119.62,67195.19,32798.96,
KARNATAKA,Kodagu,541.0,one,exact,Kodagu,Safe,35.25,23968.37,21702.6,7650.11,
KARNATAKA,Kolara,542.0,one,fuzzy,Kolara,Over-exploited,185.86,36985.0,33286.5,61864.89,
KARNATAKA,Mandya,544.0,one,exact,Mandya,Safe,66.09,69341.38,62494.93,41300.21,
KARNATAKA,Mysuru,545.0,one,exact,Mysuru,Safe,46.39,72697.66,65847.23,30546.65,
KARNATAKA,Raichur,546.0,one,exact,Raichur,Safe,42.19,91279.94,82151.93,34658.28,
KARNATAKA,Shivamogga,547.0,one,exact,Shivamogga,Safe,42.54,109911.38,98920.24,42083.14,
KARNATAKA,Tumakuru,548.0,one,exact,Tumakuru,Critical,91.08,85847.88,77656.62,70726.45,
HIMACHAL PRADESH,SLN,25.0,one,alias,SLN,Safe,62.44,14353.62,12918.26,8066.43,
HIMACHAL PRADESH,KIN,19.0,one,alias,KIN,,,,,,
HIMACHAL PRADESH,SRM,24.0,one,alias,SRM,Safe,29.12,9348.67,8779.7,2557.07,
HIMACHAL PRADESH,KNG,18.0,one,alias,KNG,Safe,28.13,59354.88,54199.95,15246.25,
HIMACHAL PRADESH,KUL,20.0,one,alias,KUL,,,,,,
HIMACHAL PRADESH,UNA,26.0,one,exact,UNA,Safe,56.66,23934.63,22651.26,12834.19,
HIMACHAL PRADESH,MND,22.0,one,alias,MND,Safe,37.97,3670.6,3303.54,1254.49,
HIMACHAL PRADESH,SHM,23.0,one,alias,SHM,,,,,,
HIMACHAL PRADESH,BLS,15.0,one,alias,BLS,,,,,,
HIMACHAL PRADESH,CHM,16.0,one,alias,CHM,,,,,,
HIMACHAL PRADESH,LAS,21.0,one,alias,LAS,,,,,,
HIMACHAL PRADESH,HMP,17.0,one,alias,HMP,,,,,,
DELHI,NORTH,80.0,one,exact,NORTH,Safe,66.78,1812.92,1656.48,1106.25,
DELHI,SOUTH,83.0,one,exact,SOUTH,Over-exploited,121.46,4867.3,4380.55,5320.5,
DELHI,CENTRAL NORTH,,one,unmatched,CENTRAL NORTH,Semi-critical,71.21,1665.12,1498.61,1067.13,
DELHI,SOUTH EAST,670.0,one,exact,SOUTH EAST,Semi-critical,79.94,2114.79,1903.31,1521.57,
DELHI,SOUTH WEST,84.0,one,exact,SOUTH WEST,Over-exploited,107.77,8558.23,7835.26,8443.82,
DELHI,NEW DELHI,79.0,one,exact,NEW DELHI,Over-exploited,107.77,1641.66,1477.49,1592.26,
DELHI,CENTRAL,77.0,one,exact,CENTRAL,Semi-critical,88.04,930.54,837.48,737.33,
DELHI,NORTH EAST,81.0,one,exact,NORTH EAST,Over-exploited,107.33,2631.64,2368.49,2542.16,
DELHI,EAST,78.0,one,exact,EAST,Over-exploited,104.51,2388.08,2149.27,2246.13,
DELHI,NORTH WEST,82.0,one,exact,NORTH WEST,Semi-critical,84.36,2202.4,2056.21,1734.64,
DELHI,OLD DELHI,,one,unmatched,OLD DELHI,Semi-critical,84.44,1058.29,952.46,804.21,
DELHI,OUTER NORTH,,one,unmatched,OUTER NORTH,Semi-critical,82.66,4834.76,4351.28,3596.72,
DELHI,WEST,85.0,one,exact,WEST,Critical,93.44,1996.51,1832.66,1712.39,
ODISHA,KANDHAMAL,359.0,one,exact,KANDHAMAL,Safe,31.89,37458.56,34614.41,11038.11,
ODISHA,BHADRAK,348.0,one,exact,BHADRAK,Safe,62.13,96126.03,86513.43,38236.53,Safe
ODISHA,KEONJHAR,361.0,one,alias,KEONJHAR,Safe,46.13,92322.14,84249.17,38861.28,
ODISHA,NUAPADA,368.0,one,exact,NUAPADA,Safe,64.53,33621.57,30884.71,19930.67,
ODISHA,BOUDH,349.0,one,exact,BOUDH,Safe,46.37,25515.77,23407.0,10853.7,
ODISHA,BALASORE,346.0,one,alias,BALASORE,Safe,60.76,167698.49,153957.1,81459.56,Safe
ODISHA,NABARANGAPUR,366.0,one,fuzzy,NABARANGAPUR,Safe,39.19,59873.18,54404.74,21323.11,
ODISHA,SAMBALPUR,371.0,one,exact,SAMBALPUR,Safe,36.02,65449.97,59896.5,21574.55,
ODISHA,JHARSUGUDA,357.0,one,exact,JHARSUGUDA,Safe,53.33,20488.01,18840.77,10048.34,
ODISHA,JAGATSINGHPUR,355.0,one,fuzzy,JAGATSINGHPUR,Safe,59.76,66026.98,59694.82,30476.43,Safe
ODISHA,RAYAGADA,370.0,one,exact,RAYAGADA,Safe,38.29,35438.49,32733.33,12534.93,
ODISHA,DEOGARH,351.0,one,exact,DEOGARH,Safe,58.74,33129.28,29816.35,17514.92,
ODISHA,NAYAGARH,367.0,one,exact,NAYAGARH,Safe,48.85,38376.6,35320.26,17254.01,
ODISHA,KENDRAPARA,360.0,one,exact,KENDRAPARA,Safe,64.26,62526.7,57421.32,16045.86,Safe
ODISHA,MAYURBHANJ,365.0,one,exact,MAYURBHANJ,Safe,46.12,145623.63,135226.44,62359.9,
ODISHA,KORAPUT,363.0,one,exact,KORAPUT,Safe,27.34,56408.91,51976.55,14210.71,
ODISHA,CUTTACK,350.0,one,exact,CUTTACK,Safe,48.07,77669.64,70309.27,33797.68,
ODISHA,KHURDA,362.0,one,alias,KHURDA,Safe,63.93,47954.0,44120.78,28205.93,
ODISHA,DHENKANAL,352.0,one,exact,DHENKANAL,Safe,38.7,48262.23,44410.61,17188.63,
ODISHA,JAJPUR,356.0,one,fuzzy,JAJPUR,Safe,65.32,62421.08,57813.99,36646.03,Safe
ODISHA,SUBARNAPUR,372.0,one,alias,SUBARNAPUR,Safe,52.32,28596.16,26299.9,13759.01,
ODISHA,GAJAPATI,353.0,one,exact,GAJAPATI,Safe,37.07,22360.56,20124.49,7460.42,
ODISHA,BOLANGIR,345.0,one,fuzzy,BOLANGIR,Safe,52.67,60659.32,55654.05,29313.36,
ODISHA,SUNDARGARH,373.0,one,exact,SUNDARGARH,Safe,45.9,90463.86,83663.1,38401.53,
ODISHA,GANJAM,354.0,one,exact,GANJAM,Safe,45.14,107359.12,97958.0,43431.67,Safe
ODISHA,MALKANGIRI,364.0,one,exact,MALKANGIRI,Safe,22.08,36911.55,33734.65,7449.04,
ODISHA,ANGUL,344.0,one,fuzzy,ANGUL,Safe,54.43,58579.87,54585.07,29708.17,
ODISHA,KALAHANDI,358.0,one,exact,KALAHANDI,Safe,45.54,67101.42,61758.79,28122.06,
ODISHA,BARGARH,347.0,one,exact,BARGARH,Safe,56.56,67396.52,62951.89,35606.39,
ODISHA,PURI,369.0,one,exact,PURI,Safe,55.51,76944.13,70761.37,35832.07,Safe
ASSAM,DHEMAJI,284.0,one,exact,DHEMAJI,Safe,2.17,138229.45,3766871.2,2239.92,
ASSAM,BONGAIGAON,281.0,one,exact,BONGAIGAON,Safe,20.89,58100.7,596542.33,10082.64,
ASSAM,JORHAT,290.0,one,exact,JORHAT,Safe,6.61,86677.05,1976413.01,3846.45,
ASSAM,KAMRUP (M),618.0,one,alias,KAMRUP (M),Safe,25.15,19570.12,704636.73,3951.16,
ASSAM,KOKRAJHAR,294.0,one,exact,KOKRAJHAR,Safe,2.62,196520.8,1540969.65,4315.02,
ASSAM,DARRANG,283.0,one,exact,DARRANG,Safe,18.72,55064.15,1286844.02,8217.75,
ASSAM,HAILAKANDI,289.0,one,exact,HAILAKANDI,Safe,5.97,26469.5,158464.48,612.81,
ASSAM,KAMRUP,291.0,one,exact,KAMRUP,Safe,10.26,88070.55,1517758.19,6364.62,
ASSAM,KARBI ANGLONG,292.0,one,exact,KARBI ANGLONG,Safe,1.99,169575.8,1969259.77,2917.07,
ASSAM,NALBARI,298.0,one,exact,NALBARI,Safe,10.75,40965.09,611768.16,2776.95,
ASSAM,SONITPUR,301.0,one,exact,SONITPUR,Safe,7.82,139672.66,6017317.6,8428.38,
ASSAM,TINSUKIA,302.0,one,exact,TINSUKIA,Safe,5.93,133777.01,1945580.48,5794.75,
ASSAM,SIBSAGAR,300.0,one,alias,SIBSAGAR,Safe,8.69,77262.38,1218643.95,3360.81,
ASSAM,LAKHIMPUR,295.0,one,exact,LAKHIMPUR,Safe,7.99,103860.65,523236.17,5360.7,
ASSAM,MORIGAON,296.0,one,fuzzy,MORIGAON,Safe,24.95,41792.19,1216470.17,6927.07,
ASSAM,DHUBRI,285.0,one,exact,DHUBRI,Safe,25.17,111972.81,743697.84,24606.8,
ASSAM,NAGAON,297.0,one,exact,NAGAON,Safe,13.31,98284.48,1248178.87,9528.36,
ASSAM,DIMA HASAO,299.0,one,exact,DIMA HASAO,Safe,0.8,33950.09,382005.08,243.74,
ASSAM,CHIRANG,612.0,one,exact,CHIRANG,Safe,2.06,118122.23,1521502.75,2122.99,
ASSAM,DIBRUGARH,286.0,one,exact,DIBRUGARH,Safe,4.18,115313.61,3948889.93,3359.94,
ASSAM,GOALPARA,287.0,one,exact,GOALPARA,Safe,14.83,84652.1,1029706.49,9889.93,
ASSAM,UDALGURI,617.0,one,exact,UDALGURI,Safe,3.55,79833.79,1556619.27,1891.68,
ASSAM,BAKSA,616.0,one,exact,BAKSA,Safe,3.3,113225.81,1893573.5,2927.59,
ASSAM,CACHAR,282.0,one,exact,CACHAR,Safe,3.79,82090.15,428378.17,1538.86,
ASSAM,GOLAGHAT,288.0,one,exact,GOLAGHAT,Safe,5.82,92179.7,891634.68,4600.07,
ASSAM,BARPETA,280.0,one,exact,BARPETA,Safe,28.25,115569.66,812475.4,27037.75,
ASSAM,KARIMGANJ,293.0,one,exact,KARIMGANJ,Safe,5.29,58167.26,274695.74,1736.96,
JHARKHAND,GODDA,330.0,one,exact,GODDA,Safe,16.61,36665.17,130486.83,5510.49,
JHARKHAND,GIRIDIH,329.0,one,exact,GIRIDIH,Safe,34.96,46923.9,254206.15,15213.1,
JHARKHAND,SIMDEGA,342.0,one,exact,SIMDEGA,Safe,18.35,26646.56,190649.38,4401.18,
JHARKHAND,GARHWA,328.0,one,exact,GARHWA,Safe,31.24,40987.53,212774.45,11720.05,
JHARKHAND,PAKUR,337.0,one,exact,PAKUR,Safe,16.9,29775.61,107240.9,4569.72,
JHARKHAND,RAMGARH,607.0,one,exact,RAMGARH,Safe,69.11,12872.02,71364.12,8006.42,
JHARKHAND,SAHIBGANJ,340.0,one,fuzzy,SAHIBGANJ,Safe,11.09,50876.33,299402.83,5120.3,
JHARKHAND,EAST SINGHBHUM,327.0,one,alias,EAST SINGHBHUM,Safe,24.67,42533.89,213471.24,9494.0,
JHARKHAND,DUMKA,326.0,one,exact,DUMKA,Safe,23.43,33631.61,199071.43,7093.07,
JHARKHAND,WEST SINGHBHUM,343.0,one,exact,WEST SINGHBHUM,Safe,16.37,44649.77,299810.22,6777.2,
JHARKHAND,KHUNTI,606.0,one,exact,KHUNTI,Safe,22.88,17732.24,136674.1,3650.69,
JHARKHAND,JAMTARA,333.0,one,exact,JAMTARA,Safe,40.89,17122.64,97896.24,6394.79,
JHARKHAND,KODERMA,334.0,one,exact,KODERMA,Safe,44.16,11358.72,70930.22,4564.74,
JHARKHAND,LATEHAR,335.0,one,exact,LATEHAR,Safe,23.54,37103.96,196175.64,8086.63,
JHARKHAND,LOHARDAGA,336.0,one,exact,LOHARDAGA,Safe,19.54,19555.63,101637.98,3439.7,
JHARKHAND,PALAMU,338.0,one,exact,PALAMU,Safe,33.06,40680.66,224803.4,12306.27,
JHARKHAND,RANCHI,339.0,one,exact,RANCHI,Safe,38.3,53533.01,266628.47,18651.98,
JHARKHAND,SARAIKELA KHARSAWAN,341.0,one,exact,SARAIKELA KHARSAWAN,Safe,30.65,19543.47,161560.84,5539.86,
JHARKHAND,HAZARIBAGH,332.0,one,exact,HAZARIBAGH,Safe,33.93,40489.96,224891.05,12651.67,
JHARKHAND,DEOGHAR,324.0,one,exact,DEOGHAR,Safe,55.63,27933.3,139517.63,14640.78,
JHARKHAND,CHATRA,323.0,one,exact,CHATRA,Safe,32.8,30751.71,192993.04,9191.22,
JHARKHAND,DHANBAD,325.0,one,exact,DHANBAD,Semi-critical,72.18,27325.41,113467.86,18130.26,
JHARKHAND,GUMLA,331.0,one,exact,GUMLA,Safe,17.1,40874.53,282602.66,6428.16,
JHARKHAND,BOKARO,322.0,one,exact,BOKARO,Safe,58.44,24192.86,151020.52,12929.68,
UTTARAKHAND,DEHRADUN,49.0,one,exact,DEHRADUN,Safe,44.97,51948.19,47277.11,21260.54,
UTTARAKHAND,HARIDWAR,50.0,one,exact,HARIDWAR,Safe,65.75,47380.13,43460.14,28573.95,
UTTARAKHAND,NAINITAL,51.0,one,exact,NAINITAL,Safe,54.57,28108.27,25297.44,13804.87,
UTTARAKHAND,UDHAMSINGH NAGAR,56.0,one,fuzzy,UDHAMSINGH NAGAR,Safe,56.7,79513.4,74680.39,42344.51,
MANIPUR,IMPHAL EAST,255.0,one,exact,IMPHAL EAST,Safe,9.76,12093.82,189428.84,1061.83,
MANIPUR,SENAPATI,257.0,one,exact,SENAPATI,Hilly area,,0.0,0.0,,Hilly area
MANIPUR,TAMENGLONG,258.0,one,exact,TAMENGLONG,Hilly area,,0.0,0.0,,Hilly area
MANIPUR,CHANDEL,253.0,one,exact,CHANDEL,Hilly area,,0.0,0.0,,Hilly area
MANIPUR,CHURACHANPUR,254.0,one,fuzzy,CHURACHANPUR,Safe,7.75,6643.47,160059.12,463.28,
MANIPUR,IMPHAL WEST,256.0,one,exact,IMPHAL WEST,Safe,10.78,8560.21,196264.19,830.18,
MANIPUR,UKHRUL,260.0,one,exact,UKHRUL,Hilly area,,0.0,0.0,,Hilly area
MANIPUR,BISHNUPUR,252.0,one,exact,BISHNUPUR,Safe,9.06,7013.22,196391.9,571.83,
MANIPUR,THOUBAL,259.0,one,exact,THOUBAL,Safe,12.86,5743.73,225969.36,664.74,
TAMILNADU,THOOTHUKUDI,594.0,one,alias,THOOTHUKUDI,Safe,28.21,85290.03,77137.38,21760.85,
TAMILNADU,NAMAKKAL,580.0,one,exact,NAMAKKAL,Over-exploited,121.7,56083.06,50598.08,61576.92,
TAMILNADU,TENKASI,733.0,one,exact,TENKASI,Semi-critical,77.44,57912.34,120845.59,40431.92,
TAMILNADU,VELLORE,595.0,one,exact,VELLORE,Over-exploited,117.3,20604.5,18765.64,22012.01,
TAMILNADU,KRISHNAGIRI,577.0,one,exact,KRISHNAGIRI,Critical,97.13,50712.04,5117246.39,44329.84,
TAMILNADU,NAGAPATTINAM,579.0,one,exact,NAGAPATTINAM,Saline,-100000.0,63487.05,57138.36,8873.04,Saline
TAMILNADU,RANIPET,731.0,one,exact,RANIPET,Semi-critical,82.55,39624.69,36031.42,29744.87,
TAMILNADU,PERAMBALUR,581.0,one,exact,PERAMBALUR,Over-exploited,114.65,26671.03,24003.93,27519.6,
TAMILNADU,TIRUVANNAMALAI,593.0,one,exact,TIRUVANNAMALAI,Semi-critical,84.1,154259.14,2393818.35,117025.35,
TAMILNADU,DINDIGUL,572.0,one,exact,DINDIGUL,Over-exploited,115.68,60132.54,54211.03,62711.57,
TAMILNADU,KARUR,576.0,one,exact,KARUR,Critical,99.64,33405.33,30064.78,29957.12,
TAMILNADU,KANCHEEPURAM,574.0,one,fuzzy,KANCHEEPURAM,Safe,46.43,55748.62,50262.19,23338.91,
TAMILNADU,KANNIYAKUMARI,575.0,one,exact,KANNIYAKUMARI,Safe,14.11,35316.04,108784.63,4492.68,
TAMILNADU,KALLAKURICHCHI,729.0,one,fuzzy,KALLAKURICHCHI,Semi-critical,80.11,66448.82,60289.69,48296.73,
TAMILNADU,TIRUCHIRAPPALLI,591.0,one,exact,TIRUCHIRAPPALLI,Semi-critical,75.04,80078.77,72227.05,54198.3,
TAMILNADU,ARIYALUR,610.0,one,exact,ARIYALUR,Safe,53.3,37776.43,34454.69,18363.17,
TAMILNADU,TIRUVALLUR,589.0,one,fuzzy,TIRUVALLUR,Safe,57.03,83032.65,75936.49,43139.12,Safe
TAMILNADU,THENI,588.0,one,exact,THENI,Semi-critical,75.28,33382.82,30044.52,22617.64,
TAMILNADU,SALEM,584.0,one,exact,SALEM,Over-exploited,150.56,51662.72,46516.44,70033.38,
TAMILNADU,CHENGALPATTU,730.0,one,exact,CHENGALPATTU,Safe,65.14,64505.5,58232.56,37934.87,
TAMILNADU,TIRUPATHUR,732.0,one,exact,TIRUPATHUR,Over-exploited,140.64,13692.2,12322.95,17330.97,
TAMILNADU,CUDDALORE,570.0,one,exact,CUDDALORE,Safe,56.91,130313.69,118451.07,67415.0,
TAMILNADU,VIRUDHUNAGAR,597.0,one,exact,VIRUDHUNAGAR,Safe,59.64,59671.78,53999.19,32207.06,
TAMILNADU,THANJAVUR,586.0,one,exact,THANJAVUR,Over-exploited,102.09,129129.92,116626.23,119063.02,
TAMILNADU,COIMBATORE,569.0,one,exact,COIMBATORE,Critical,98.23,62006.21,211607.16,55144.55,
TAMILNADU,MAYILADUTHURAI,735.0,one,exact,MAYILADUTHURAI,Over-exploited,114.11,41067.99,37006.33,41868.24,Semi-critical
TAMILNADU,TIRUPPUR,634.0,one,exact,TIRUPPUR,Semi-critical,85.5,82955.12,277532.18,63880.57,
TAMILNADU,DHARMAPURI,571.0,one,exact,DHARMAPURI,Semi-critical,86.77,48053.92,43653.01,37877.4,
TAMILNADU,VILLUPURAM,596.0,one,exact,VILLUPURAM,Semi-critical,89.67,99300.15,89957.66,80669.47,none
TAMILNADU,RAMANATHAPURAM,583.0,one,exact,RAMANATHAPURAM,Safe,13.2,74218.23,66796.4,8909.09,Safe
TAMILNADU,THE NILGIRIS,587.0,one,exact,THE NILGIRIS,Safe,9.52,8538.97,7685.06,731.78,
TAMILNADU,MADURAI,578.0,one,exact,MADURAI,Safe,64.75,84605.42,78491.44,50826.85,
TAMILNADU,THIRUVARUR,590.0,one,exact,THIRUVARUR,Safe,54.77,73923.38,66531.01,24970.43,Safe
TAMILNADU,CHENNAI,568.0,one,exact,CHENNAI,Over-exploited,120.62,8790.59,7986.02,9633.04,
TAMILNADU,ERODE,573.0,one,exact,ERODE,Semi-critical,75.85,94061.99,84873.38,64377.67,
TAMILNADU,PUDUKKOTTAI,582.0,one,exact,PUDUKKOTTAI,Safe,49.03,114463.09,103419.98,47754.91,Safe
TAMILNADU,SIVAGANGAI,585.0,one,fuzzy,SIVAGANGAI,Safe,26.05,77580.83,69917.4,18210.58,
TAMILNADU,TIRUNELVELI,592.0,one,exact,TIRUNELVELI,Safe,39.96,85373.74,164183.12,30723.97,
RAJASTHAN,DHAULPUR,98.0,one,alias,DHAULPUR,Over-exploited,126.71,35185.15,31666.63,40124.94,
RAJASTHAN,PRATAPGARH,629.0,one,exact,PRATAPGARH,Over-exploited,117.87,25865.45,23278.89,27438.48,
RAJASTHAN,ALWAR,87.0,one,exact,ALWAR,Over-exploited,182.17,82333.02,74099.71,130574.8,Safe
RAJASTHAN,DAUSA,97.0,one,exact,DAUSA,Over-exploited,227.35,28635.17,25771.66,58591.69,
RAJASTHAN,BIKANER,93.0,one,exact,BIKANER,Over-exploited,143.09,63965.42,57867.64,41499.62,Safe
RAJASTHAN,KARAULI,108.0,one,exact,KARAULI,Over-exploited,150.29,33930.9,30537.81,45896.12,
RAJASTHAN,CHITTAURGARH,95.0,one,fuzzy,CHITTAURGARH,Over-exploited,151.17,38227.61,34404.84,52010.43,
RAJASTHAN,AJMER,86.0,one,exact,AJMER,Over-exploited,131.92,39724.03,35751.63,47163.76,
RAJASTHAN,BHARATPUR,91.0,one,exact,BHARATPUR,Over-exploited,114.37,54482.15,49033.95,48376.44,Safe
RAJASTHAN,JALOR,104.0,one,fuzzy,JALOR,Over-exploited,167.37,76793.24,70240.57,98045.09,Safe
RAJASTHAN,BARAN,89.0,one,exact,BARAN,Over-exploited,131.28,66202.82,60014.15,78786.08,
RAJASTHAN,UDAIPUR,117.0,one,exact,UDAIPUR,Critical,97.8,34453.29,31039.96,30357.71,
RAJASTHAN,JAISALMER,103.0,one,exact,JAISALMER,Over-exploited,297.21,54409.09,48968.18,31294.26,Safe
RAJASTHAN,SIROHI,115.0,one,exact,SIROHI,Over-exploited,115.14,35300.54,31770.49,36581.76,
RAJASTHAN,TONK,116.0,one,exact,TONK,Critical,91.73,46307.07,41681.77,38311.17,none
RAJASTHAN,RAJSAMAND,112.0,one,exact,RAJSAMAND,Over-exploited,116.34,13106.05,11795.42,13723.26,
RAJASTHAN,JAIPUR,102.0,one,exact,JAIPUR,Over-exploited,210.41,82729.82,74456.82,152280.92,Safe
RAJASTHAN,GANGANAGAR,100.0,one,exact,GANGANAGAR,Safe,42.35,148380.56,134183.32,34846.03,Safe
RAJASTHAN,DUNGARPUR,99.0,one,exact,DUNGARPUR,Safe,59.46,23478.9,21131.01,12564.75,
RAJASTHAN,BHILWARA,92.0,one,exact,BHILWARA,Over-exploited,142.91,48912.26,44032.2,62927.48,
RAJASTHAN,SAWAI MADHOPUR,113.0,one,exact,SAWAI MADHOPUR,Over-exploited,148.09,49663.29,44696.93,66190.7,
RAJASTHAN,JHUNJHUNU,106.0,one,exact,JHUNJHUNU,Over-exploited,223.34,27425.75,24683.18,54284.93,Safe
RAJASTHAN,BUNDI,94.0,one,exact,BUNDI,Critical,90.17,38968.4,35781.4,32265.23,
RAJASTHAN,JODHPUR,107.0,one,exact,JODHPUR,Over-exploited,251.34,52554.57,48114.39,99475.54,Safe
RAJASTHAN,BARMER,90.0,one,exact,BARMER,Over-exploited,131.01,70546.03,63654.16,53671.91,Safe
RAJASTHAN,JHALAWAR,105.0,one,exact,JHALAWAR,Over-exploited,104.05,60313.04,54649.57,56864.31,
RAJASTHAN,CHURU,96.0,one,exact,CHURU,Over-exploited,129.59,21507.65,19765.03,19111.41,Safe
RAJASTHAN,HANUMANGARH,101.0,one,exact,HANUMANGARH,Safe,64.36,99651.28,91570.89,47934.87,Safe
RAJASTHAN,BANSWARA,88.0,one,exact,BANSWARA,Semi-critical,70.29,24369.45,22041.29,15492.23,
RAJASTHAN,SIKAR,114.0,one,exact,SIKAR,Over-exploited,191.98,39174.83,35472.15,67512.12,Safe
RAJASTHAN,PALI,111.0,one,exact,PALI,Over-exploited,153.49,48800.83,43920.73,53601.34,Safe
RAJASTHAN,KOTA,109.0,one,exact,KOTA,Over-exploited,110.32,53089.02,47780.09,52711.0,
RAJASTHAN,NAGAUR,110.0,one,exact,NAGAUR,Over-exploited,177.23,72909.1,66431.33,111529.99,Safe
GUJARAT,AHMEDABAD,438.0,one,fuzzy,AHMEDABAD,Semi-critical,79.14,572719.79,516146.2,81614.2,Safe
GUJARAT,TAPI,641.0,one,exact,TAPI,Safe,39.79,77149.62,71311.42,28376.11,
GUJARAT,RAJKOT,457.0,one,exact,RAJKOT,Safe,66.44,181292.42,172227.77,116170.3,none
GUJARAT,GANDHINAGAR,446.0,one,exact,GANDHINAGAR,Over-exploited,111.67,62108.46,56676.91,61500.97,
GUJARAT,SABARKANTHA,458.0,one,exact,SABARKANTHA,Semi-critical,76.45,85344.62,76810.15,58724.28,
GUJARAT,VALSAD,462.0,one,exact,VALSAD,Safe,31.49,77132.71,69419.43,21854.27,
GUJARAT,RANA AND KUTCH,449.0,part_of,alias,RANA AND KUTCH,Hilly area,,,0.0,,Hilly area
GUJARAT,KHEDA,450.0,one,exact,KHEDA,Safe,43.94,98734.41,90340.89,43973.52,Semi-critical
GUJARAT,DANG,444.0,one,exact,DANG,Safe,13.23,34705.73,31235.16,4133.52,
GUJARAT,SURAT,459.0,one,exact,SURAT,Safe,45.96,156818.55,144448.16,65273.21,Safe
GUJARAT,ANAND,440.0,one,exact,ANAND,Safe,29.91,136369.74,126483.33,38110.41,Safe
GUJARAT,PANCHMAHAL,454.0,one,fuzzy,PANCHMAHAL,Safe,26.96,57919.85,54037.97,14568.35,
GUJARAT,VADODARA,461.0,one,exact,VADODARA,Safe,66.51,130720.36,122522.83,69051.12,
GUJARAT,PATAN,455.0,one,exact,PATAN,Over-exploited,120.04,117391.54,106839.55,73680.52,Safe
GUJARAT,DAHOD,445.0,one,alias,DAHOD,Safe,41.99,37621.75,34011.98,14282.79,
GUJARAT,NARMADA,452.0,one,exact,NARMADA,Semi-critical,71.43,42159.03,39324.56,28090.12,
GUJARAT,DEVBHUMI DWARKA,674.0,one,exact,DEVBHUMI DWARKA,Semi-critical,72.73,51327.05,48760.7,35064.43,Safe
GUJARAT,JUNAGADH,448.0,one,exact,JUNAGADH,Safe,48.71,169663.51,161180.33,78957.45,Safe
GUJARAT,KACHCHH,449.0,one,exact,KACHCHH,Safe,52.53,217793.9,197618.28,128332.97,Semi-critical
GUJARAT,MAHISAGAR,669.0,one,exact,MAHISAGAR,Safe,52.5,34309.91,30878.91,16210.42,
GUJARAT,ARVALLI,672.0,one,exact,ARVALLI,Safe,45.13,91313.21,86747.55,39147.33,
GUJARAT,BHAVNAGAR,443.0,one,exact,BHAVNAGAR,Safe,47.07,127706.13,121320.85,55345.58,Safe
GUJARAT,SURENDRANAGAR,460.0,one,exact,SURENDRANAGAR,Safe,54.59,236258.56,217253.66,68649.25,Safe
GUJARAT,JAMNAGAR,447.0,one,exact,JAMNAGAR,Safe,46.16,139877.05,132880.35,63310.56,Semi-critical
GUJARAT,NAVSARI,453.0,one,exact,NAVSARI,Safe,31.6,83804.31,76390.94,24111.44,
GUJARAT,AMRELI,439.0,one,exact,AMRELI,Safe,58.74,155737.48,147950.6,87302.38,Semi-critical
GUJARAT,BANASKANTHA,441.0,one,exact,BANASKANTHA,Over-exploited,116.16,191558.97,172403.02,185209.27,Semi-critical
GUJARAT,BHARUCH,442.0,one,exact,BHARUCH,Safe,29.68,97511.11,89649.34,24092.15,Safe
GUJARAT,BOTAD,676.0,one,exact,BOTAD,Safe,59.72,52033.85,49430.33,29717.83,Safe
GUJARAT,CHHOTA UDEPUR,668.0,one,exact,CHHOTA UDEPUR,Safe,46.86,63549.49,57194.55,26800.25,
GUJARAT,GIR SOMNATH,675.0,one,exact,GIR SOMNATH,Safe,50.07,81450.81,75565.62,37269.95,Safe
GUJARAT,MAHESANA,451.0,one,exact,MAHESANA,Over-exploited,107.98,288406.02,260140.87,114597.67,Safe
GUJARAT,MORBI,673.0,one,exact,MORBI,Safe,51.65,90941.01,84739.98,42792.56,Safe
GUJARAT,PORBANDAR,456.0,one,exact,PORBANDAR,Safe,56.43,35303.72,32685.07,21251.13,Semi-critical
LADAKH,LEH,9.0,one,alias,LEH,Safe,33.83,5011.41,4510.24,1525.9,
LADAKH,KARGIL,6.0,one,exact,KARGIL,Safe,36.1,1463.01,1316.69,475.37,
