sno,imd_name,imd_dep_pct,n_weeks,dist_lgd,state,our_dep_pct,diff_pp,imd_cat,our_cat
680,TIRUNELVELI,338,18,592,TAMIL NADU,-28.0,-366.0,Large Excess,Deficient
576,SAIHA,-16,18,267,MIZORAM,266.0,282.0,Normal,Large Excess
645,SOUTH WEST KHASI HILLS,178,18,658,MEGHALAYA,-19.0,-197.0,Large Excess,Normal
383,LADAKH (LEH),120,18,9,LADAKH,-50.0,-170.0,Large Excess,Deficient
391,LAWNGTLAI,-28,18,264,MIZORAM,115.0,143.0,Deficient,Large Excess
329,KARGIL,90,18,6,LADAKH,-51.0,-141.0,Large Excess,Deficient
42,BAGESHWAR,163,18,46,UTTARAKHAND,43.0,-120.0,Large Excess,Excess
227,GAUTAM BUDDHA NAGAR,104,18,144,UTTAR PRADESH,-13.0,-117.0,Large Excess,Normal
563,REASI,-14,18,627,JAMMU & KASHMIR,90.0,104.0,Normal,Large Excess
384,LAHAUL & SPITI,-69,18,21,HIMACHAL PRADESH,0.0,69.0,Large Deficient,Normal
569,RUDRAPRAYAG,-2,18,54,UTTARAKHAND,66.0,68.0,Normal,Large Excess
335,KATHUA,-10,18,7,JAMMU & KASHMIR,56.0,66.0,Normal,Excess
667,TENKASI,12,18,733,TAMIL NADU,-53.0,-65.0,Normal,Deficient
552,RAMANAGARA,-91,18,631,KARNATAKA,-30.0,61.0,Large Deficient,Deficient
550,RAJOURI,-2,18,12,JAMMU & KASHMIR,58.0,60.0,Normal,Excess
82,BHADOHI,-61,18,179,UTTAR PRADESH,-2.0,59.0,Large Deficient,Normal
139,CHITRAKOOT,76,18,136,UTTAR PRADESH,17.0,-59.0,Large Excess,Normal
323,KANPUR DEHAT,-49,18,156,UTTAR PRADESH,6.0,55.0,Deficient,Normal
115,CENTRAL DELHI,16,18,77,DELHI,-39.0,-55.0,Normal,Deficient
590,SATARA,15,18,494,MAHARASHTRA,-40.0,-55.0,Normal,Deficient
285,JAMMU,-14,18,5,JAMMU & KASHMIR,41.0,55.0,Normal,Excess
412,MAINPURI,-25,18,166,UTTAR PRADESH,30.0,55.0,Deficient,Excess
733,WOKHA,3,18,250,NAGALAND,55.0,52.0,Normal,Excess
315,KAMRUP RURAL,-49,18,291,ASSAM,3.0,52.0,Deficient,Normal
602,SHAMLI,-68,18,660,UTTAR PRADESH,-17.0,51.0,Large Deficient,Normal
485,NIWARI,59,18,722,MADHYA PRADESH,8.0,-51.0,Excess,Normal
723,WEST GARO HILLS,-66,18,278,MEGHALAYA,-15.0,51.0,Large Deficient,Normal
728,WEST KHASI HILLS,-60,18,279,MEGHALAYA,-10.0,50.0,Large Deficient,Normal
10,ALIGARH,-43,18,119,UTTAR PRADESH,7.0,50.0,Deficient,Normal
64,BARAMULA,47,18,3,JAMMU & KASHMIR,-1.0,-48.0,Excess,Normal
582,SAMBHAL,97,18,659,UTTAR PRADESH,49.0,-48.0,Large Excess,Excess
338,KAUSHAMBI,-33,18,158,UTTAR PRADESH,15.0,48.0,Deficient,Normal
524,PILIBHIT,-44,18,173,UTTAR PRADESH,2.0,46.0,Deficient,Normal
75,BEGUSARAI,-32,18,191,BIHAR,13.0,45.0,Deficient,Normal
643,SOUTH WEST DELHI,-25,18,84,DELHI,20.0,45.0,Deficient,Excess
108,BOUDH,70,18,349,ODISHA,26.0,-44.0,Large Excess,Excess
181,DIMA HASAO,-45,18,299,ASSAM,-2.0,43.0,Deficient,Normal
662,TAMENGLONG,-61,18,258,MANIPUR,-18.0,43.0,Large Deficient,Normal
725,WEST JAINTIA HILLS,-74,18,275,MEGHALAYA,-33.0,41.0,Large Deficient,Deficient
726,WEST KAMENG,-69,18,242,ARUNACHAL PRADESH,-29.0,40.0,Large Deficient,Deficient
322,KANPUR CITY,77,18,157,UTTAR PRADESH,37.0,-40.0,Large Excess,Excess
229,GHAZIABAD,-60,18,145,UTTAR PRADESH,-21.0,39.0,Large Deficient,Deficient
265,HOSHIARPUR,-52,18,33,PUNJAB,-13.0,39.0,Deficient,Normal
455,NAGAON,-41,18,297,ASSAM,-2.0,39.0,Deficient,Normal
440,MORADABAD,26,18,171,UTTAR PRADESH,-13.0,-39.0,Excess,Normal
707,VARANASI,21,18,187,UTTAR PRADESH,-18.0,-39.0,Excess,Normal
564,REWA,-13,18,424,MADHYA PRADESH,25.0,38.0,Normal,Excess
399,LUNGLEI,-40,16,265,MIZORAM,-2.0,38.0,Deficient,Normal
703,UTTARKASHI,-9,18,57,UTTARAKHAND,29.0,38.0,Normal,Excess
523,PHEK,-9,18,248,NAGALAND,28.0,37.0,Normal,Excess
297,JHANSI,-16,18,153,UTTAR PRADESH,21.0,37.0,Normal,Excess
258,HATHRAS,-13,18,163,UTTAR PRADESH,24.0,37.0,Normal,Excess
196,EAST KAMENG,15,18,231,ARUNACHAL PRADESH,-21.0,-36.0,Normal,Deficient
109,BULANDSHAHAR,-5,18,134,UTTAR PRADESH,31.0,36.0,Normal,Excess
362,KOLKATA,28,18,315,WEST BENGAL,-8.0,-36.0,Excess,Normal
270,IMPHAL WEST,-58,18,256,MANIPUR,-23.0,35.0,Deficient,Deficient
531,PRAYAGRAJ,36,18,120,UTTAR PRADESH,1.0,-35.0,Excess,Normal
375,KULLU,0,18,20,HIMACHAL PRADESH,35.0,35.0,Normal,Excess
357,KOHIMA,-14,18,245,NAGALAND,21.0,35.0,Normal,Excess
144,COIMBATORE,2,18,569,TAMIL NADU,-32.0,-34.0,Normal,Deficient
130,CHENNAI,-18,18,568,TAMIL NADU,-52.0,-34.0,Normal,Deficient
462,NALBARI,-61,18,298,ASSAM,-27.0,34.0,Large Deficient,Deficient
670,THENI,-9,18,588,TAMIL NADU,-43.0,-34.0,Normal,Deficient
443,MORIGAON,-41,18,296,ASSAM,-7.0,34.0,Deficient,Normal
422,MANDYA,-46,18,544,KARNATAKA,-12.0,34.0,Deficient,Normal
654,SULTANPUR,10,18,185,UTTAR PRADESH,-24.0,-34.0,Normal,Deficient
234,GODDA,-16,18,330,JHARKHAND,-49.0,-33.0,Normal,Deficient
164,DEORIA,-67,18,137,UTTAR PRADESH,-34.0,33.0,Large Deficient,Deficient
424,MANGAN,7,18,226,SIKKIM,-26.0,-33.0,Normal,Deficient
268,IDUKKI,-47,18,556,KERALA,-15.0,32.0,Deficient,Normal
393,LOHIT,-42,18,234,ARUNACHAL PRADESH,-74.0,-32.0,Deficient,Large Deficient
69,BARNALA,-63,18,605,PUNJAB,-31.0,32.0,Large Deficient,Deficient
460,NAINITAL,-13,18,51,UTTARAKHAND,18.0,31.0,Normal,Normal
491,NORTH GARO HILLS,-57,18,656,MEGHALAYA,-26.0,31.0,Deficient,Deficient
490,NORTH EAST DELHI,-12,18,81,DELHI,-43.0,-31.0,Normal,Deficient
235,GOLAGHAT,-15,18,288,ASSAM,16.0,31.0,Normal,Normal
77,BEMETARA,-36,18,650,CHHATTISGARH,-5.0,31.0,Deficient,Normal
342,KHAIRAGARH CHH GANDAI,19,18,759,CHHATTISGARH,-11.0,-30.0,Normal,Normal
525,PITHORAGARH,5,18,53,UTTARAKHAND,35.0,30.0,Normal,Excess
204,ETAH,61,18,138,UTTAR PRADESH,31.0,-30.0,Large Excess,Excess
119,CHAMPAWAT,-16,18,48,UTTARAKHAND,14.0,30.0,Normal,Normal
76,BELAGAVI,2,18,527,KARNATAKA,-28.0,-30.0,Normal,Deficient
535,PUNE,13,18,490,MAHARASHTRA,-17.0,-30.0,Normal,Normal
153,DANGS,13,18,444,GUJARAT,43.0,30.0,Normal,Excess
244,GURDASPUR,27,18,32,PUNJAB,-2.0,-29.0,Excess,Normal
106,BONGAIGAON,-59,18,281,ASSAM,-30.0,29.0,Deficient,Deficient
675,THOUBAL,-55,18,259,MANIPUR,-26.0,29.0,Deficient,Deficient
379,KURUKSHETRA,-10,18,68,HARYANA,-38.0,-28.0,Normal,Deficient
734,WYNAD,-53,18,567,KERALA,-25.0,28.0,Deficient,Deficient
368,KORIYA,-14,18,384,CHHATTISGARH,14.0,28.0,Normal,Normal
349,KHUNTI,-1,18,606,JHARKHAND,27.0,28.0,Normal,Excess
269,IMPHAL EAST,-36,18,255,MANIPUR,-8.0,28.0,Deficient,Normal
195,EAST JAINTIA HILLS,-52,18,657,MEGHALAYA,-24.0,28.0,Deficient,Deficient
44,BAHRAICH,36,18,125,UTTAR PRADESH,8.0,-28.0,Excess,Normal
354,KISTWAR,-53,18,620,JAMMU & KASHMIR,-26.0,27.0,Deficient,Deficient
291,JASHPUR,-36,18,380,CHHATTISGARH,-9.0,27.0,Deficient,Normal
456,NAGAPATTINAM,-54,18,579,TAMIL NADU,-27.0,27.0,Deficient,Deficient
691,UDHAMPUR,54,18,14,JAMMU & KASHMIR,28.0,-26.0,Excess,Excess
483,NILGIRIS,-33,18,587,TAMIL NADU,-7.0,26.0,Deficient,Normal
188,DUMKA,1,18,326,JHARKHAND,-25.0,-26.0,Normal,Deficient
245,GURGAON,-2,18,62,HARYANA,24.0,26.0,Normal,Excess
304,JORHAT,-36,18,290,ASSAM,-10.0,26.0,Deficient,Normal
241,GUMLA,-28,18,331,JHARKHAND,-2.0,26.0,Deficient,Normal
497,NUH,-4,18,604,HARYANA,22.0,26.0,Normal,Excess
94,BHOPAL,9,18,396,MADHYA PRADESH,-17.0,-26.0,Normal,Normal
425,MANSA,-72,18,37,PUNJAB,-47.0,25.0,Large Deficient,Deficient
690,UDALGURI,-60,18,617,ASSAM,-35.0,25.0,Large Deficient,Deficient
218,GANDERBAL,21,18,626,JAMMU & KASHMIR,-4.0,-25.0,Excess,Normal
532,PUDUCHERRY,-61,18,600,PUDUCHERRY,-36.0,25.0,Large Deficient,Deficient
263,HOJAI,-42,18,709,ASSAM,-17.0,25.0,Deficient,Normal
674,THOOTHUKUDI,-64,18,594,TAMIL NADU,-40.0,24.0,Large Deficient,Deficient
183,DINDIGUL,-6,18,572,TAMIL NADU,-30.0,-24.0,Normal,Deficient
214,FIROZABAD,34,18,143,UTTAR PRADESH,10.0,-24.0,Excess,Normal
223,GARHWAL PAURI,-40,18,52,UTTARAKHAND,-16.0,24.0,Deficient,Normal
257,HASSAN,-66,18,539,KARNATAKA,-42.0,24.0,Large Deficient,Deficient
586,SANT KABIR NAGAR,-40,18,178,UTTAR PRADESH,-16.0,24.0,Deficient,Normal
352,KIPHIRE,24,18,614,NAGALAND,48.0,24.0,Excess,Excess
292,JAUNPUR,-56,18,152,UTTAR PRADESH,-32.0,24.0,Deficient,Deficient
603,SHEIKHPURA,-29,18,219,BIHAR,-6.0,23.0,Deficient,Normal
448,MUNGELI,32,18,647,CHHATTISGARH,9.0,-23.0,Excess,Normal
325,KAPURTHALA,-71,18,35,PUNJAB,-48.0,23.0,Large Deficient,Deficient
73,BASTI,-5,18,131,UTTAR PRADESH,-28.0,-23.0,Normal,Deficient
298,JHARGRAM,1,18,703,WEST BENGAL,24.0,23.0,Normal,Excess
730,WEST SIANG,-69,18,243,ARUNACHAL PRADESH,-46.0,23.0,Large Deficient,Deficient
207,FARIDKOT,-21,18,29,PUNJAB,-44.0,-23.0,Deficient,Deficient
193,EAST GARO HILLS,-11,18,273,MEGHALAYA,-34.0,-23.0,Normal,Deficient
505,PALWAL,20,18,619,HARYANA,-2.0,-22.0,Excess,Normal
392,LOHARDAGA,3,18,336,JHARKHAND,-19.0,-22.0,Normal,Normal
729,WEST MIDNAPORE,40,18,318,WEST BENGAL,18.0,-22.0,Excess,Normal
21,AMROHA,1,18,154,UTTAR PRADESH,23.0,22.0,Normal,Excess
381,KUSHI NAGAR,-58,18,160,UTTAR PRADESH,-36.0,22.0,Deficient,Deficient
514,PASCHIM BARDHAMAN,18,18,704,WEST BENGAL,-4.0,-22.0,Normal,Normal
534,PULWAMA,38,18,11,JAMMU & KASHMIR,16.0,-22.0,Excess,Normal
81,BHABUA,-38,18,200,BIHAR,-16.0,22.0,Deficient,Normal
33,ARWAL,-22,18,611,BIHAR,-44.0,-22.0,Deficient,Deficient
494,NORTH TRIPURA,-20,18,270,TRIPURA,2.0,22.0,Deficient,Normal
97,BIJNOR,45,18,132,UTTAR PRADESH,23.0,-22.0,Excess,Excess
127,CHARKHI DADRI,-13,18,701,HARYANA,8.0,21.0,Normal,Normal
573,SAHARANPUR,-29,18,177,UTTAR PRADESH,-8.0,21.0,Deficient,Normal
211,FATEHPUR,9,18,142,UTTAR PRADESH,-12.0,-21.0,Normal,Normal
185,DIU,19,18,464,DADRA & NAGAR HAVELI AND DAMAN & DIU,-2.0,-21.0,Normal,Normal
222,GARHWA,-29,18,328,JHARKHAND,-8.0,21.0,Deficient,Normal
43,BAGHPAT,1,18,124,UTTAR PRADESH,22.0,21.0,Normal,Excess
79,BENGALURU URBAN,-42,18,525,KARNATAKA,-21.0,21.0,Deficient,Deficient
3,AGRA,-1,18,118,UTTAR PRADESH,20.0,21.0,Normal,Excess
247,GYALSHING,38,18,228,SIKKIM,17.0,-21.0,Excess,Normal
351,KINNAUR,35,18,19,HIMACHAL PRADESH,14.0,-21.0,Excess,Normal
567,ROHTAK,-47,18,73,HARYANA,-26.0,21.0,Deficient,Deficient
157,DARRANG,-46,18,283,ASSAM,-25.0,21.0,Deficient,Deficient
339,KENDRAPARA,54,18,360,ODISHA,33.0,-21.0,Excess,Excess
155,DARBHANGA,-44,18,195,BIHAR,-23.0,21.0,Deficient,Deficient
377,KUPWARA,-10,18,8,JAMMU & KASHMIR,-30.0,-20.0,Normal,Deficient
580,SAMBA,18,18,624,JAMMU & KASHMIR,38.0,20.0,Normal,Excess
465,NAMCHI,16,18,227,SIKKIM,-4.0,-20.0,Normal,Normal
233,GOALPARA,-50,18,287,ASSAM,-30.0,20.0,Deficient,Deficient
470,NARAYANPUR,40,18,637,CHHATTISGARH,20.0,-20.0,Excess,Excess
173,DHARWAD,-51,18,536,KARNATAKA,-31.0,20.0,Deficient,Deficient
575,SAHIBGANJ,-59,18,340,JHARKHAND,-39.0,20.0,Deficient,Deficient
547,RAJGARH,18,18,422,MADHYA PRADESH,-2.0,-20.0,Normal,Normal
347,KHERI,34,18,159,UTTAR PRADESH,14.0,-20.0,Excess,Normal
648,SRIBHUMI,-27,18,293,ASSAM,-7.0,20.0,Deficient,Normal
151,DAMAN,23,18,463,DADRA & NAGAR HAVELI AND DAMAN & DIU,43.0,20.0,Excess,Excess
526,POONCH,27,18,10,JAMMU & KASHMIR,47.0,20.0,Excess,Excess
209,FATEHABAD,-10,18,61,HARYANA,-30.0,-20.0,Normal,Deficient
382,KUTCH,-36,18,449,GUJARAT,-16.0,20.0,Deficient,Normal
566,RI BHOI,-33,18,276,MEGHALAYA,-13.0,20.0,Deficient,Normal
663,TAMULPUR,-15,18,756,ASSAM,-35.0,-20.0,Normal,Deficient
13,ALMORA,35,18,45,UTTARAKHAND,15.0,-20.0,Excess,Normal
445,MULUGU,1,18,720,TELANGANA,-19.0,-20.0,Normal,Normal
102,BISHNUPUR,-63,18,252,MANIPUR,-44.0,19.0,Large Deficient,Deficient
472,NARMADAPURAM,-34,18,409,MADHYA PRADESH,-15.0,19.0,Deficient,Normal
407,MAHE,-30,18,599,PUDUCHERRY,-11.0,19.0,Deficient,Normal
319,KANKER,-13,18,381,CHHATTISGARH,6.0,19.0,Normal,Normal
469,NARAYANPET,-14,18,721,TELANGANA,-33.0,-19.0,Normal,Deficient
484,NIRMAL,-51,18,680,TELANGANA,-32.0,19.0,Deficient,Deficient
418,MANCHERIAL,11,18,684,TELANGANA,-8.0,-19.0,Normal,Normal
174,DHEMAJI,-2,18,284,ASSAM,-21.0,-19.0,Normal,Deficient
376,KUMARAM BHEEM,13,18,699,TELANGANA,-6.0,-19.0,Normal,Normal
626,SIVAGANGA,2,18,585,TAMIL NADU,-17.0,-19.0,Normal,Normal
253,HAPUR,-47,18,661,UTTAR PRADESH,-28.0,19.0,Deficient,Deficient
536,PURBA BARDHAMAN,-4,18,306,WEST BENGAL,-23.0,-19.0,Normal,Deficient
666,TAWANG,-65,18,238,ARUNACHAL PRADESH,-46.0,19.0,Large Deficient,Deficient
463,NALGONDA,-56,18,514,TELANGANA,-38.0,18.0,Deficient,Deficient
32,ARIYALUR,-9,18,610,TAMIL NADU,-27.0,-18.0,Normal,Deficient
439,MON,-12,18,247,NAGALAND,6.0,18.0,Normal,Normal
202,ERNAKULAM,-28,18,555,KERALA,-10.0,18.0,Deficient,Normal
275,JAHANABAD,-53,18,199,BIHAR,-35.0,18.0,Deficient,Deficient
607,SHIVAMOGGA,-9,18,547,KARNATAKA,-27.0,-18.0,Normal,Deficient
29,ANUPPUR,17,18,390,MADHYA PRADESH,-1.0,-18.0,Normal,Normal
406,MAHASAMUND,17,18,385,CHHATTISGARH,35.0,18.0,Normal,Excess
112,BURHANPUR,5,18,397,MADHYA PRADESH,-13.0,-18.0,Normal,Normal
426,MATHURA,-46,18,167,UTTAR PRADESH,-28.0,18.0,Deficient,Deficient
358,KOKRAJHAR,-14,18,294,ASSAM,-32.0,-18.0,Normal,Deficient
160,DAVANGERE,-16,18,535,KARNATAKA,-34.0,-18.0,Normal,Deficient
16,AMBEDKAR NAGAR,0,18,121,UTTAR PRADESH,-18.0,-18.0,Normal,Normal
334,KASGANJ,10,18,633,UTTAR PRADESH,28.0,18.0,Normal,Excess
161,DEHRADUN,-1,18,49,UTTARAKHAND,16.0,17.0,Normal,Normal
677,TIKAMGARH,6,18,434,MADHYA PRADESH,23.0,17.0,Normal,Excess
427,MAU,-47,18,168,UTTAR PRADESH,-30.0,17.0,Deficient,Deficient
389,LATEHAR,20,18,335,JHARKHAND,3.0,-17.0,Excess,Normal
612,SIBSAGAR,-27,18,300,ASSAM,-10.0,17.0,Deficient,Normal
146,CUDDALORE,-9,18,570,TAMIL NADU,-26.0,-17.0,Normal,Deficient
682,TIRUPATTUR,-42,18,732,TAMIL NADU,-25.0,17.0,Deficient,Deficient
78,BENGALURU RURAL,-17,18,526,KARNATAKA,-34.0,-17.0,Normal,Deficient
410,MAHOBA,87,18,165,UTTAR PRADESH,70.0,-17.0,Large Excess,Large Excess
14,ALWAR,-7,18,87,RAJASTHAN,10.0,17.0,Normal,Normal
699,UNNAO,-17,18,186,UTTAR PRADESH,-0.0,17.0,Normal,Normal
180,DIBRUGARH,-26,18,286,ASSAM,-9.0,17.0,Deficient,Normal
118,CHAMOLI,75,18,47,UTTARAKHAND,59.0,-16.0,Large Excess,Excess
498,PAKUR,-55,18,337,JHARKHAND,-39.0,16.0,Deficient,Deficient
660,SURGUJA,-41,18,389,CHHATTISGARH,-25.0,16.0,Deficient,Deficient
736,YAMUNA NAGAR,-15,18,76,HARYANA,-31.0,-16.0,Normal,Deficient
617,SIMDEGA,0,18,342,JHARKHAND,16.0,16.0,Normal,Normal
255,HARDOI,10,18,150,UTTAR PRADESH,26.0,16.0,Normal,Excess
221,GANJAM,5,18,354,ODISHA,21.0,16.0,Normal,Excess
627,SIWAN,-4,18,222,BIHAR,-20.0,-16.0,Normal,Deficient
295,JHAJJAR,-19,18,64,HARYANA,-3.0,16.0,Normal,Normal
722,WEST DELHI,18,18,85,DELHI,2.0,-16.0,Normal,Normal
604,SHEOHAR,-54,18,220,BIHAR,-38.0,16.0,Deficient,Deficient
727,WEST KARBI ANGLONG,0,18,710,ASSAM,-16.0,-16.0,Normal,Normal
442,MORENA,-9,18,417,MADHYA PRADESH,6.0,15.0,Normal,Normal
533,PUDUKKOTTAI,-26,18,582,TAMIL NADU,-41.0,-15.0,Deficient,Deficient
591,SATNA,52,18,426,MADHYA PRADESH,37.0,-15.0,Excess,Excess
158,DATIA,8,18,401,MADHYA PRADESH,23.0,15.0,Normal,Excess
50,BALLARI,-38,18,528,KARNATAKA,-23.0,15.0,Deficient,Deficient
122,CHANDEL,-55,18,253,MANIPUR,-40.0,15.0,Deficient,Deficient
698,UNAKOTI,-8,18,655,TRIPURA,7.0,15.0,Normal,Normal
738,Y. BHUVANAGIRI,-35,18,697,TELANGANA,-20.0,15.0,Deficient,Deficient
126,CHARAIDEO,18,18,708,ASSAM,3.0,-15.0,Normal,Normal
618,SINDHUDURG,-37,18,495,MAHARASHTRA,-22.0,15.0,Deficient,Deficient
284,JALPAIGURI,-26,18,314,WEST BENGAL,-11.0,15.0,Deficient,Normal
396,LOWER SUBANSIRI,-44,18,236,ARUNACHAL PRADESH,-29.0,15.0,Deficient,Deficient
710,VIJAYANAGARA,-45,18,738,KARNATAKA,-30.0,15.0,Deficient,Deficient
683,TIRUPPUR,-40,18,634,TAMIL NADU,-55.0,-15.0,Deficient,Deficient
409,MAHISAGAR,-3,18,669,GUJARAT,-18.0,-15.0,Normal,Normal
9,ALAPUZHA,-33,18,554,KERALA,-18.0,15.0,Deficient,Normal
451,MUZAFFARNAGAR,57,18,172,UTTAR PRADESH,72.0,15.0,Excess,Large Excess
346,KHEDA,28,18,450,GUJARAT,13.0,-15.0,Excess,Normal
509,PANIPAT,-28,18,71,HARYANA,-43.0,-15.0,Deficient,Deficient
370,KOTTAYAM,-17,18,560,KERALA,-3.0,14.0,Normal,Normal
63,BARABANKI,14,18,129,UTTAR PRADESH,-0.0,-14.0,Normal,Normal
408,MAHENDRAGARH,-24,18,69,HARYANA,-10.0,14.0,Deficient,Normal
593,SBS NAGAR,-54,18,40,PUNJAB,-40.0,14.0,Deficient,Deficient
219,GANDHINAGAR,-19,18,446,GUJARAT,-5.0,14.0,Normal,Normal
278,JAJPUR,23,18,356,ODISHA,37.0,14.0,Excess,Excess
388,LALITPUR,24,18,161,UTTAR PRADESH,10.0,-14.0,Excess,Normal
405,MAHARAJGANJ,-4,18,164,UTTAR PRADESH,-18.0,-14.0,Normal,Normal
36,AURANGABAD,4,18,189,BIHAR,-10.0,-14.0,Normal,Normal
239,GOPALGANJ,-36,18,197,BIHAR,-22.0,14.0,Deficient,Deficient
66,BAREILLY,26,18,130,UTTAR PRADESH,12.0,-14.0,Excess,Normal
125,CHANGLANG,-24,18,229,ARUNACHAL PRADESH,-38.0,-14.0,Deficient,Deficient
163,DEOGHAR,-30,18,324,JHARKHAND,-16.0,14.0,Deficient,Normal
230,GHAZIPUR,-15,18,146,UTTAR PRADESH,-1.0,14.0,Normal,Normal
431,MEDAK,-9,18,513,TELANGANA,5.0,14.0,Normal,Normal
519,PATNA,-38,18,212,BIHAR,-24.0,14.0,Deficient,Deficient
167,DHALAI,-13,18,269,TRIPURA,1.0,14.0,Normal,Normal
175,DHENKANAL,47,18,352,ODISHA,33.0,-14.0,Excess,Excess
243,GUNTUR,6,18,506,ANDHRA PRADESH,-8.0,-14.0,Normal,Normal
718,WARANGAL,-38,18,522,TELANGANA,-25.0,13.0,Deficient,Deficient
363,KOLLAM,-38,18,559,KERALA,-25.0,13.0,Deficient,Deficient
356,KODERMA,-23,18,334,JHARKHAND,-36.0,-13.0,Deficient,Deficient
51,BALLIA,-12,18,126,UTTAR PRADESH,-25.0,-13.0,Normal,Deficient
450,MURSHIDABAD,-16,18,319,WEST BENGAL,-29.0,-13.0,Normal,Deficient
299,JHARSUGUDA,4,18,357,ODISHA,17.0,13.0,Normal,Normal
631,SONEPUR,45,18,372,ODISHA,32.0,-13.0,Excess,Excess
321,KANNUR,-12,18,557,KERALA,-25.0,-13.0,Normal,Deficient
584,SANGLI,-24,18,493,MAHARASHTRA,-37.0,-13.0,Deficient,Deficient
513,PARVATHIPURAM MANYAM,-20,18,743,ANDHRA PRADESH,-7.0,13.0,Deficient,Normal
400,MADHEPURA,-31,18,205,BIHAR,-18.0,13.0,Deficient,Normal
638,SOUTH EAST DELHI,5,18,670,DELHI,-8.0,-13.0,Normal,Normal
474,NASHIK,33,18,487,MAHARASHTRA,20.0,-13.0,Excess,Excess
45,BAJALI,-50,18,739,ASSAM,-37.0,13.0,Deficient,Deficient
37,AYODHYA,-6,18,140,UTTAR PRADESH,-19.0,-13.0,Normal,Normal
385,LAKHIMPUR,7,18,295,ASSAM,-6.0,-13.0,Normal,Normal
318,KANGRA,-5,18,18,HIMACHAL PRADESH,8.0,13.0,Normal,Normal
583,SANGAREDDY,-34,18,691,TELANGANA,-21.0,13.0,Deficient,Deficient
254,HARDA,-34,18,408,MADHYA PRADESH,-21.0,13.0,Deficient,Deficient
65,BARAN,-18,18,89,RAJASTHAN,-5.0,13.0,Normal,Normal
610,SHOPIAN,-51,18,625,JAMMU & KASHMIR,-38.0,13.0,Deficient,Deficient
327,KARAULI,-5,18,108,RAJASTHAN,7.0,12.0,Normal,Normal
647,SRI ALLURI SITHARAMARAJU DISTRICT,-22,18,745,ANDHRA PRADESH,-10.0,12.0,Deficient,Normal
15,AMBALA,-48,18,58,HARYANA,-36.0,12.0,Deficient,Deficient
34,ASHOKNAGAR,-9,18,391,MADHYA PRADESH,3.0,12.0,Normal,Normal
41,BAGALKOTE,-21,18,524,KARNATAKA,-33.0,-12.0,Deficient,Deficient
145,COOCH BEHAR,-15,18,308,WEST BENGAL,-3.0,12.0,Normal,Normal
359,KOLAR,-56,18,542,KARNATAKA,-44.0,12.0,Deficient,Deficient
246,GWALIOR,5,18,407,MADHYA PRADESH,17.0,12.0,Normal,Normal
198,EAST MIDNAPORE,48,18,317,WEST BENGAL,36.0,-12.0,Excess,Excess
587,SARAN,-42,18,218,BIHAR,-30.0,12.0,Deficient,Deficient
539,PURULIA,-10,18,321,WEST BENGAL,2.0,12.0,Normal,Normal
475,NAVSARI,30,18,453,GUJARAT,42.0,12.0,Excess,Excess
678,TINSUKIA,-12,18,302,ASSAM,-24.0,-12.0,Normal,Deficient
693,UDUPI,-30,18,549,KARNATAKA,-18.0,12.0,Deficient,Normal
676,THRISSUR,-30,18,566,KERALA,-18.0,12.0,Deficient,Normal
178,DHULE,-19,18,474,MAHARASHTRA,-7.0,12.0,Normal,Normal
87,BHARUCH,27,18,442,GUJARAT,15.0,-12.0,Excess,Normal
70,BARPETA,-40,18,280,ASSAM,-28.0,12.0,Deficient,Deficient
26,ANGUL,21,18,344,ODISHA,33.0,12.0,Excess,Excess
266,HOWRAH,10,18,313,WEST BENGAL,22.0,12.0,Normal,Excess
600,SHAHJAHANPUR,33,18,180,UTTAR PRADESH,45.0,12.0,Excess,Excess
367,KORBA,-7,18,383,CHHATTISGARH,-19.0,-12.0,Normal,Normal
595,SENAPATI,-18,18,257,MANIPUR,-6.0,12.0,Normal,Normal
565,REWARI,-13,18,72,HARYANA,-1.0,12.0,Normal,Normal
700,UPPER SIANG,-33,18,240,ARUNACHAL PRADESH,-21.0,12.0,Deficient,Deficient
476,NAWADA,-20,18,210,BIHAR,-31.0,-11.0,Deficient,Deficient
397,LUCKNOW,24,18,162,UTTAR PRADESH,13.0,-11.0,Excess,Normal
574,SAHARSA,-43,18,216,BIHAR,-32.0,11.0,Deficient,Deficient
642,SOUTH TRIPURA,-30,18,271,TRIPURA,-19.0,11.0,Deficient,Normal
168,DHAMTARI,23,18,377,CHHATTISGARH,34.0,11.0,Excess,Excess
419,MANDI,-5,18,22,HIMACHAL PRADESH,6.0,11.0,Normal,Normal
701,UPPER SUBANSIRI,-63,18,241,ARUNACHAL PRADESH,-52.0,11.0,Large Deficient,Deficient
85,BHANDARA,-16,18,471,MAHARASHTRA,-5.0,11.0,Normal,Normal
447,MUMBAI SUBURBAN,10,18,483,MAHARASHTRA,-1.0,-11.0,Normal,Normal
540,RAE BAREILLY,-13,18,175,UTTAR PRADESH,-2.0,11.0,Normal,Normal
7,AJMER,-18,18,86,RAJASTHAN,-29.0,-11.0,Normal,Deficient
240,GORAKHPUR,-20,18,148,UTTAR PRADESH,-31.0,-11.0,Deficient,Deficient
615,SIDHI,15,18,433,MADHYA PRADESH,26.0,11.0,Normal,Excess
47,BALAGHAT,-6,18,392,MADHYA PRADESH,5.0,11.0,Normal,Normal
715,VISHAKHAPATNAM,12,18,520,ANDHRA PRADESH,1.0,-11.0,Normal,Normal
344,KHANDWA,-10,18,405,MADHYA PRADESH,-20.0,-10.0,Normal,Deficient
438,MOKOKCHUNG,24,18,246,NAGALAND,14.0,-10.0,Excess,Normal
386,LAKHISARAI,-8,18,204,BIHAR,-18.0,-10.0,Normal,Normal
632,SONITPUR,-5,18,301,ASSAM,-15.0,-10.0,Normal,Normal
18,AMRAOTI,-43,18,468,MAHARASHTRA,-33.0,10.0,Deficient,Deficient
620,SIPAHIJALA,-18,18,653,TRIPURA,-8.0,10.0,Normal,Normal
435,M. MALKAJGIRI,-41,18,700,TELANGANA,-31.0,10.0,Deficient,Deficient
48,BALANGIR,26,18,345,ODISHA,36.0,10.0,Excess,Excess
17,AMETHI,-36,18,640,UTTAR PRADESH,-26.0,10.0,Deficient,Deficient
232,GIR SOMNATH,-28,18,675,GUJARAT,-18.0,10.0,Deficient,Normal
92,BHIWANI,-8,18,59,HARYANA,2.0,10.0,Normal,Normal
669,THANJAVUR,-37,18,586,TAMIL NADU,-47.0,-10.0,Deficient,Deficient
58,BANDIPORA,-1,18,623,JAMMU & KASHMIR,-11.0,-10.0,Normal,Normal
248,HAILAKANDI,-11,18,289,ASSAM,-1.0,10.0,Normal,Normal
605,SHEOPUR,17,18,431,MADHYA PRADESH,7.0,-10.0,Normal,Normal
237,GONDA,3,18,147,UTTAR PRADESH,-7.0,-10.0,Normal,Normal
637,SOUTH DINAJPUR,-25,18,310,WEST BENGAL,-35.0,-10.0,Deficient,Deficient
449,MUNGER,-24,18,207,BIHAR,-14.0,10.0,Deficient,Normal
199,EAST SIANG,-35,18,232,ARUNACHAL PRADESH,-45.0,-10.0,Deficient,Deficient
688,TUMAKURU,-38,18,548,KARNATAKA,-28.0,10.0,Deficient,Deficient
479,NAYAGARH,27,18,367,ODISHA,37.0,10.0,Excess,Excess
309,KALABURAGI,-54,18,538,KARNATAKA,-44.0,10.0,Deficient,Deficient
310,KALAHANDI,-3,18,358,ODISHA,7.0,10.0,Normal,Normal
713,VILLUPURAM,-15,18,596,TAMIL NADU,-25.0,-10.0,Normal,Deficient
40,BADGAM,-34,18,2,JAMMU & KASHMIR,-24.0,10.0,Deficient,Deficient
501,PALAMU,-12,18,338,JHARKHAND,-3.0,9.0,Normal,Normal
704,VADODARA,-29,18,461,GUJARAT,-20.0,9.0,Deficient,Deficient
625,SITAPUR,-13,18,183,UTTAR PRADESH,-22.0,-9.0,Normal,Deficient
4,AHMEDABAD,1,18,438,GUJARAT,10.0,9.0,Normal,Normal
194,EAST GODAVARI,-15,18,505,ANDHRA PRADESH,-6.0,9.0,Normal,Normal
215,GADAG,-25,18,537,KARNATAKA,-16.0,9.0,Deficient,Normal
601,SHAJAPUR,-21,18,430,MADHYA PRADESH,-12.0,9.0,Deficient,Normal
423,MANENDRAGARH BHARATPUR,9,18,760,CHHATTISGARH,0.0,-9.0,Normal,Normal
374,KULGAM,-11,18,622,JAMMU & KASHMIR,-20.0,-9.0,Normal,Deficient
417,MAMIT,-11,18,266,MIZORAM,-2.0,9.0,Normal,Normal
107,BOTAD,3,18,676,GUJARAT,12.0,9.0,Normal,Normal
596,SEONI,-16,18,428,MADHYA PRADESH,-7.0,9.0,Normal,Normal
522,PEREN,-1,18,613,NAGALAND,-10.0,-9.0,Normal,Normal
264,HOOGHLY,2,18,312,WEST BENGAL,11.0,9.0,Normal,Normal
49,BALASORE,56,18,346,ODISHA,47.0,-9.0,Excess,Excess
332,KARUR,-53,18,576,TAMIL NADU,-62.0,-9.0,Deficient,Large Deficient
640,SOUTH GOA,-29,18,552,GOA,-38.0,-9.0,Deficient,Deficient
46,BAKSA,-25,18,616,ASSAM,-34.0,-9.0,Deficient,Deficient
353,KISHANGANJ,-31,18,203,BIHAR,-22.0,9.0,Deficient,Deficient
31,ARAVALLI,-36,18,672,GUJARAT,-27.0,9.0,Deficient,Deficient
527,PORBANDAR,-61,18,456,GUJARAT,-52.0,9.0,Large Deficient,Deficient
655,SUNDARGARH,21,18,373,ODISHA,30.0,9.0,Excess,Excess
668,THANE,-10,18,497,MAHARASHTRA,-1.0,9.0,Normal,Normal
274,JAGTIAL,8,18,681,TELANGANA,-1.0,-9.0,Normal,Normal
52,BALOD,28,18,646,CHHATTISGARH,19.0,-9.0,Excess,Normal
366,KORAPUT,27,18,363,ODISHA,18.0,-9.0,Excess,Normal
220,GANGTOK,-7,18,225,SIKKIM,-15.0,-8.0,Normal,Normal
598,SERCHHIP,-10,18,268,MIZORAM,-2.0,8.0,Normal,Normal
599,SHAHDOL,22,18,429,MADHYA PRADESH,14.0,-8.0,Excess,Normal
549,RAJNANDGAON,-3,18,388,CHHATTISGARH,5.0,8.0,Normal,Normal
721,WEST CHAMPARAN,-31,18,211,BIHAR,-23.0,8.0,Deficient,Deficient
664,TAPI,3,18,641,GUJARAT,11.0,8.0,Normal,Normal
98,BIKANER,-4,18,93,RAJASTHAN,4.0,8.0,Normal,Normal
544,RAIPUR,29,18,387,CHHATTISGARH,21.0,-8.0,Excess,Excess
131,CHHATARPUR,17,18,398,MADHYA PRADESH,25.0,8.0,Normal,Excess
452,MUZAFFARPUR,-43,18,208,BIHAR,-35.0,8.0,Deficient,Deficient
714,VIRUDHUNAGAR,2,18,597,TAMIL NADU,-6.0,-8.0,Normal,Normal
330,KARIMNAGAR,-1,18,508,TELANGANA,-9.0,-8.0,Normal,Normal
441,MORBI,10,18,673,GUJARAT,2.0,-8.0,Normal,Normal
628,SOLAN,-3,18,25,HIMACHAL PRADESH,5.0,8.0,Normal,Normal
579,SAMASTIPUR,-41,18,217,BIHAR,-33.0,8.0,Deficient,Deficient
480,NEEMUCH,-12,18,419,MADHYA PRADESH,-20.0,-8.0,Normal,Deficient
724,WEST GODAVARI,-18,18,523,ANDHRA PRADESH,-10.0,8.0,Normal,Normal
464,NAMAKKAL,-42,18,580,TAMIL NADU,-34.0,8.0,Deficient,Deficient
679,TIRAP,-4,18,239,ARUNACHAL PRADESH,4.0,8.0,Normal,Normal
84,BHAGALPUR,-47,18,192,BIHAR,-39.0,8.0,Deficient,Deficient
461,NALANDA,-32,18,209,BIHAR,-24.0,8.0,Deficient,Deficient
203,ERODE,-32,18,573,TAMIL NADU,-24.0,8.0,Deficient,Deficient
192,EAST DELHI,-15,18,78,DELHI,-23.0,-8.0,Normal,Deficient
301,JIND,-57,18,65,HARYANA,-49.0,8.0,Deficient,Deficient
176,DHOLPUR,26,18,98,RAJASTHAN,18.0,-8.0,Excess,Normal
172,DHARMAPURI,-17,18,571,TAMIL NADU,-25.0,-8.0,Normal,Deficient
453,MYSURU,-48,18,545,KARNATAKA,-40.0,8.0,Deficient,Deficient
446,MUMBAI CITY,-8,18,482,MAHARASHTRA,-1.0,7.0,Normal,Normal
444,MUKTSAR,-68,18,39,PUNJAB,-61.0,7.0,Large Deficient,Large Deficient
506,PANCHKULA,-19,18,70,HARYANA,-12.0,7.0,Normal,Normal
507,PANCHMAHAL,-11,18,454,GUJARAT,-18.0,-7.0,Normal,Normal
496,NTR DISTRICT,-20,18,749,ANDHRA PRADESH,-13.0,7.0,Deficient,Normal
478,NAWARANGPUR,9,18,366,ODISHA,16.0,7.0,Normal,Normal
572,SAGAR,-13,18,425,MADHYA PRADESH,-6.0,7.0,Normal,Normal
613,SIDDHARTH NAGAR,-22,18,182,UTTAR PRADESH,-15.0,7.0,Deficient,Normal
213,FEROZEPUR,-47,18,31,PUNJAB,-54.0,-7.0,Deficient,Deficient
290,JANJGIR,9,18,379,CHHATTISGARH,2.0,-7.0,Normal,Normal
289,JANGAON,-21,18,689,TELANGANA,-14.0,7.0,Deficient,Normal
658,SURAT,23,18,459,GUJARAT,16.0,-7.0,Excess,Normal
277,JAISALMER,-50,18,103,RAJASTHAN,-43.0,7.0,Deficient,Deficient
62,BAPATLA,-41,18,750,ANDHRA PRADESH,-34.0,7.0,Deficient,Deficient
416,MALKANGIRI,15,18,364,ODISHA,22.0,7.0,Normal,Excess
231,GIRIDIH,-18,18,329,JHARKHAND,-25.0,-7.0,Normal,Deficient
684,TIRUVANNAMALAI,-29,18,593,TAMIL NADU,-36.0,-7.0,Deficient,Deficient
324,KANYAKUMARI,-12,18,575,TAMIL NADU,-19.0,-7.0,Normal,Normal
88,BHATINDA,-55,18,28,PUNJAB,-62.0,-7.0,Deficient,Large Deficient
177,DHUBRI,-39,18,285,ASSAM,-32.0,7.0,Deficient,Deficient
152,DAMOH,-3,18,400,MADHYA PRADESH,4.0,7.0,Normal,Normal
101,BIRBHUM,-14,18,307,WEST BENGAL,-21.0,-7.0,Normal,Deficient
720,WASHIM,-37,18,499,MAHARASHTRA,-30.0,7.0,Deficient,Deficient
117,CHAMBA,-17,18,16,HIMACHAL PRADESH,-10.0,7.0,Normal,Normal
717,WANAPARTHY,-35,18,693,TELANGANA,-28.0,7.0,Deficient,Deficient
528,PRAKASAM,-47,18,517,ANDHRA PRADESH,-40.0,7.0,Deficient,Deficient
67,BARGARH,43,18,347,ODISHA,36.0,-7.0,Excess,Excess
515,PATAN,-10,18,455,GUJARAT,-3.0,7.0,Normal,Normal
35,AURAIYA,25,18,122,UTTAR PRADESH,18.0,-7.0,Excess,Normal
337,KATNI,2,18,413,MADHYA PRADESH,9.0,7.0,Normal,Normal
341,KHAGARIA,-1,18,202,BIHAR,-8.0,-7.0,Normal,Normal
343,KHAMMAM,-17,18,509,TELANGANA,-10.0,7.0,Normal,Normal
510,PANNA,16,18,420,MADHYA PRADESH,23.0,7.0,Normal,Excess
614,SIDDIPET,6,18,692,TELANGANA,-1.0,-7.0,Normal,Normal
27,ANJAW,-89,18,628,ARUNACHAL PRADESH,-82.0,7.0,Large Deficient,Large Deficient
169,DHANBAD,3,18,325,JHARKHAND,-3.0,-6.0,Normal,Normal
568,ROHTAS,-22,18,215,BIHAR,-16.0,6.0,Deficient,Normal
740,YSR DISTRICT,-42,18,504,ANDHRA PRADESH,-48.0,-6.0,Deficient,Deficient
689,UDAIPUR,-27,18,117,RAJASTHAN,-33.0,-6.0,Deficient,Deficient
184,DINDORI,0,18,404,MADHYA PRADESH,6.0,6.0,Normal,Normal
559,RANIPET,-22,18,731,TAMIL NADU,-28.0,-6.0,Deficient,Deficient
23,ANAND,9,18,440,GUJARAT,3.0,-6.0,Normal,Normal
170,DHAR,-40,18,403,MADHYA PRADESH,-34.0,6.0,Deficient,Deficient
333,KASARGOD,-16,18,558,KERALA,-22.0,-6.0,Normal,Deficient
695,UKHRUL,-10,18,260,MANIPUR,-4.0,6.0,Normal,Normal
481,NEW DELHI,-6,18,79,DELHI,-0.0,6.0,Normal,Normal
685,TIRUVARUR,-34,18,590,TAMIL NADU,-28.0,6.0,Deficient,Deficient
22,ANAKAPALLI,-9,18,744,ANDHRA PRADESH,-3.0,6.0,Normal,Normal
96,BIJAPUR,11,18,636,CHHATTISGARH,5.0,-6.0,Normal,Normal
486,NIZAMABAD,-14,18,516,TELANGANA,-8.0,6.0,Normal,Normal
138,CHITRADURGA,-34,18,533,KARNATAKA,-28.0,6.0,Deficient,Deficient
619,SINGRAULI,11,18,638,MADHYA PRADESH,17.0,6.0,Normal,Normal
128,CHATRA,-27,18,323,JHARKHAND,-21.0,6.0,Deficient,Deficient
585,SANGRUR,-53,18,43,PUNJAB,-47.0,6.0,Deficient,Deficient
500,PALAKKAD,-30,18,563,KERALA,-24.0,6.0,Deficient,Deficient
542,RAIGAD,-6,18,491,MAHARASHTRA,-0.0,6.0,Normal,Normal
256,HARDWAR,18,18,50,UTTARAKHAND,12.0,-6.0,Normal,Normal
649,SRI GANGANAGAR,-13,18,100,RAJASTHAN,-7.0,6.0,Normal,Normal
293,J. BHUPALPALLY,-11,18,687,TELANGANA,-5.0,6.0,Normal,Normal
437,MOHALA MANPUR CHOWKI,-2,18,761,CHHATTISGARH,-8.0,-6.0,Normal,Normal
273,JAGATSINGHPUR,30,18,355,ODISHA,24.0,-6.0,Excess,Excess
504,PALNADU,-33,18,751,ANDHRA PRADESH,-27.0,6.0,Deficient,Deficient
262,HISAR,-23,18,63,HARYANA,-29.0,-6.0,Deficient,Deficient
12,ALIRAJPUR,-45,18,639,MADHYA PRADESH,-51.0,-6.0,Deficient,Deficient
30,ARARIA,-35,18,188,BIHAR,-29.0,6.0,Deficient,Deficient
316,KANCHEEPURAM,-35,18,574,TAMIL NADU,-29.0,6.0,Deficient,Deficient
459,NAGPUR,-34,18,484,MAHARASHTRA,-28.0,6.0,Deficient,Deficient
242,GUNA,12,18,406,MADHYA PRADESH,6.0,-6.0,Normal,Normal
236,GOMATI,-23,18,654,TRIPURA,-17.0,6.0,Deficient,Normal
216,GADCHIROLI,-16,18,475,MAHARASHTRA,-10.0,6.0,Normal,Normal
433,MEHSANA,-18,18,451,GUJARAT,-12.0,6.0,Normal,Normal
212,FAZILKA,-51,18,651,PUNJAB,-45.0,6.0,Deficient,Deficient
467,NANDURBAR,-39,18,486,MAHARASHTRA,-33.0,6.0,Deficient,Deficient
20,AMRITSAR,-19,18,27,PUNJAB,-13.0,6.0,Normal,Normal
560,RATLAM,-35,18,423,MADHYA PRADESH,-30.0,5.0,Deficient,Deficient
503,PALI,-54,18,111,RAJASTHAN,-49.0,5.0,Deficient,Deficient
520,PEDDAPALLE,-9,18,682,TELANGANA,-4.0,5.0,Normal,Normal
555,RAMGARH,2,18,607,JHARKHAND,7.0,5.0,Normal,Normal
741,ZUNHEBOTO,47,18,251,NAGALAND,42.0,-5.0,Excess,Excess
495,NORTH WEST DELHI,3,18,82,DELHI,-2.0,-5.0,Normal,Normal
697,UNA,-16,18,26,HIMACHAL PRADESH,-21.0,-5.0,Normal,Deficient
282,JALNA,-48,18,479,MAHARASHTRA,-43.0,5.0,Deficient,Deficient
272,JABALPUR,-12,18,411,MADHYA PRADESH,-7.0,5.0,Normal,Normal
260,HAZARIBAG,-18,18,332,JHARKHAND,-23.0,-5.0,Normal,Deficient
210,FATEHGARH SAHIB,-67,18,30,PUNJAB,-62.0,5.0,Large Deficient,Large Deficient
681,TIRUPATI,-44,18,752,ANDHRA PRADESH,-39.0,5.0,Deficient,Deficient
200,EAST SINGHBHUM,10,18,327,JHARKHAND,15.0,5.0,Normal,Normal
190,DURG,-1,18,378,CHHATTISGARH,4.0,5.0,Normal,Normal
696,UMARIA,21,18,436,MADHYA PRADESH,26.0,5.0,Excess,Excess
141,CHITTORGARH,-24,18,95,RAJASTHAN,-19.0,5.0,Deficient,Normal
651,SRINAGAR,4,18,13,JAMMU & KASHMIR,9.0,5.0,Normal,Normal
712,VIKARABAD,-27,18,698,TELANGANA,-22.0,5.0,Deficient,Deficient
124,CHANDRAPUR,-33,18,473,MAHARASHTRA,-28.0,5.0,Deficient,Deficient
114,CACHAR,-11,18,282,ASSAM,-16.0,-5.0,Normal,Normal
91,BHIND,36,18,395,MADHYA PRADESH,41.0,5.0,Excess,Excess
83,BHADRAK,37,18,348,ODISHA,32.0,-5.0,Excess,Excess
39,BADAUN,16,18,133,UTTAR PRADESH,21.0,5.0,Normal,Excess
732,WEST TRIPURA,5,18,272,TRIPURA,-0.0,-5.0,Normal,Normal
5,AHMEDNAGAR,-47,18,466,MAHARASHTRA,-42.0,5.0,Deficient,Deficient
287,JAMTARA,1,18,333,JHARKHAND,-4.0,-5.0,Normal,Normal
286,JAMNAGAR,-50,18,447,GUJARAT,-45.0,5.0,Deficient,Deficient
340,KEONJHARGARH,55,18,361,ODISHA,50.0,-5.0,Excess,Excess
372,KRISHNA,-10,18,510,ANDHRA PRADESH,-5.0,5.0,Normal,Normal
403,MAHABUBABAD,-19,18,688,TELANGANA,-14.0,5.0,Normal,Normal
477,NAWAPARA,32,18,368,ODISHA,27.0,-5.0,Excess,Excess
466,NANDED,-35,18,485,MAHARASHTRA,-30.0,5.0,Deficient,Deficient
454,NADIA,-22,18,320,WEST BENGAL,-17.0,5.0,Deficient,Normal
401,MADHUBANI,-35,18,206,BIHAR,-30.0,5.0,Deficient,Deficient
616,SIKAR,-7,18,114,RAJASTHAN,-12.0,-5.0,Normal,Normal
404,MAHABUBNAGAR,-21,18,512,TELANGANA,-26.0,-5.0,Deficient,Deficient
434,MIRZAPUR,-1,18,170,UTTAR PRADESH,4.0,5.0,Normal,Normal
708,VELLORE,-36,18,595,TAMIL NADU,-32.0,4.0,Deficient,Deficient
429,MAYILADUTHURAI,-29,18,735,TAMIL NADU,-25.0,4.0,Deficient,Deficient
611,SHRAWASTI,-15,18,181,UTTAR PRADESH,-11.0,4.0,Normal,Normal
105,BOKARO,-3,18,322,JHARKHAND,1.0,4.0,Normal,Normal
320,KANNAUJ,64,18,155,UTTAR PRADESH,60.0,-4.0,Large Excess,Large Excess
93,BHOJPUR,-33,18,193,BIHAR,-29.0,4.0,Deficient,Deficient
61,BANSWARA,-41,18,88,RAJASTHAN,-37.0,4.0,Deficient,Deficient
562,RAYAGADA,4,18,370,ODISHA,0.0,-4.0,Normal,Normal
57,BANDA,77,18,128,UTTAR PRADESH,81.0,4.0,Large Excess,Large Excess
56,BANASKANTHA,-26,18,441,GUJARAT,-22.0,4.0,Deficient,Deficient
731,WEST SINGHBHUM,38,18,343,JHARKHAND,34.0,-4.0,Excess,Excess
6,AIZAWL,-12,18,261,MIZORAM,-16.0,-4.0,Normal,Normal
571,SABARKANTHA,-34,18,458,GUJARAT,-30.0,4.0,Deficient,Deficient
89,BHAVNAGAR,10,18,443,GUJARAT,6.0,-4.0,Normal,Normal
548,RAJKOT,-28,18,457,GUJARAT,-24.0,4.0,Deficient,Deficient
154,DANTEWADA,-4,18,376,CHHATTISGARH,0.0,4.0,Normal,Normal
629,SONBHADRA,1,18,184,UTTAR PRADESH,5.0,4.0,Normal,Normal
307,KAITHAL,-44,18,66,HARYANA,-40.0,4.0,Deficient,Deficient
305,JUNAGADH,-20,18,448,GUJARAT,-24.0,-4.0,Deficient,Deficient
300,JHUNJHUNU,2,18,106,RAJASTHAN,6.0,4.0,Normal,Normal
656,SUPAUL,-25,18,223,BIHAR,-21.0,4.0,Deficient,Deficient
294,JHABUA,-35,18,412,MADHYA PRADESH,-39.0,-4.0,Deficient,Deficient
592,SAWAI MADHOPUR,-13,18,113,RAJASTHAN,-9.0,4.0,Normal,Normal
345,KHARGONE,5,18,414,MADHYA PRADESH,1.0,-4.0,Normal,Normal
159,DAUSA,9,18,97,RAJASTHAN,5.0,-4.0,Normal,Normal
350,KHURDA,31,18,362,ODISHA,35.0,4.0,Excess,Excess
489,NORTH DINAJPUR,-33,18,311,WEST BENGAL,-29.0,4.0,Deficient,Deficient
2,AGAR-MALWA,8,18,667,MADHYA PRADESH,12.0,4.0,Normal,Normal
623,SIRSA,-55,18,74,HARYANA,-51.0,4.0,Deficient,Deficient
692,UDHAM SINGH NAGAR,15,18,56,UTTARAKHAND,19.0,4.0,Normal,Normal
609,SHOLAPUR,-59,18,496,MAHARASHTRA,-56.0,3.0,Deficient,Deficient
672,THIRUVALLUR,-28,18,589,TAMIL NADU,-31.0,-3.0,Deficient,Deficient
719,WARDHA,-34,18,498,MAHARASHTRA,-31.0,3.0,Deficient,Deficient
735,YADGIR,-30,18,635,KARNATAKA,-33.0,-3.0,Deficient,Deficient
622,SIROHI,-46,18,115,RAJASTHAN,-43.0,3.0,Deficient,Deficient
652,SRI SATHYASAI DISTRICT,-48,18,754,ANDHRA PRADESH,-51.0,-3.0,Deficient,Deficient
671,THIRUCHIRAPALLI,-39,18,591,TAMIL NADU,-36.0,3.0,Deficient,Deficient
365,KOPPAL,-36,18,543,KARNATAKA,-33.0,3.0,Deficient,Deficient
281,JALGAON,-11,18,478,MAHARASHTRA,-8.0,3.0,Normal,Normal
398,LUDHIANA,-49,18,36,PUNJAB,-46.0,3.0,Deficient,Deficient
473,NARSINGHPUR,-3,18,418,MADHYA PRADESH,-6.0,-3.0,Normal,Normal
147,CUTTACK,39,18,350,ODISHA,36.0,-3.0,Excess,Excess
80,BETUL,-31,18,394,MADHYA PRADESH,-28.0,3.0,Deficient,Deficient
86,BHARATPUR,25,18,91,RAJASTHAN,22.0,-3.0,Excess,Excess
90,BHILWARA,-30,18,92,RAJASTHAN,-27.0,3.0,Deficient,Deficient
283,JALORE,-59,18,104,RAJASTHAN,-56.0,3.0,Deficient,Deficient
432,MEERUT,64,18,169,UTTAR PRADESH,61.0,-3.0,Large Excess,Large Excess
430,MAYURBHANJ,55,18,365,ODISHA,58.0,3.0,Excess,Excess
402,MADURAI,-18,18,578,TAMIL NADU,-15.0,3.0,Normal,Normal
380,KURUNG KUMEY,-48,18,233,ARUNACHAL PRADESH,-51.0,-3.0,Deficient,Deficient
271,INDORE,-27,18,410,MADHYA PRADESH,-24.0,3.0,Deficient,Deficient
113,BUXAR,-5,18,194,BIHAR,-8.0,-3.0,Normal,Normal
378,KURNOOL,-38,18,511,ANDHRA PRADESH,-35.0,3.0,Deficient,Deficient
120,CHAMPHAI,-30,18,262,MIZORAM,-27.0,3.0,Deficient,Deficient
121,CHANDAULI,-19,18,135,UTTAR PRADESH,-22.0,-3.0,Normal,Deficient
311,KALIMPONG,-19,18,702,WEST BENGAL,-22.0,-3.0,Normal,Deficient
312,KALLAKURICHI,-29,18,729,TAMIL NADU,-32.0,-3.0,Deficient,Deficient
313,KAMAREDDY,8,18,685,TELANGANA,5.0,-3.0,Normal,Normal
355,KODAGU,-31,18,541,KARNATAKA,-28.0,3.0,Deficient,Deficient
348,KHOWAI,-2,18,652,TRIPURA,1.0,3.0,Normal,Normal
279,JALANDHAR,-48,18,34,PUNJAB,-51.0,-3.0,Deficient,Deficient
328,KARBI ANGLONG,-21,18,292,ASSAM,-18.0,3.0,Deficient,Normal
228,GAYA,-20,18,196,BIHAR,-23.0,-3.0,Deficient,Deficient
8,AKOLA,-41,18,467,MAHARASHTRA,-38.0,3.0,Deficient,Deficient
166,DEWAS,-13,18,402,MADHYA PRADESH,-16.0,-3.0,Normal,Normal
60,BANKURA,11,18,305,WEST BENGAL,14.0,3.0,Normal,Normal
171,DHARASHIV,-45,18,488,MAHARASHTRA,-48.0,-3.0,Deficient,Deficient
182,DIMAPUR,-5,18,244,NAGALAND,-8.0,-3.0,Normal,Normal
538,PURNEA,-42,18,214,BIHAR,-39.0,3.0,Deficient,Deficient
53,BALODA BAZAR,21,18,644,CHHATTISGARH,24.0,3.0,Excess,Excess
517,PATHANKOT,35,18,662,PUNJAB,38.0,3.0,Excess,Excess
545,RAISEN,-18,18,421,MADHYA PRADESH,-21.0,-3.0,Normal,Deficient
646,SPSR NELLORE,-37,18,515,ANDHRA PRADESH,-39.0,-2.0,Deficient,Deficient
189,DUNGARPUR,-28,18,99,RAJASTHAN,-30.0,-2.0,Deficient,Deficient
197,EAST KHASI HILLS,-40,18,274,MEGHALAYA,-42.0,-2.0,Deficient,Deficient
225,GARIABAND,36,18,645,CHHATTISGARH,34.0,-2.0,Excess,Excess
314,KAMRUP METROPOLITAN,-23,18,618,ASSAM,-25.0,-2.0,Deficient,Deficient
650,SRIKAKULAM,0,18,519,ANDHRA PRADESH,-2.0,-2.0,Normal,Normal
308,KAKINADA,-9,18,746,ANDHRA PRADESH,-7.0,2.0,Normal,Normal
137,CHIRANG,-44,18,612,ASSAM,-42.0,2.0,Deficient,Deficient
206,FARIDABAD,-5,18,60,HARYANA,-3.0,2.0,Normal,Normal
208,FARRUKHABAD,8,18,141,UTTAR PRADESH,10.0,2.0,Normal,Normal
705,VAISHALI,-37,18,224,BIHAR,-39.0,-2.0,Deficient,Deficient
149,DAHOD,-41,18,445,GUJARAT,-39.0,2.0,Deficient,Deficient
653,SUKMA,1,18,642,CHHATTISGARH,3.0,2.0,Normal,Normal
162,DEOGARH,35,18,351,ODISHA,37.0,2.0,Excess,Excess
303,JOGULAMBA GADWAL,-45,18,695,TELANGANA,-43.0,2.0,Deficient,Deficient
140,CHITTOOR,-36,18,503,ANDHRA PRADESH,-38.0,-2.0,Deficient,Deficient
702,UTTARA KANNADA,-30,18,550,KARNATAKA,-32.0,-2.0,Deficient,Deficient
657,SURAJPUR,5,18,648,CHHATTISGARH,7.0,2.0,Normal,Normal
143,CHURU,-11,18,96,RAJASTHAN,-9.0,2.0,Normal,Normal
251,HANUMAKONDA,-24,18,686,TELANGANA,-22.0,2.0,Deficient,Deficient
156,DARJEELING,-21,18,309,WEST BENGAL,-19.0,2.0,Deficient,Normal
561,RATNAGIRI,-18,18,492,MAHARASHTRA,-16.0,2.0,Normal,Normal
259,HAVERI,-42,18,540,KARNATAKA,-44.0,-2.0,Deficient,Deficient
326,KARAIKAL,-12,18,598,PUDUCHERRY,-10.0,2.0,Normal,Normal
150,DAKSHINA KANNADA,-24,18,534,KARNATAKA,-26.0,-2.0,Deficient,Deficient
267,HYDERABAD,-31,18,507,TELANGANA,-33.0,-2.0,Deficient,Deficient
129,CHENGALPATTU,-49,18,730,TAMIL NADU,-47.0,2.0,Deficient,Deficient
686,TONK,-16,18,116,RAJASTHAN,-14.0,2.0,Normal,Normal
436,MOGA,-42,18,38,PUNJAB,-40.0,2.0,Deficient,Deficient
95,BIDAR,-24,18,529,KARNATAKA,-22.0,2.0,Deficient,Deficient
25,ANANTNAG,1,18,1,JAMMU & KASHMIR,3.0,2.0,Normal,Normal
541,RAICHUR,-41,18,546,KARNATAKA,-39.0,2.0,Deficient,Deficient
588,SARANGARH BILAIGARH,27,18,763,CHHATTISGARH,25.0,-2.0,Excess,Excess
28,ANNAMAYYA DISTRICT,-59,18,753,ANDHRA PRADESH,-57.0,2.0,Deficient,Deficient
521,PERAMBALUR,-6,18,581,TAMIL NADU,-4.0,2.0,Normal,Normal
737,YANAM,2,18,601,PUDUCHERRY,4.0,2.0,Normal,Normal
59,BANKA,-24,18,190,BIHAR,-22.0,2.0,Deficient,Deficient
68,BARMER,-27,18,90,RAJASTHAN,-29.0,-2.0,Deficient,Deficient
581,SAMBALPUR,29,18,371,ODISHA,27.0,-2.0,Excess,Excess
133,CHHINDWARA,-21,18,399,MADHYA PRADESH,-23.0,-2.0,Deficient,Deficient
556,RAMPUR,3,18,176,UTTAR PRADESH,5.0,2.0,Normal,Normal
557,RANCHI,11,18,339,JHARKHAND,9.0,-2.0,Normal,Normal
606,SHIMLA,29,18,23,HIMACHAL PRADESH,27.0,-2.0,Excess,Excess
24,ANANTAPURAMU,-24,18,502,ANDHRA PRADESH,-22.0,2.0,Deficient,Deficient
104,B. KOTHAGUDEM,-21,18,690,TELANGANA,-19.0,2.0,Deficient,Normal
420,MANDLA,2,18,415,MADHYA PRADESH,4.0,2.0,Normal,Normal
415,MALDA,-29,18,316,WEST BENGAL,-31.0,-2.0,Deficient,Deficient
413,MAJULI,-25,18,706,ASSAM,-27.0,-2.0,Deficient,Deficient
111,BUNDI,-10,18,94,RAJASTHAN,-8.0,2.0,Normal,Normal
369,KOTA,-22,18,109,RAJASTHAN,-20.0,2.0,Deficient,Deficient
187,DR B R AMBEDKAR KONASEEMA,5,18,747,ANDHRA PRADESH,3.0,-2.0,Normal,Normal
709,VIDISHA,-18,18,437,MADHYA PRADESH,-16.0,2.0,Normal,Normal
630,SONEPAT,-32,18,75,HARYANA,-30.0,2.0,Deficient,Deficient
636,SOUTH DELHI,-10,18,83,DELHI,-8.0,2.0,Normal,Normal
19,AMRELI,0,18,439,GUJARAT,-1.0,-1.0,Normal,Normal
11,ALIPURDUAR,-14,18,664,WEST BENGAL,-15.0,-1.0,Normal,Normal
186,DODA,-10,18,4,JAMMU & KASHMIR,-11.0,-1.0,Normal,Normal
739,YEOTMAL,-27,18,500,MAHARASHTRA,-26.0,1.0,Deficient,Deficient
706,VALSAD,39,18,462,GUJARAT,40.0,1.0,Excess,Excess
148,DADARA & NAGAR HAVELI,38,18,465,DADRA & NAGAR HAVELI AND DAMAN & DIU,37.0,-1.0,Excess,Excess
694,UJJAIN,-27,18,435,MADHYA PRADESH,-26.0,1.0,Deficient,Deficient
38,AZAMGARH,-15,18,123,UTTAR PRADESH,-16.0,-1.0,Normal,Normal
71,BARWANI,-11,18,393,MADHYA PRADESH,-12.0,-1.0,Normal,Normal
72,BASTAR,17,18,374,CHHATTISGARH,16.0,-1.0,Normal,Normal
74,BEED,-49,18,470,MAHARASHTRA,-48.0,1.0,Deficient,Deficient
110,BULDHANA,-21,18,472,MAHARASHTRA,-22.0,-1.0,Deficient,Deficient
123,CHANDIGARH,-14,18,44,CHANDIGARH,-15.0,-1.0,Normal,Normal
132,CHHATRAPATI SAMBHAJINAGAR,-19,18,469,MAHARASHTRA,-20.0,-1.0,Normal,Deficient
570,RUPNAGAR,-29,18,42,PUNJAB,-30.0,-1.0,Deficient,Deficient
1,ADILABAD,-27,18,501,TELANGANA,-26.0,1.0,Deficient,Deficient
191,EAST CHAMPARAN,-41,18,213,BIHAR,-42.0,-1.0,Deficient,Deficient
492,NORTH GOA,-40,18,551,GOA,-39.0,1.0,Deficient,Deficient
624,SITAMARHI,-49,18,221,BIHAR,-48.0,1.0,Deficient,Deficient
201,ELURU,-14,18,748,ANDHRA PRADESH,-15.0,-1.0,Normal,Normal
621,SIRMAUR,11,18,24,HIMACHAL PRADESH,12.0,1.0,Normal,Normal
390,LATUR,-39,18,481,MAHARASHTRA,-38.0,1.0,Deficient,Deficient
414,MALAPPURAM,-27,18,562,KERALA,-26.0,1.0,Deficient,Deficient
421,MANDSAUR,-9,18,416,MADHYA PRADESH,-8.0,1.0,Normal,Normal
457,NAGARKURNOOL,-27,18,694,TELANGANA,-28.0,-1.0,Deficient,Deficient
468,NANDYAL,-37,18,755,ANDHRA PRADESH,-38.0,-1.0,Deficient,Deficient
471,NARMADA,-3,18,452,GUJARAT,-4.0,-1.0,Normal,Normal
511,PAPUMPARA,-22,18,237,ARUNACHAL PRADESH,-23.0,-1.0,Deficient,Deficient
364,KONDAGAON,9,18,643,CHHATTISGARH,10.0,1.0,Normal,Normal
516,PATHANAMTHITTA,-11,18,564,KERALA,-12.0,-1.0,Normal,Normal
594,SEHORE,-17,18,427,MADHYA PRADESH,-18.0,-1.0,Normal,Normal
518,PATIALA,-47,18,41,PUNJAB,-46.0,1.0,Deficient,Deficient
537,PURI,39,18,369,ODISHA,38.0,-1.0,Excess,Excess
543,RAIGARH,-14,18,386,CHHATTISGARH,-13.0,1.0,Normal,Normal
546,RAJANNA SIRCILLA,4,18,683,TELANGANA,3.0,-1.0,Normal,Normal
551,RAJSAMAND,-33,18,112,RAJASTHAN,-32.0,1.0,Deficient,Deficient
554,RAMBAN,13,18,621,JAMMU & KASHMIR,12.0,-1.0,Normal,Normal
558,RANGAREDDY,-30,18,518,TELANGANA,-31.0,-1.0,Deficient,Deficient
371,KOZHIKODE,-17,18,561,KERALA,-16.0,1.0,Normal,Normal
373,KRISHNAGIRI,-25,18,577,TAMIL NADU,-24.0,1.0,Deficient,Deficient
261,HINGOLI,-49,18,477,MAHARASHTRA,-50.0,-1.0,Deficient,Deficient
238,GONDIA,-1,18,476,MAHARASHTRA,-2.0,-1.0,Normal,Normal
360,KOLASIB,-1,18,263,MIZORAM,0.0,1.0,Normal,Normal
252,HANUMANGARH,-41,18,101,RAJASTHAN,-40.0,1.0,Deficient,Deficient
361,KOLHAPUR,-15,18,480,MAHARASHTRA,-16.0,-1.0,Normal,Normal
288,JAMUI,-38,18,198,BIHAR,-37.0,1.0,Deficient,Deficient
331,KARNAL,-36,18,67,HARYANA,-35.0,1.0,Deficient,Deficient
296,JHALAWAR,-8,18,105,RAJASTHAN,-7.0,1.0,Normal,Normal
276,JAIPUR,-19,18,102,RAJASTHAN,-20.0,-1.0,Normal,Deficient
306,KABIRDHAM,-8,18,382,CHHATTISGARH,-9.0,-1.0,Normal,Normal
224,GARHWAL TEHRI,33,18,55,UTTARAKHAND,34.0,1.0,Excess,Excess
711,VIJAYAPURA,-41,18,530,KARNATAKA,-41.0,0.0,Deficient,Deficient
217,GAJAPATI,-1,18,353,ODISHA,-1.0,0.0,Normal,Normal
578,SALEM,-27,18,584,TAMIL NADU,-27.0,0.0,Deficient,Deficient
577,SAKTI,-10,18,762,CHHATTISGARH,-10.0,0.0,Normal,Normal
205,ETAWAH,32,18,139,UTTAR PRADESH,32.0,0.0,Excess,Excess
165,DEVBHOOMI DWARKA,-73,18,674,GUJARAT,-73.0,0.0,Large Deficient,Large Deficient
502,PALGHAR,18,18,665,MAHARASHTRA,18.0,0.0,Normal,Normal
665,TARN TARAN,-55,18,609,PUNJAB,-55.0,0.0,Deficient,Deficient
512,PARBHANI,-40,18,489,MAHARASHTRA,-40.0,0.0,Deficient,Deficient
280,JALAUN,32,18,151,UTTAR PRADESH,32.0,0.0,Excess,Excess
302,JODHPUR,-33,18,107,RAJASTHAN,-33.0,0.0,Deficient,Deficient
458,NAGAUR,-11,18,110,RAJASTHAN,-11.0,0.0,Normal,Normal
608,SHIVPURI,24,18,432,MADHYA PRADESH,24.0,0.0,Excess,Excess
317,KANDHAMAL,29,18,359,ODISHA,29.0,0.0,Excess,Excess
134,CHHOTA UDEPUR,-30,18,668,GUJARAT,-30.0,0.0,Deficient,Deficient
336,KATIHAR,-36,18,201,BIHAR,-36.0,0.0,Deficient,Deficient
716,VIZIANAGARAM,-5,18,521,ANDHRA PRADESH,-5.0,0.0,Normal,Normal
661,SURYAPET,-22,18,696,TELANGANA,-22.0,0.0,Deficient,Deficient
