dist_lgd,state,district
766,Arunachal Pradesh,Itanagar capital complex
718,Arunachal Pradesh,Kamle
677,Arunachal Pradesh,Kra Daadi
724,Arunachal Pradesh,Leparada
666,Arunachal Pradesh,Longding
719,Arunachal Pradesh,Lower Siang
678,Arunachal Pradesh,Namsai
723,Arunachal Pradesh,Pakke Kessang
725,Arunachal Pradesh,Shi Yomi
679,Arunachal Pradesh,Siang
739,Assam,Bajali
705,Assam,Biswanath
708,Assam,Charaideo
709,Assam,Hojai
706,Assam,Majuli
707,Assam,South Salmara Mancachar
756,Assam,Tamulpur
710,Assam,West Karbi Anglong
671,Delhi,Shahdara
553,Lakshadweep,Lakshadweep District
713,Manipur,Jiribam
711,Manipur,Kakching
717,Manipur,Kamjong
712,Manipur,Kangpokpi
714,Manipur,Noney
715,Manipur,Pherzawl
716,Manipur,Tengnoupal
740,Meghalaya,Eastern West Khasi Hills
726,Mizoram,Hnahthial
728,Mizoram,Khawzawl
727,Mizoram,Saitual
758,Nagaland,Chumoukedima
764,Nagaland,Niuland
736,Nagaland,Noklak
765,Nagaland,Shamator
757,Nagaland,Tseminyu
599,Puducherry,Mahe
601,Puducherry,Yanam
776,Rajasthan,Anoopgarh
775,Rajasthan,Balotra
774,Rajasthan,Beawar
767,Rajasthan,Deeg
768,Rajasthan,Didwana Kuchaman
769,Rajasthan,Dudu
771,Rajasthan,Gangapurcity
783,Rajasthan,Jaipur Gramin
778,Rajasthan,Jodhpur Gramin
781,Rajasthan,Kekri
770,Rajasthan,Khairthal-Tijara
782,Rajasthan,Kotputli-Behror
773,Rajasthan,Neem Ka Thana
772,Rajasthan,Phalodi
777,Rajasthan,Salumbar
779,Rajasthan,Sanchor
780,Rajasthan,Shahpura
45,Uttarakhand,Almora
46,Uttarakhand,Bageshwar
47,Uttarakhand,Chamoli
48,Uttarakhand,Champawat
52,Uttarakhand,Pauri Garhwal
53,Uttarakhand,Pithoragarh
54,Uttarakhand,Rudra Prayag
55,Uttarakhand,Tehri Garhwal
57,Uttarakhand,Uttar Kashi
