dist_lgd,district,state,state_lgd,area_km2,lat,lon,boundary_vintage,notes
603,Nicobars,Andaman and Nicobar,35,1778.0,6.9987,93.8237,2011_c,
632,North And Middle Andaman,Andaman and Nicobar,35,3447.6,13.2284,92.9529,2011_c,
602,South Andamans,Andaman and Nicobar,35,2529.8,10.7064,92.4891,2011_c,
745,Alluri Sitharama Raju,Andhra Pradesh,28,12680.5,17.8861,82.214,2022,
744,Anakapalli,Andhra Pradesh,28,4030.7,17.6711,82.7496,2022,
502,Anantapur,Andhra Pradesh,28,10186.3,14.7238,77.4305,unknown,
753,Annamayya,Andhra Pradesh,28,8983.4,13.8965,78.6534,2022,
750,Bapatla,Andhra Pradesh,28,3879.6,15.9336,80.3867,2022,
503,Chittoor,Andhra Pradesh,28,6695.5,13.2036,79.0037,unknown,
505,East Godavari,Andhra Pradesh,28,2604.5,16.9963,81.7158,unknown,
748,Eluru,Andhra Pradesh,28,6585.5,17.0025,81.0887,2022,
506,Guntur,Andhra Pradesh,28,2421.6,16.2851,80.5698,unknown,
746,Kakinada,Andhra Pradesh,28,3053.6,17.12,82.1844,2022,
747,Konaseema,Andhra Pradesh,28,2384.1,16.6437,82.0769,2022,
510,Krishna,Andhra Pradesh,28,3830.3,16.2098,81.026,unknown,
511,Kurnool,Andhra Pradesh,28,7941.5,15.5478,77.5542,unknown,
755,Nandyal,Andhra Pradesh,28,9723.5,15.5248,78.4149,2022,
749,Ntr,Andhra Pradesh,28,3288.9,16.8167,80.2502,2022,
751,Palnadu,Andhra Pradesh,28,7300.7,16.3231,79.6976,2022,
743,Parvathipuram Manyam,Andhra Pradesh,28,3596.0,18.7518,83.5478,2022,
517,Prakasam,Andhra Pradesh,28,14271.5,15.6637,79.4732,unknown,
515,Spsr Nellore,Andhra Pradesh,28,10390.6,14.7172,79.6584,unknown,
754,Sri Sathya Sai,Andhra Pradesh,28,8942.1,14.168,77.964,2022,
519,Srikakulam,Andhra Pradesh,28,4437.9,18.6228,84.1474,unknown,
752,Tirupati,Andhra Pradesh,28,8486.8,13.7797,79.8349,2022,
520,Visakhapatanam,Andhra Pradesh,28,994.7,17.805,83.2832,unknown,
521,Vizianagaram,Andhra Pradesh,28,3952.3,18.2759,83.4662,unknown,
523,West Godavari,Andhra Pradesh,28,2125.3,16.6443,81.6997,unknown,
504,Y.S.R.,Andhra Pradesh,28,10150.7,14.6707,78.6561,unknown,
628,Anjaw,Arunachal Pradesh,12,6048.4,28.0366,96.8464,2011_c,
229,Changlang,Arunachal Pradesh,12,5088.5,27.2695,96.0594,2011_c,
230,Dibang Valley,Arunachal Pradesh,12,9565.1,28.8708,95.9284,2011_c,
231,East Kameng,Arunachal Pradesh,12,4291.8,27.5649,92.9723,2011_c,
232,East Siang,Arunachal Pradesh,12,1737.5,28.0689,95.3927,2011_c,
766,Itanagar capital complex,Arunachal Pradesh,12,319.1,27.106,93.6643,2022,
718,Kamle,Arunachal Pradesh,12,1399.1,27.7321,94.129,2018,
677,Kra Daadi,Arunachal Pradesh,12,1987.4,27.9614,93.7779,2015_c,
233,Kurung Kumey,Arunachal Pradesh,12,4444.1,27.9827,93.1611,2011_c,
724,Leparada,Arunachal Pradesh,12,766.7,27.9168,94.7076,2018,
234,Lohit,Arunachal Pradesh,12,3252.3,27.9717,96.1938,2011_c,
666,Longding,Arunachal Pradesh,12,936.1,26.8783,95.3167,2012_c,
235,Lower Dibang Valley,Arunachal Pradesh,12,3485.2,28.2143,95.8792,2011_c,
719,Lower Siang,Arunachal Pradesh,12,1813.5,27.8024,94.568,2018,
236,Lower Subansiri,Arunachal Pradesh,12,1780.8,27.6052,93.7589,2011_c,
678,Namsai,Arunachal Pradesh,12,1178.3,27.6967,95.9982,2014_c,
723,Pakke Kessang,Arunachal Pradesh,12,2028.5,27.1518,93.0652,2018,
237,Papum Pare,Arunachal Pradesh,12,3127.4,27.2847,93.6165,2011_c,
725,Shi Yomi,Arunachal Pradesh,12,2617.5,28.6851,94.2384,2018,
679,Siang,Arunachal Pradesh,12,3090.2,28.4776,94.8183,2015_c,
238,Tawang,Arunachal Pradesh,12,2456.6,27.6611,91.907,2011_c,
239,Tirap,Arunachal Pradesh,12,1034.3,27.0322,95.4986,2011_c,
240,Upper Siang,Arunachal Pradesh,12,6701.5,28.7474,95.025,2011_c,
241,Upper Subansiri,Arunachal Pradesh,12,6396.9,28.2335,94.1041,2011_c,
242,West Kameng,Arunachal Pradesh,12,4916.5,27.3179,92.4454,2011_c,
243,West Siang,Arunachal Pradesh,12,1636.6,28.2018,94.5572,2011_c,
739,Bajali,Assam,18,357.2,26.5086,91.1247,2022,
616,Baksa,Assam,18,1612.0,26.6324,91.2041,2011_c,
280,Barpeta,Assam,18,1876.2,26.3583,91.0584,2011_c,
705,Biswanath,Assam,18,2453.1,26.7854,93.2587,2015_c,
281,Bongaigaon,Assam,18,974.1,26.3321,90.6348,2011_c,
282,Cachar,Assam,18,3783.8,24.7584,92.8814,2011_c,
708,Charaideo,Assam,18,1074.5,27.0702,95.065,2015_c,
612,Chirang,Assam,18,2037.3,26.6437,90.6294,2011_c,
283,Darrang,Assam,18,1536.3,26.4291,92.0045,2011_c,
284,Dhemaji,Assam,18,2466.7,27.594,94.7247,2011_c,
285,Dhubri,Assam,18,1583.4,26.1316,89.8816,2011_c,
286,Dibrugarh,Assam,18,3395.3,27.3982,94.9962,2011_c,
299,Dima Hasao,Assam,18,4883.7,25.3985,93.0769,2011_c,
287,Goalpara,Assam,18,1918.6,26.0478,90.599,2011_c,
288,Golaghat,Assam,18,3293.6,26.3125,93.9932,2011_c,
289,Hailakandi,Assam,18,1329.3,24.5079,92.6304,2011_c,
709,Hojai,Assam,18,1455.5,25.9632,92.9793,2015_c,
290,Jorhat,Assam,18,2050.9,26.6503,94.2697,2011_c,
291,Kamrup,Assam,18,3118.2,26.1396,91.2227,2011_c,
618,Kamrup Metro,Assam,18,960.7,26.1259,91.8626,2011_c,
292,Karbi Anglong,Assam,18,7325.0,26.0713,93.4514,2011_c,
293,Karimganj,Assam,18,1813.3,24.5831,92.3712,2011_c,
294,Kokrajhar,Assam,18,3109.2,26.4983,90.1338,2011_c,
295,Lakhimpur,Assam,18,2995.4,27.1707,94.187,2011_c,
706,Majuli,Assam,18,1013.4,26.9739,94.2837,2016_c,
296,Marigaon,Assam,18,1540.6,26.289,92.2911,2011_c,
297,Nagaon,Assam,18,2577.2,26.3307,92.7528,2011_c,
298,Nalbari,Assam,18,1060.0,26.3565,91.3998,2011_c,
300,Sivasagar,Assam,18,1568.6,26.9938,94.6218,2011_c,
301,Sonitpur,Assam,18,2775.9,26.7639,92.6067,2011_c,
707,South Salmara Mancachar,Assam,18,683.6,25.7606,89.894,2015_c,
756,Tamulpur,Assam,18,859.1,26.643,91.623,2022,
302,Tinsukia,Assam,18,3809.5,27.5972,95.5669,2011_c,
617,Udalguri,Assam,18,2067.7,26.6998,92.0442,2011_c,
710,West Karbi Anglong,Assam,18,3072.7,25.8524,92.5873,2016_c,
188,Araria,Bihar,10,2790.4,26.2651,87.3699,2011_c,
611,Arwal,Bihar,10,637.8,25.1813,84.6597,2011_c,
189,Aurangabad,Bihar,10,3306.1,24.8033,84.4114,2011_c,
190,Banka,Bihar,10,3025.6,24.8315,86.814,2011_c,
191,Begusarai,Bihar,10,1923.0,25.5123,86.0887,2011_c,
192,Bhagalpur,Bihar,10,2556.6,25.2863,87.1303,2011_c,
193,Bhojpur,Bihar,10,2389.7,25.4497,84.5635,2011_c,
194,Buxar,Bihar,10,1700.7,25.5047,84.1098,2011_c,
195,Darbhanga,Bihar,10,2517.4,26.083,86.0325,2011_c,
196,Gaya,Bihar,10,4968.4,24.6795,85.0116,2011_c,
197,Gopalganj,Bihar,10,2036.4,26.422,84.3735,2011_c,
198,Jamui,Bihar,10,3101.2,24.7558,86.3008,2011_c,
199,Jehanabad,Bihar,10,937.7,25.1527,85.0066,2011_c,
200,Kaimur (Bhabua),Bihar,10,3369.5,24.9761,83.5762,2011_c,
201,Katihar,Bihar,10,3044.0,25.5586,87.6457,2011_c,
202,Khagaria,Bihar,10,1492.5,25.493,86.6982,2011_c,
203,Kishanganj,Bihar,10,1929.1,26.2984,87.9467,2011_c,
204,Lakhisarai,Bihar,10,1220.7,25.1544,86.1745,2011_c,
205,Madhepura,Bihar,10,1807.6,25.7806,86.9365,2011_c,
206,Madhubani,Bihar,10,3501.3,26.3502,86.2297,2011_c,
207,Munger,Bihar,10,1411.5,25.2203,86.5161,2011_c,
208,Muzaffarpur,Bihar,10,3178.9,26.1483,85.3316,2011_c,
209,Nalanda,Bihar,10,2368.4,25.2116,85.4485,2011_c,
210,Nawada,Bihar,10,2491.7,24.8172,85.5178,2011_c,
211,Pashchim Champaran,Bihar,10,5229.8,27.052,84.3349,2011_c,
212,Patna,Bihar,10,3195.1,25.468,85.1953,2011_c,
213,Purbi Champaran,Bihar,10,3972.1,26.6389,84.8992,2011_c,
214,Purnia,Bihar,10,3229.4,25.7755,87.4086,2011_c,
215,Rohtas,Bihar,10,3846.6,24.9394,84.0206,2011_c,
216,Saharsa,Bihar,10,1668.3,25.8331,86.6144,2011_c,
217,Samastipur,Bihar,10,2673.9,25.7748,85.8672,2011_c,
218,Saran,Bihar,10,2641.1,25.9214,84.776,2011_c,
219,Sheikhpura,Bihar,10,678.6,25.1252,85.8161,2011_c,
220,Sheohar,Bihar,10,444.6,26.4937,85.2718,2011_c,
221,Sitamarhi,Bihar,10,2189.6,26.5713,85.6006,2011_c,
222,Siwan,Bihar,10,2220.3,26.1314,84.3901,2011_c,
223,Supaul,Bihar,10,2421.5,26.2768,86.796,2011_c,
224,Vaishali,Bihar,10,2037.7,25.7492,85.3972,2011_c,
44,Chandigarh,Chandigarh,4,114.7,30.7309,76.7842,2011_c,
646,Balod,Chhattisgarh,22,3369.1,20.7277,81.1441,update2014,
644,Baloda Bazar,Chhattisgarh,22,3964.8,21.5729,82.2996,update2014,
649,Balrampur,Chhattisgarh,22,6293.9,23.6284,83.481,2011_c,
374,Bastar,Chhattisgarh,22,5225.3,19.1244,81.8225,2011_c,
650,Bemetara,Chhattisgarh,22,2238.2,21.6753,81.4295,update2014,
636,Bijapur,Chhattisgarh,22,9274.8,18.769,80.7395,2011_c,
375,Bilaspur,Chhattisgarh,22,3543.9,22.164,82.1366,2011_c,
376,Dantewada,Chhattisgarh,22,2793.8,18.8053,81.4256,2011_c,
377,Dhamtari,Chhattisgarh,22,4086.7,20.5351,81.7158,2011_c,
378,Durg,Chhattisgarh,22,2297.6,21.1967,81.4005,2011_c,
645,Gariyaband,Chhattisgarh,22,4844.4,20.4292,82.2529,update2014,
734,Gaurella Pendra Marwahi,Chhattisgarh,22,1994.3,22.8312,81.9588,2020,
379,Janjgir-Champa,Chhattisgarh,22,2853.0,21.9867,82.5532,2011_c,
380,Jashpur,Chhattisgarh,22,5850.7,22.7703,83.971,2011_c,
382,Kabirdham,Chhattisgarh,22,4195.2,22.1151,81.2473,2011_c,
381,Kanker,Chhattisgarh,22,7190.7,20.1324,80.9859,2011_c,
759,Khairgarh Chhuikhadan Gandai,Chhattisgarh,22,2320.4,21.5295,80.9483,2022,
643,Kondagaon,Chhattisgarh,22,5077.9,19.7091,81.7639,update2014,
383,Korba,Chhattisgarh,22,6597.8,22.5199,82.6352,2011_c,
384,Korea,Chhattisgarh,22,2131.0,23.4764,82.4782,2011_c,
385,Mahasamund,Chhattisgarh,22,4752.1,21.1921,82.4888,2011_c,
760,Manendragarh Chirimiri Bharatpur,Chhattisgarh,22,4471.8,23.4315,82.1628,2022,
761,Mohla Manpur Ambagarh Chouki,Chhattisgarh,22,2489.4,20.4947,80.7997,2022,
647,Mungeli,Chhattisgarh,22,2776.9,22.2439,81.6541,update2014,
637,Narayanpur,Chhattisgarh,22,3900.6,19.5874,81.1141,2011_c,
386,Raigarh,Chhattisgarh,22,5550.2,22.2356,83.354,2011_c,
387,Raipur,Chhattisgarh,22,2904.5,21.283,81.8176,2011_c,
388,Rajnandgaon,Chhattisgarh,22,3260.7,21.0684,80.7969,2011_c,
762,Sakti,Chhattisgarh,22,1636.3,21.9269,82.9651,2022,
763,Sarangarh Bilaigarh,Chhattisgarh,22,2198.0,21.5431,83.1262,2022,
642,Sukma,Chhattisgarh,22,5652.8,18.2801,81.3134,update2014,
648,Surajpur,Chhattisgarh,22,5427.0,23.3575,82.9757,update2014,
389,Surguja,Chhattisgarh,22,4010.3,22.9463,83.1659,2011_c,
465,Dadra And Nagar Haveli,"Dadra,Nagar Haveli,Daman and Diu",38,490.1,20.2043,73.0067,2011_c,
463,Daman,"Dadra,Nagar Haveli,Daman and Diu",38,71.5,20.4224,72.8389,2011_c,
464,Diu,"Dadra,Nagar Haveli,Daman and Diu",38,38.9,20.7213,70.9343,2011_c,
77,Central,Delhi,7,106.6,28.6796,77.2146,2011_c,
78,East,Delhi,7,31.5,28.6211,77.3103,2011_c,
79,New Delhi,Delhi,7,156.7,28.5645,77.1238,2011_c,
80,North,Delhi,7,291.4,28.7841,77.0992,2011_c,
81,North East,Delhi,7,35.3,28.7279,77.261,2011_c,
82,North West,Delhi,7,153.9,28.7371,77.0122,2011_c,
671,Shahdara,Delhi,7,34.4,28.6771,77.2961,update2014,
83,South,Delhi,7,159.3,28.487,77.1972,2011_c,
670,South East,Delhi,7,101.4,28.5448,77.2741,update2014,
84,South West,Delhi,7,283.3,28.5855,76.9785,2011_c,
85,West,Delhi,7,131.4,28.649,77.0901,2011_c,
551,North Goa,Goa,30,1743.3,15.5341,74.0201,2011_c,
552,South Goa,Goa,30,1953.6,15.1958,74.123,2011_c,
438,Ahmadabad,Gujarat,24,7242.0,22.7397,72.2956,2011_c,
439,Amreli,Gujarat,24,7314.9,21.4179,71.216,2011_c,
440,Anand,Gujarat,24,3174.4,22.4205,72.7173,2011_c,
672,Arvalli,Gujarat,24,3151.5,23.4839,73.3986,update2014,
441,Banas Kantha,Gujarat,24,10763.7,24.2697,72.1629,2011_c,
442,Bharuch,Gujarat,24,4928.9,21.8206,72.9749,2011_c,
443,Bhavnagar,Gujarat,24,6763.4,21.563,71.9071,2011_c,
676,Botad,Gujarat,24,2479.8,22.0467,71.669,update2014,
668,Chhotaudepur,Gujarat,24,3456.8,22.2226,73.7778,update2014,
444,Dang,Gujarat,24,1766.3,20.789,73.7091,2011_c,
674,Devbhumi Dwarka,Gujarat,24,4158.9,22.1392,69.4288,update2014,
445,Dohad,Gujarat,24,3642.2,22.9196,74.1343,2011_c,
446,Gandhinagar,Gujarat,24,2102.7,23.282,72.6536,2011_c,
675,Gir Somnath,Gujarat,24,2644.2,20.9299,70.7622,update2014,
447,Jamnagar,Gujarat,24,5917.3,22.2795,70.1263,2011_c,
448,Junagadh,Gujarat,24,6146.6,21.3068,70.4563,2011_c,
449,Kachchh,Gujarat,24,40697.5,23.7312,69.845,2011_c,
450,Kheda,Gujarat,24,3442.0,22.8533,72.9954,2011_c,
451,Mahesana,Gujarat,24,4418.6,23.5705,72.4566,2011_c,
669,Mahisagar,Gujarat,24,2511.9,23.1913,73.6644,update2014,
673,Morbi,Gujarat,24,4981.3,22.8098,70.8269,update2014,
452,Narmada,Gujarat,24,2818.3,21.7393,73.6263,2011_c,
453,Navsari,Gujarat,24,2204.6,20.8295,73.033,2011_c,
454,Panch Mahals,Gujarat,24,3283.9,22.6978,73.5981,2011_c,
455,Patan,Gujarat,24,5785.3,23.7738,71.6796,2011_c,
456,Porbandar,Gujarat,24,2314.1,21.6034,69.8531,2011_c,
457,Rajkot,Gujarat,24,7689.6,22.0693,71.0289,2011_c,
458,Sabar Kantha,Gujarat,24,4244.8,23.8686,73.0137,2011_c,
459,Surat,Gujarat,24,4333.6,21.1917,72.9609,2011_c,
460,Surendranagar,Gujarat,24,9175.4,22.8251,71.621,2011_c,
641,Tapi,Gujarat,24,3140.1,21.1887,73.5556,2011_c,
461,Vadodara,Gujarat,24,4092.9,22.3179,73.3049,2011_c,
462,Valsad,Gujarat,24,2949.6,20.4355,73.146,2011_c,
58,Ambala,Haryana,6,1514.0,30.3434,76.9502,2011_c,
59,Bhiwani,Haryana,6,3291.2,28.7322,75.8932,2011_c,
701,Charki Dadri,Haryana,6,1383.5,28.6001,76.1126,2016_c,
60,Faridabad,Haryana,6,741.7,28.357,77.3265,2011_c,
61,Fatehabad,Haryana,6,2527.5,29.5359,75.5753,2011_c,
62,Gurugram,Haryana,6,1251.8,28.3702,76.9415,2011_c,
63,Hisar,Haryana,6,4074.5,29.2399,75.8174,2011_c,
64,Jhajjar,Haryana,6,1858.8,28.598,76.6511,2011_c,
65,Jind,Haryana,6,2730.3,29.4504,76.2351,2011_c,
66,Kaithal,Haryana,6,2274.5,29.8534,76.4688,2011_c,
67,Karnal,Haryana,6,2477.4,29.7046,76.916,2011_c,
68,Kurukshetra,Haryana,6,1676.3,30.0607,76.7631,2011_c,
69,Mahendragarh,Haryana,6,1934.5,28.1331,76.1681,2011_c,
604,Nuh,Haryana,6,1515.1,27.994,77.0415,2011_c,
619,Palwal,Haryana,6,1359.7,28.0599,77.3224,2011_c,
70,Panchkula,Haryana,6,880.8,30.6996,76.9876,2011_c,
71,Panipat,Haryana,6,1303.0,29.3478,76.8871,2011_c,
72,Rewari,Haryana,6,1553.1,28.2181,76.5813,2011_c,
73,Rohtak,Haryana,6,1668.6,28.8904,76.5871,2011_c,
74,Sirsa,Haryana,6,4272.4,29.608,74.902,2011_c,
75,Sonipat,Haryana,6,2180.1,29.0414,76.9227,2011_c,
76,Yamunanagar,Haryana,6,1720.8,30.216,77.3259,2011_c,
15,Bilaspur,Himachal Pradesh,2,1165.7,31.4024,76.6407,2011_c,
16,Chamba,Himachal Pradesh,2,6513.7,32.6924,76.1629,2011_c,
17,Hamirpur,Himachal Pradesh,2,1115.7,31.654,76.5404,2011_c,
18,Kangra,Himachal Pradesh,2,5741.0,32.0759,76.3001,2011_c,
19,Kinnaur,Himachal Pradesh,2,6502.3,31.5866,78.3315,2011_c,
20,Kullu,Himachal Pradesh,2,5487.3,31.8778,77.4505,2011_c,
21,Lahul And Spiti,Himachal Pradesh,2,13957.5,32.502,77.5797,2011_c,
22,Mandi,Himachal Pradesh,2,3949.9,31.6517,77.0093,2011_c,
23,Shimla,Himachal Pradesh,2,5124.7,31.2397,77.7127,2011_c,
24,Sirmaur,Himachal Pradesh,2,2826.6,30.699,77.4498,2011_c,
25,Solan,Himachal Pradesh,2,1935.7,31.0535,76.8448,2011_c,
26,Una,Himachal Pradesh,2,1542.6,31.5826,76.2362,2011_c,
1,Anantnag,Jammu and Kashmir,1,2729.2,33.8096,75.2782,2011_c,
623,Bandipora,Jammu and Kashmir,1,4045.6,34.5411,74.9454,2011_c,
3,Baramulla,Jammu and Kashmir,1,2063.4,34.1722,74.3129,2011_c,
2,Budgam,Jammu and Kashmir,1,1250.5,33.9054,74.6237,2011_c,
4,Doda,Jammu and Kashmir,1,2409.8,33.1357,75.6021,2011_c,
626,Ganderbal,Jammu and Kashmir,1,1620.9,34.2539,74.958,2011_c,
5,Jammu,Jammu and Kashmir,1,2411.6,32.7695,74.922,2011_c,
7,Kathua,Jammu and Kashmir,1,2501.9,32.583,75.6104,2011_c,
620,Kishtwar,Jammu and Kashmir,1,8176.5,33.6165,75.8799,2011_c,
622,Kulgam,Jammu and Kashmir,1,1265.7,33.6541,74.6541,2011_c,
8,Kupwara,Jammu and Kashmir,1,2745.5,34.5194,74.2218,2011_c,
10,Poonch,Jammu and Kashmir,1,4246.8,33.7688,74.0145,2011_c,
11,Pulwama,Jammu and Kashmir,1,897.1,33.9478,75.0406,2011_c,
12,Rajouri,Jammu and Kashmir,1,2637.2,33.2671,74.3515,2011_c,
621,Ramban,Jammu and Kashmir,1,1289.2,33.296,75.1706,2011_c,
627,Reasi,Jammu and Kashmir,1,1933.8,33.206,74.8567,2011_c,
624,Samba,Jammu and Kashmir,1,928.4,32.5755,75.1213,2011_c,
625,Shopian,Jammu and Kashmir,1,505.9,33.7242,74.7783,2011_c,
13,Srinagar,Jammu and Kashmir,1,281.8,34.1169,74.7902,2011_c,
14,Udhampur,Jammu and Kashmir,1,2281.4,32.914,75.3286,2011_c,
322,Bokaro,Jharkhand,20,2880.0,23.6982,85.992,2011_c,
323,Chatra,Jharkhand,20,3805.7,24.0971,84.8672,2011_c,
324,Deoghar,Jharkhand,20,2485.4,24.3311,86.7193,2011_c,
325,Dhanbad,Jharkhand,20,2037.8,23.8448,86.4638,2011_c,
326,Dumka,Jharkhand,20,3760.2,24.3159,87.2764,2011_c,
327,East Singhbum,Jharkhand,20,3555.4,22.6134,86.3833,2011_c,
328,Garhwa,Jharkhand,20,4101.7,24.0528,83.6545,2011_c,
329,Giridih,Jharkhand,20,4964.0,24.3316,86.1594,2011_c,
330,Godda,Jharkhand,20,2283.2,24.8643,87.2991,2011_c,
331,Gumla,Jharkhand,20,5359.9,23.1588,84.4615,2011_c,
332,Hazaribagh,Jharkhand,20,4337.8,24.088,85.4953,2011_c,
333,Jamtara,Jharkhand,20,1807.9,23.981,86.9244,2011_c,
606,Khunti,Jharkhand,20,2635.8,22.9291,85.2823,2011_c,
334,Koderma,Jharkhand,20,1638.5,24.5422,85.6937,2011_c,
335,Latehar,Jharkhand,20,4243.1,23.6869,84.4993,2011_c,
336,Lohardaga,Jharkhand,20,1506.2,23.477,84.7004,2011_c,
337,Pakur,Jharkhand,20,1801.3,24.533,87.5953,2011_c,
338,Palamu,Jharkhand,20,4419.6,24.2181,84.1757,2011_c,
607,Ramgarh,Jharkhand,20,1393.6,23.6923,85.5223,2011_c,
339,Ranchi,Jharkhand,20,4985.9,23.2996,85.3748,2011_c,
340,Sahebganj,Jharkhand,20,2185.1,25.0321,87.6923,2011_c,
341,Saraikela Kharsawan,Jharkhand,20,2659.2,22.8231,85.9199,2011_c,
342,Simdega,Jharkhand,20,3778.1,22.5889,84.5469,2011_c,
343,West Singhbhum,Jharkhand,20,7223.6,22.4282,85.5327,2011_c,
524,Bagalkote,Karnataka,29,6563.6,16.2901,75.5809,2011_c,
528,Ballari,Karnataka,29,4252.9,15.3479,76.8052,2011_c,
527,Belagavi,Karnataka,29,13408.8,16.1581,74.8888,2011_c,
526,Bengaluru Rural,Karnataka,29,2298.1,13.1823,77.3395,2011_c,
525,Bengaluru Urban,Karnataka,29,2196.2,12.9453,77.5523,2011_c,
529,Bidar,Karnataka,29,5448.6,18.0207,77.2486,2011_c,
531,Chamarajanagara,Karnataka,29,5647.7,11.9545,77.1068,2011_c,
630,Chikkaballapura,Karnataka,29,4243.7,13.5899,77.7823,2011_c,
532,Chikkamagaluru,Karnataka,29,7203.0,13.4059,75.6388,2011_c,
533,Chitradurga,Karnataka,29,8436.1,14.3063,76.5287,2011_c,
534,Dakshina Kannada,Karnataka,29,4858.5,12.8225,75.2269,2011_c,
535,Davangere,Karnataka,29,4488.8,14.2559,75.8303,2011_c,
536,Dharwad,Karnataka,29,4258.7,15.3707,75.1333,2011_c,
537,Gadag,Karnataka,29,4656.8,15.416,75.6815,2011_c,
539,Hassan,Karnataka,29,6813.6,13.0302,76.1745,2011_c,
540,Haveri,Karnataka,29,4823.1,14.718,75.3873,2011_c,
538,Kalaburagi,Karnataka,29,10955.5,17.2406,76.7702,2011_c,
541,Kodagu,Karnataka,29,4102.7,12.3831,75.664,2011_c,
542,Kolar,Karnataka,29,3978.7,13.1799,78.2667,2011_c,
543,Koppal,Karnataka,29,5576.3,15.5748,76.3118,2011_c,
544,Mandya,Karnataka,29,4955.6,12.6369,76.7275,2011_c,
545,Mysuru,Karnataka,29,6315.4,12.1971,76.6121,2011_c,
546,Raichur,Karnataka,29,8442.7,16.0547,76.9009,2011_c,
631,Ramanagara,Karnataka,29,3513.0,12.7203,77.3178,2011_c,
547,Shivamogga,Karnataka,29,8474.7,14.0559,75.2382,2011_c,
548,Tumakuru,Karnataka,29,10598.7,13.4193,76.881,2011_c,
549,Udupi,Karnataka,29,3582.2,13.527,74.8731,2011_c,
550,Uttara Kannada,Karnataka,29,10295.3,14.7251,74.6407,2011_c,
738,Vijayanagar,Karnataka,29,5638.2,14.9434,76.0451,2022,
530,Vijayapura,Karnataka,29,10495.3,16.8144,75.8934,2011_c,
635,Yadgir,Karnataka,29,5274.4,16.5739,76.925,2011_c,
554,Alappuzha,Kerala,32,1420.3,9.5011,76.4129,2011_c,
555,Ernakulam,Kerala,32,3060.0,10.0456,76.4979,2011_c,
556,Idukki,Kerala,32,4357.2,9.8156,76.9993,2011_c,
557,Kannur,Kerala,32,2967.1,11.9881,75.5461,2011_c,
558,Kasaragod,Kerala,32,1992.8,12.4199,75.1907,2011_c,
559,Kollam,Kerala,32,2484.0,8.9675,76.8581,2011_c,
560,Kottayam,Kerala,32,2205.8,9.6288,76.6448,2011_c,
561,Kozhikode,Kerala,32,2348.4,11.4649,75.8915,2011_c,
562,Malappuram,Kerala,32,3554.9,11.1071,76.1096,2011_c,
563,Palakkad,Kerala,32,4482.7,10.7866,76.4737,2011_c,
564,Pathanamthitta,Kerala,32,2650.9,9.2771,76.9726,2011_c,
565,Thiruvananthapuram,Kerala,32,2193.1,8.5775,77.0498,2011_c,
566,Thrissur,Kerala,32,3021.8,10.4788,76.2732,2011_c,
567,Wayanad,Kerala,32,2131.1,11.7151,76.1267,2011_c,
6,Kargil,Ladakh,37,14205.2,33.8077,76.438,2011_c,
9,Leh Ladakh,Ladakh,37,154019.8,34.7119,78.248,2011_c,
553,Lakshadweep District,Lakshadweep,31,29.9,10.8117,73.6767,2011_c,
667,Agar Malwa,Madhya Pradesh,23,2732.2,23.9351,76.1451,update2014,
639,Alirajpur,Madhya Pradesh,23,3336.9,22.286,74.3546,2011_c,
390,Anuppur,Madhya Pradesh,23,3773.5,23.0346,81.751,2011_c,
391,Ashoknagar,Madhya Pradesh,23,4736.4,24.6186,77.8787,2011_c,
392,Balaghat,Madhya Pradesh,23,9249.3,21.8612,80.3237,2011_c,
393,Barwani,Madhya Pradesh,23,5429.0,21.7513,74.8916,2011_c,
394,Betul,Madhya Pradesh,23,10053.5,21.8799,77.8754,2011_c,
395,Bhind,Madhya Pradesh,23,4462.8,26.352,78.6863,2011_c,
396,Bhopal,Madhya Pradesh,23,2767.4,23.484,77.3929,2011_c,
397,Burhanpur,Madhya Pradesh,23,3225.1,21.3348,76.3709,2011_c,
398,Chhatarpur,Madhya Pradesh,23,8677.2,24.7605,79.6781,2011_c,
399,Chhindwara,Madhya Pradesh,23,11811.1,22.1401,78.8094,2011_c,
400,Damoh,Madhya Pradesh,23,7302.9,23.7981,79.5419,2011_c,
401,Datia,Madhya Pradesh,23,2686.6,25.9179,78.6647,2011_c,
402,Dewas,Madhya Pradesh,23,7012.3,22.8057,76.294,2011_c,
403,Dhar,Madhya Pradesh,23,8156.4,22.5787,75.2259,2011_c,
404,Dindori,Madhya Pradesh,23,5745.9,22.9069,80.8848,2011_c,
405,East Nimar,Madhya Pradesh,23,7469.6,21.977,76.5675,2011_c,
406,Guna,Madhya Pradesh,23,6380.5,24.5002,77.2601,2011_c,
407,Gwalior,Madhya Pradesh,23,4563.2,26.0286,78.157,2011_c,
408,Harda,Madhya Pradesh,23,3341.4,22.243,77.1182,2011_c,
410,Indore,Madhya Pradesh,23,3908.2,22.7108,75.8077,2011_c,
411,Jabalpur,Madhya Pradesh,23,5093.9,23.223,79.9826,2011_c,
412,Jhabua,Madhya Pradesh,23,3443.3,22.887,74.7243,2011_c,
413,Katni,Madhya Pradesh,23,5054.5,23.7177,80.261,2011_c,
414,Khargone,Madhya Pradesh,23,8026.5,21.9543,75.7522,2011_c,
415,Mandla,Madhya Pradesh,23,7512.0,22.6873,80.5816,2011_c,
416,Mandsaur,Madhya Pradesh,23,5551.7,24.2629,75.3858,2011_c,
417,Morena,Madhya Pradesh,23,4986.4,26.385,77.8613,2011_c,
409,Narmadapuram,Madhya Pradesh,23,6686.0,22.6003,77.927,2011_c,
418,Narsinghpur,Madhya Pradesh,23,5135.6,22.935,79.0865,2011_c,
419,Neemuch,Madhya Pradesh,23,4290.8,24.6296,75.1826,2011_c,
722,Niwari,Madhya Pradesh,23,1322.3,25.3123,78.6682,2018,
420,Panna,Madhya Pradesh,23,7099.1,24.4497,80.1462,2011_c,
421,Raisen,Madhya Pradesh,23,8477.5,23.2675,78.1728,2011_c,
422,Rajgarh,Madhya Pradesh,23,6166.8,23.8716,76.7745,2011_c,
423,Ratlam,Madhya Pradesh,23,4857.4,23.5029,74.955,2011_c,
424,Rewa,Madhya Pradesh,23,6297.6,24.7561,81.6545,2011_c,
425,Sagar,Madhya Pradesh,23,10267.7,23.8082,78.7581,2011_c,
426,Satna,Madhya Pradesh,23,7525.2,24.5776,80.809,2011_c,
427,Sehore,Madhya Pradesh,23,6568.5,23.1151,77.0666,2011_c,
428,Seoni,Madhya Pradesh,23,8760.6,22.2748,79.7203,2011_c,
429,Shahdol,Madhya Pradesh,23,5680.7,23.6531,81.4303,2011_c,
430,Shajapur,Madhya Pradesh,23,3462.1,23.4171,76.6075,2011_c,
431,Sheopur,Madhya Pradesh,23,6615.7,25.7496,76.9214,2011_c,
432,Shivpuri,Madhya Pradesh,23,10285.4,25.3741,77.8279,2011_c,
433,Sidhi,Madhya Pradesh,23,4775.7,24.2111,81.7,2011_c,
638,Singrauli,Madhya Pradesh,23,5766.1,24.2433,82.3828,2011_c,
434,Tikamgarh,Madhya Pradesh,23,3723.1,24.8552,79.0473,2011_c,
435,Ujjain,Madhya Pradesh,23,6101.5,23.2934,75.626,2011_c,
436,Umaria,Madhya Pradesh,23,4578.3,23.6432,80.9419,2011_c,
437,Vidisha,Madhya Pradesh,23,7303.6,23.8463,77.837,2011_c,
466,Ahmednagar,Maharashtra,27,17095.8,19.1625,74.8581,2011_c,
467,Akola,Maharashtra,27,5440.2,20.7614,77.1919,2011_c,
468,Amravati,Maharashtra,27,12204.8,21.1544,77.6446,2011_c,
469,Aurangabad,Maharashtra,27,10122.2,20.023,75.1506,2011_c,
470,Beed,Maharashtra,27,10607.3,18.9922,75.9101,2011_c,
471,Bhandara,Maharashtra,27,4137.4,21.1225,79.7945,2011_c,
472,Buldhana,Maharashtra,27,9742.3,20.5636,76.4087,2011_c,
473,Chandrapur,Maharashtra,27,11364.4,20.0969,79.5042,2011_c,
474,Dhule,Maharashtra,27,7188.7,21.1312,74.49,2011_c,
475,Gadchiroli,Maharashtra,27,14506.2,19.7575,80.1631,2011_c,
476,Gondia,Maharashtra,27,5183.0,21.1453,80.2682,2011_c,
477,Hingoli,Maharashtra,27,4711.3,19.6193,77.1889,2011_c,
478,Jalgaon,Maharashtra,27,11792.1,20.8423,75.5266,2011_c,
479,Jalna,Maharashtra,27,7676.8,19.9189,75.8705,2011_c,
480,Kolhapur,Maharashtra,27,7676.4,16.4619,74.0892,2011_c,
481,Latur,Maharashtra,27,7203.8,18.3554,76.755,2011_c,
482,Mumbai,Maharashtra,27,64.0,18.9732,72.8264,2011_c,
483,Mumbai Suburban,Maharashtra,27,431.7,19.1242,72.8949,2011_c,
484,Nagpur,Maharashtra,27,9897.3,21.1527,79.0145,2011_c,
485,Nanded,Maharashtra,27,10532.4,19.0934,77.4828,2011_c,
486,Nandurbar,Maharashtra,27,5959.2,21.5139,74.5411,2011_c,
487,Nashik,Maharashtra,27,15515.0,20.2252,74.1039,2011_c,
488,Osmanabad,Maharashtra,27,7576.7,18.1694,76.1171,2011_c,
665,Palghar,Maharashtra,27,5270.8,19.7573,73.0865,update2014,
489,Parbhani,Maharashtra,27,6307.6,19.2901,76.6019,2011_c,
490,Pune,Maharashtra,27,15651.6,18.6451,73.9211,2011_c,
491,Raigad,Maharashtra,27,6980.6,18.493,73.139,2011_c,
492,Ratnagiri,Maharashtra,27,8292.9,17.2826,73.4728,2011_c,
493,Sangli,Maharashtra,27,8606.0,17.1724,74.5859,2011_c,
494,Satara,Maharashtra,27,10477.3,17.6359,74.2981,2011_c,
495,Sindhudurg,Maharashtra,27,5106.5,16.1355,73.6534,2011_c,
496,Solapur,Maharashtra,27,14857.5,17.8499,75.2767,2011_c,
497,Thane,Maharashtra,27,4274.3,19.3593,73.3685,2011_c,
498,Wardha,Maharashtra,27,6307.6,20.8261,78.6129,2011_c,
499,Washim,Maharashtra,27,5132.6,20.2871,77.2371,2011_c,
500,Yavatmal,Maharashtra,27,13585.0,20.0642,78.3567,2011_c,
252,Bishnupur,Manipur,14,447.3,24.5239,93.7924,2011_c,
253,Chandel,Manipur,14,2066.6,24.1623,93.9711,2011_c,
254,Churachandpur,Manipur,14,2404.3,24.2783,93.6714,2011_c,
255,Imphal East,Manipur,14,465.4,24.8527,94.0101,2011_c,
256,Imphal West,Manipur,14,488.1,24.799,93.8599,2011_c,
713,Jiribam,Manipur,14,180.7,24.7043,93.111,2016_c,
711,Kakching,Manipur,14,289.8,24.3924,93.878,2016_c,
717,Kamjong,Manipur,14,2180.5,24.7899,94.3928,2016_c,
712,Kangpokpi,Manipur,14,1668.8,24.9711,94.102,2016_c,
714,Noney,Manipur,14,1208.1,24.6704,93.4873,2016_c,
715,Pherzawl,Manipur,14,2288.8,24.3689,93.2509,2016_c,
257,Senapati,Manipur,14,1815.7,25.3912,94.1479,2011_c,
258,Tamenglong,Manipur,14,2976.8,25.0641,93.5311,2011_c,
716,Tengnoupal,Manipur,14,1201.7,24.3773,94.2478,2016_c,
259,Thoubal,Manipur,14,331.4,24.618,93.9958,2011_c,
260,Ukhrul,Manipur,14,2330.0,25.2877,94.4608,2011_c,
273,East Garo Hills,Meghalaya,17,1608.3,25.6147,90.6356,2011_c,
657,East Jaintia Hills,Meghalaya,17,1928.0,25.2502,92.483,update2014,
274,East Khasi Hills,Meghalaya,17,2875.7,25.4066,91.8286,2011_c,
740,Eastern West Khasi Hills,Meghalaya,17,1366.3,25.6179,91.5649,2022,
656,North Garo Hills,Meghalaya,17,1249.0,25.8573,90.7018,update2014,
276,Ri Bhoi,Meghalaya,17,2368.9,25.8745,91.8556,2011_c,
277,South Garo Hills,Meghalaya,17,1856.4,25.3494,90.5781,2011_c,
663,South West Garo Hills,Meghalaya,17,805.8,25.4386,89.9951,update2014,
658,South West Khasi Hills,Meghalaya,17,1258.5,25.3096,91.3246,update2014,
278,West Garo Hills,Meghalaya,17,2641.7,25.606,90.2035,2011_c,
275,West Jaintia Hills,Meghalaya,17,1884.4,25.4361,92.2921,2011_c,
279,West Khasi Hills,Meghalaya,17,2573.1,25.5774,91.0813,2011_c,
261,Aizawl,Mizoram,15,2590.7,23.8658,92.9019,2011_c,
262,Champhai,Mizoram,15,1325.3,23.197,93.2712,2011_c,
726,Hnahthial,Mizoram,15,930.2,22.9563,93.0153,201920,
728,Khawzawl,Mizoram,15,1225.5,23.4995,93.1442,201920,
263,Kolasib,Mizoram,15,1598.8,24.1835,92.7121,2011_c,
264,Lawngtlai,Mizoram,15,2451.8,22.3688,92.7312,2011_c,
265,Lunglei,Mizoram,15,3588.2,22.9519,92.6342,2011_c,
266,Mamit,Mizoram,15,3026.9,23.756,92.4506,2011_c,
267,Saiha,Mizoram,15,1522.7,22.2872,93.0131,2011_c,
727,Saitual,Mizoram,15,1377.2,23.878,93.1859,201920,
268,Serchhip,Mizoram,15,1445.8,23.3032,92.8451,2011_c,
758,Chumoukedima,Nagaland,13,699.7,25.7617,93.7839,2022,
244,Dimapur,Nagaland,13,88.2,25.9087,93.7425,2011_c,
614,Kiphire,Nagaland,13,1141.2,25.806,94.8564,2011_c,
245,Kohima,Nagaland,13,1011.0,25.7206,94.1041,2011_c,
615,Longleng,Nagaland,13,567.2,26.5841,94.8047,2011_c,
246,Mokokchung,Nagaland,13,1612.3,26.4709,94.5086,2011_c,
247,Mon,Nagaland,13,2177.2,26.6604,94.9999,2011_c,
764,Niuland,Nagaland,13,82.1,25.8504,93.9199,2023,
736,Noklak,Nagaland,13,847.3,26.1077,95.0579,2022,
613,Peren,Nagaland,13,1723.8,25.45,93.6001,2011_c,
248,Phek,Nagaland,13,1859.5,25.6492,94.3783,2011_c,
765,Shamator,Nagaland,13,129.3,26.1336,94.9365,2023,
757,Tseminyu,Nagaland,13,282.7,25.9403,94.1667,2022,
249,Tuensang,Nagaland,13,1164.5,26.2198,94.7357,2011_c,
250,Wokha,Nagaland,13,1635.1,26.2415,94.1905,2011_c,
251,Zunheboto,Nagaland,13,1568.5,26.0128,94.5119,2011_c,
344,Anugul,Odisha,21,6373.2,21.1038,84.9546,2011_c,
345,Balangir,Odisha,21,6548.8,20.6097,83.1666,2011_c,
346,Baleshwar,Odisha,21,3717.9,21.5212,86.8798,2011_c,
347,Bargarh,Odisha,21,5836.6,21.2334,83.5671,2011_c,
348,Bhadrak,Odisha,21,2505.8,20.9845,86.5954,2011_c,
349,Boudh,Odisha,21,3102.4,20.64,83.9976,2011_c,
350,Cuttack,Odisha,21,3854.7,20.371,85.4663,2011_c,
351,Deogarh,Odisha,21,2955.9,21.4476,84.717,2011_c,
352,Dhenkanal,Odisha,21,4458.9,20.8355,85.6015,2011_c,
353,Gajapati,Odisha,21,4133.1,19.1973,84.1903,2011_c,
354,Ganjam,Odisha,21,8392.4,19.6104,84.7066,2011_c,
355,Jagatsinghapur,Odisha,21,1733.8,20.1848,86.3434,2011_c,
356,Jajapur,Odisha,21,2897.9,20.8751,86.1221,2011_c,
357,Jharsuguda,Odisha,21,2141.2,21.802,84.0158,2011_c,
358,Kalahandi,Odisha,21,7898.2,19.8262,83.0407,2011_c,
359,Kandhamal,Odisha,21,8020.0,20.1318,84.079,2011_c,
360,Kendrapara,Odisha,21,2533.2,20.548,86.5358,2011_c,
361,Kendujhar,Odisha,21,8302.2,21.5896,85.6681,2011_c,
362,Khordha,Odisha,21,2880.2,20.0545,85.5021,2011_c,
363,Koraput,Odisha,21,8389.8,18.7239,82.6085,2011_c,
364,Malkangiri,Odisha,21,5782.3,18.2758,81.9537,2011_c,
365,Mayurbhanj,Odisha,21,10410.3,21.9161,86.3965,2011_c,
366,Nabarangpur,Odisha,21,5454.6,19.6098,82.2992,2011_c,
367,Nayagarh,Odisha,21,3897.4,20.2393,85.0508,2011_c,
368,Nuapada,Odisha,21,3846.2,20.5406,82.5283,2011_c,
369,Puri,Odisha,21,3471.7,19.8351,85.6871,2011_c,
370,Rayagada,Odisha,21,7342.1,19.4425,83.5875,2011_c,
371,Sambalpur,Odisha,21,6581.2,21.5557,84.1529,2011_c,
372,Sonepur,Odisha,21,2362.4,20.8527,83.8518,2011_c,
373,Sundargarh,Odisha,21,9724.4,22.0604,83.9361,2011_c,
598,Karaikal,Puducherry,34,158.8,10.9156,79.8063,2011_c,
599,Mahe,Puducherry,34,9.0,11.7016,75.5355,2011_c,
600,Pondicherry,Puducherry,34,298.6,11.9221,79.7949,2011_c,
601,Yanam,Puducherry,34,37.8,16.7332,82.2052,2011_c,
27,Amritsar,Punjab,3,2678.4,31.7683,74.8315,2011_c,
605,Barnala,Punjab,3,1424.3,30.3717,75.504,2011_c,
28,Bathinda,Punjab,3,3378.3,30.1787,75.0473,2011_c,
29,Faridkot,Punjab,3,1460.9,30.6015,74.795,2011_c,
30,Fatehgarh Sahib,Punjab,3,1146.4,30.6634,76.3803,2011_c,
651,Fazilka,Punjab,3,2875.8,30.3198,74.1217,update2014,
31,Ferozepur,Punjab,3,2371.5,30.8751,74.6525,2011_c,
32,Gurdaspur,Punjab,3,2603.7,31.9037,75.2276,2011_c,
33,Hoshiarpur,Punjab,3,3382.5,31.6092,75.8464,2011_c,
34,Jalandhar,Punjab,3,2638.1,31.2922,75.568,2011_c,
35,Kapurthala,Punjab,3,1632.9,31.3855,75.305,2011_c,
36,Ludhiana,Punjab,3,3690.1,30.7894,75.827,2011_c,
737,Malerkotla,Punjab,3,682.0,30.5354,75.9093,2022,
37,Mansa,Punjab,3,2171.4,29.8761,75.489,2011_c,
38,Moga,Punjab,3,2250.8,30.7878,75.1594,2011_c,
662,Pathankot,Punjab,3,949.9,32.3024,75.6592,2011_c,
41,Patiala,Punjab,3,3321.2,30.2094,76.3402,2011_c,
42,Rupnagar,Punjab,3,1375.0,31.0919,76.5288,2011_c,
608,S.A.S Nagar,Punjab,3,1092.9,30.6482,76.7416,2011_c,
43,Sangrur,Punjab,3,2925.6,30.1362,75.8532,2011_c,
40,Shahid Bhagat Singh Nagar,Punjab,3,1263.8,31.127,76.1599,2011_c,
39,Sri Muktsar Sahib,Punjab,3,2640.9,30.2867,74.5262,2011_c,
609,Tarn Taran,Punjab,3,2415.1,31.3212,74.8416,2011_c,
86,Ajmer,Rajasthan,8,4055.3,26.5677,74.803,2011_c,
87,Alwar,Rajasthan,8,4750.7,27.4143,76.6171,2011_c,
776,Anoopgarh,Rajasthan,8,8856.6,29.0293,73.2106,2023,abolished Dec 2024 (Rajasthan); boundary kept until merged map available
775,Balotra,Rajasthan,8,10191.7,25.8442,72.2217,2023,
88,Banswara,Rajasthan,8,4509.8,23.4916,74.3501,2011_c,
89,Baran,Rajasthan,8,6994.3,24.9208,76.6823,2011_c,
90,Barmer,Rajasthan,8,18195.7,25.5816,71.1925,2011_c,
774,Beawar,Rajasthan,8,4411.2,26.0541,74.2031,2023,
91,Bharatpur,Rajasthan,8,2894.9,27.0244,77.2924,2011_c,
92,Bhilwara,Rajasthan,8,6297.2,25.4885,74.3294,2011_c,
93,Bikaner,Rajasthan,8,26103.9,28.1163,73.1105,2011_c,
94,Bundi,Rajasthan,8,5776.7,25.4378,75.7372,2011_c,
95,Chittorgarh,Rajasthan,8,7814.9,24.7167,74.4723,2011_c,
96,Churu,Rajasthan,8,13849.4,28.2055,74.6916,2011_c,
97,Dausa,Rajasthan,8,3415.7,26.8055,76.4451,2011_c,
767,Deeg,Rajasthan,8,2165.5,27.5088,77.2059,2023,
98,Dholpur,Rajasthan,8,3034.4,26.6533,77.6236,2011_c,
768,Didwana Kuchaman,Rajasthan,8,6802.9,27.1326,74.7735,2023,
769,Dudu,Rajasthan,8,2457.8,26.6734,75.402,2023,abolished Dec 2024 (Rajasthan); boundary kept until merged map available
99,Dungarpur,Rajasthan,8,3770.3,23.6735,73.8164,2011_c,
100,Ganganagar,Rajasthan,8,6221.7,29.5501,73.8338,2011_c,
771,Gangapurcity,Rajasthan,8,2555.7,26.6457,76.7002,2023,abolished Dec 2024 (Rajasthan); boundary kept until merged map available
101,Hanumangarh,Rajasthan,8,9709.8,29.3657,74.2988,2011_c,
102,Jaipur,Rajasthan,8,2125.2,26.9744,75.7165,2011_c,
783,Jaipur Gramin,Rajasthan,8,5260.9,27.0028,75.3604,2023,abolished Dec 2024 (Rajasthan); boundary kept until merged map available
103,Jaisalmer,Rajasthan,8,38449.6,27.0272,70.7778,2011_c,
104,Jalore,Rajasthan,8,10643.3,25.2095,72.3184,2011_c,
105,Jhalawar,Rajasthan,8,6343.1,24.3134,76.5222,2011_c,
106,Jhunjhunu,Rajasthan,8,4671.7,28.0809,75.3978,2011_c,
107,Jodhpur,Rajasthan,8,1553.5,26.334,73.0429,2011_c,
778,Jodhpur Gramin,Rajasthan,8,11723.3,26.4132,72.4125,2023,abolished Dec 2024 (Rajasthan); boundary kept until merged map available
108,Karauli,Rajasthan,8,3826.9,26.453,77.0162,2011_c,
781,Kekri,Rajasthan,8,3867.5,25.9933,74.9849,2023,abolished Dec 2024 (Rajasthan); boundary kept until merged map available
770,Khairthal-Tijara,Rajasthan,8,2006.3,27.9449,76.6677,2023,
109,Kota,Rajasthan,8,5089.7,25.1947,75.9995,2011_c,
782,Kotputli-Behror,Rajasthan,8,2919.9,27.7147,76.2631,2023,
110,Nagaur,Rajasthan,8,11006.8,26.9884,73.7398,2011_c,
773,Neem Ka Thana,Rajasthan,8,3172.6,27.697,75.7916,2023,abolished Dec 2024 (Rajasthan); boundary kept until merged map available
111,Pali,Rajasthan,8,9909.5,25.4544,73.4186,2011_c,
772,Phalodi,Rajasthan,8,9403.0,27.0785,72.5806,2023,
629,Pratapgarh,Rajasthan,8,4439.2,24.024,74.6249,2011_c,
112,Rajsamand,Rajasthan,8,4628.9,25.2899,73.8246,2011_c,
777,Salumbar,Rajasthan,8,2513.4,24.1877,73.9406,2023,
779,Sanchor,Rajasthan,8,4833.1,25.0107,71.8252,2023,abolished Dec 2024 (Rajasthan); boundary kept until merged map available
113,Sawai Madhopur,Rajasthan,8,3660.0,26.1137,76.424,2011_c,
780,Shahpura,Rajasthan,8,3807.9,25.5211,74.9799,2023,abolished Dec 2024 (Rajasthan); boundary kept until merged map available
114,Sikar,Rajasthan,8,5810.4,27.6624,75.0275,2011_c,
115,Sirohi,Rajasthan,8,5137.6,24.8112,72.8299,2011_c,
116,Tonk,Rajasthan,8,6196.7,26.1224,75.8239,2011_c,
117,Udaipur,Rajasthan,8,9206.0,24.4535,73.4065,2011_c,
225,Gangtok,Sikkim,11,554.5,27.2974,88.5557,2011_c,
228,Gyalshing,Sikkim,11,900.5,27.4234,88.1814,2011_c,
226,Mangan,Sikkim,11,4260.1,27.7473,88.5212,2011_c,
227,Namchi,Sikkim,11,703.2,27.3042,88.3802,2011_c,
741,Pakyong,Sikkim,11,364.6,27.2336,88.687,2022,
742,Soreng,Sikkim,11,317.3,27.182,88.1949,2022,
610,Ariyalur,Tamil Nadu,33,1935.3,11.1529,79.259,2011_c,
730,Chengalpattu,Tamil Nadu,33,2722.8,12.6373,80.0658,201920,
568,Chennai,Tamil Nadu,33,334.4,13.1003,80.2195,2011_c,
569,Coimbatore,Tamil Nadu,33,4720.0,10.8132,77.0817,2011_c,
570,Cuddalore,Tamil Nadu,33,3701.7,11.5207,79.3384,2011_c,
571,Dharmapuri,Tamil Nadu,33,4496.1,12.1449,78.1133,2011_c,
572,Dindigul,Tamil Nadu,33,6051.1,10.4264,77.8159,2011_c,
573,Erode,Tamil Nadu,33,5109.4,11.4187,77.3305,2011_c,
729,Kallakurichi,Tamil Nadu,33,3504.2,11.7921,79.0506,201920,
574,Kanchipuram,Tamil Nadu,33,1743.0,12.7941,79.7742,2011_c,
575,Kanniyakumari,Tamil Nadu,33,1678.9,8.3283,77.3545,2011_c,
576,Karur,Tamil Nadu,33,2903.4,10.8217,78.3839,2011_c,
577,Krishnagiri,Tamil Nadu,33,5135.3,12.515,78.01,2011_c,
578,Madurai,Tamil Nadu,33,3706.9,9.9363,78.0077,2011_c,
735,Mayiladuthurai,Tamil Nadu,33,1177.0,11.191,79.6962,2022,
579,Nagapattinam,Tamil Nadu,33,1388.6,10.6019,79.7609,2011_c,
580,Namakkal,Tamil Nadu,33,3418.9,11.3055,78.1186,2011_c,
581,Perambalur,Tamil Nadu,33,1756.1,11.2897,78.9299,2011_c,
582,Pudukkottai,Tamil Nadu,33,4651.4,10.2918,78.8173,2011_c,
583,Ramanathapuram,Tamil Nadu,33,4109.3,9.5193,78.6502,2011_c,
731,Ranipet,Tamil Nadu,33,1850.0,12.9194,79.4078,201920,
584,Salem,Tamil Nadu,33,6004.0,11.6474,78.2109,2011_c,
585,Sivaganga,Tamil Nadu,33,4241.8,9.9649,78.7204,2011_c,
733,Tenkasi,Tamil Nadu,33,2809.3,9.0919,77.4756,201920,
586,Thanjavur,Tamil Nadu,33,3425.7,10.6597,79.1981,2011_c,
587,The Nilgiris,Tamil Nadu,33,2431.0,11.4457,76.6975,2011_c,
588,Theni,Tamil Nadu,33,2867.2,9.8688,77.4223,2011_c,
589,Thiruvallur,Tamil Nadu,33,3230.1,13.2548,80.0539,2011_c,
590,Thiruvarur,Tamil Nadu,33,2264.4,10.6491,79.4998,2011_c,
591,Tiruchirappalli,Tamil Nadu,33,4492.8,10.851,78.7268,2011_c,
592,Tirunelveli,Tamil Nadu,33,3882.0,8.5494,77.58,2011_c,
732,Tirupathur,Tamil Nadu,33,2116.0,12.5843,78.6252,201920,
634,Tiruppur,Tamil Nadu,33,5196.9,10.7914,77.5349,2011_c,
593,Tiruvannamalai,Tamil Nadu,33,6198.8,12.4292,78.9998,2011_c,
594,Tuticorin,Tamil Nadu,33,4739.7,8.8465,77.9931,2011_c,
595,Vellore,Tamil Nadu,33,2107.6,12.9019,79.0606,2011_c,
596,Villupuram,Tamil Nadu,33,3671.0,12.1251,79.6007,2011_c,
597,Virudhunagar,Tamil Nadu,33,4239.0,9.4935,77.8635,2011_c,
501,Adilabad,Telangana,36,3996.7,19.5446,78.6092,2016_c,
690,Bhadradri Kothagudem,Telangana,36,6906.8,17.7148,80.5681,2016_c,
686,Hanumakonda,Telangana,36,1657.1,18.0358,79.4395,2016_c,
507,Hyderabad,Telangana,36,191.4,17.3902,78.4613,2016_c,
681,Jagitial,Telangana,36,2885.1,18.8141,78.9255,2016_c,
689,Jangoan,Telangana,36,2396.5,17.7263,79.2593,2016_c,
687,Jayashankar Bhupalapally,Telangana,36,2873.9,18.5024,79.9584,2016_c,
695,Jogulamba Gadwal,Telangana,36,2572.3,16.0996,77.7335,2016_c,
685,Kamareddy,Telangana,36,3746.3,18.308,78.0541,2016_c,
508,Karimnagar,Telangana,36,2003.8,18.404,79.278,2016_c,
509,Khammam,Telangana,36,4678.2,17.1709,80.4069,2016_c,
699,Kumuram Bheem Asifabad,Telangana,36,4536.3,19.3234,79.41,2016_c,
688,Mahabubabad,Telangana,36,3541.7,17.7207,80.0546,2016_c,
512,Mahabubnagar,Telangana,36,2802.0,16.6921,77.9496,2016_c,
684,Mancherial,Telangana,36,3856.3,18.9669,79.5265,2016_c,
513,Medak,Telangana,36,2747.4,17.9403,78.2226,2016_c,
700,Medchal Malkajgiri,Telangana,36,1075.3,17.5343,78.5256,2016_c,
720,Mulugu,Telangana,36,4289.8,18.3134,80.3219,2019,
694,Nagarkurnool,Telangana,36,6199.4,16.4203,78.6558,2016_c,
514,Nalgonda,Telangana,36,7203.0,16.8582,79.2172,2016_c,
721,Narayanpet,Telangana,36,2360.9,16.6907,77.6118,2019,
680,Nirmal,Telangana,36,3714.7,19.093,78.3961,2016_c,
516,Nizamabad,Telangana,36,4211.1,18.7263,78.1921,2016_c,
682,Peddapalli,Telangana,36,2193.9,18.6212,79.493,2016_c,
683,Rajanna Sircilla,Telangana,36,1808.3,18.4242,78.7618,2016_c,
518,Ranga Reddy,Telangana,36,4996.6,17.1341,78.3961,2016_c,
691,Sangareddy,Telangana,36,4452.0,17.8568,77.7325,2016_c,
692,Siddipet,Telangana,36,3726.0,18.0463,78.9147,2016_c,
696,Suryapet,Telangana,36,3594.1,17.0803,79.7931,2016_c,
698,Vikarabad,Telangana,36,3704.2,17.2432,77.7358,2016_c,
693,Wanaparthy,Telangana,36,2225.9,16.2846,77.9859,2016_c,
522,Warangal,Telangana,36,1750.2,17.8652,79.7978,2016_c,
697,Yadadri Bhuvanagiri,Telangana,36,3228.7,17.4281,79.0907,2016_c,
269,Dhalai,Tripura,16,2301.7,23.8235,91.97,2011_c,
654,Gomati,Tripura,16,1579.4,23.4263,91.6139,update2014,
652,Khowai,Tripura,16,1029.4,23.9544,91.6412,update2014,
270,North Tripura,Tripura,16,1329.1,24.0916,92.2436,2011_c,
653,Sepahijala,Tripura,16,1059.2,23.5319,91.3009,update2014,
271,South Tripura,Tripura,16,1500.8,23.1819,91.6417,2011_c,
655,Unakoti,Tripura,16,705.5,24.2023,92.0463,update2014,
272,West Tripura,Tripura,16,943.1,23.9186,91.3875,2011_c,
118,Agra,Uttar Pradesh,9,4047.8,27.0755,77.8911,2011_c,
119,Aligarh,Uttar Pradesh,9,3712.1,27.8759,78.1358,2011_c,
121,Ambedkar Nagar,Uttar Pradesh,9,2328.2,26.4046,82.6065,2011_c,
640,Amethi,Uttar Pradesh,9,2425.7,26.3463,81.6252,update2014,
154,Amroha,Uttar Pradesh,9,2457.6,28.7961,78.3441,2011_c,
122,Auraiya,Uttar Pradesh,9,2018.3,26.6556,79.5159,2011_c,
140,Ayodhya,Uttar Pradesh,9,2688.7,26.6385,82.0581,2011_c,
123,Azamgarh,Uttar Pradesh,9,4214.8,26.0236,83.0293,2011_c,
124,Baghpat,Uttar Pradesh,9,1322.7,29.0375,77.3063,2011_c,
125,Bahraich,Uttar Pradesh,9,4947.5,27.7315,81.4825,2011_c,
126,Ballia,Uttar Pradesh,9,2990.5,25.8746,84.121,2011_c,
127,Balrampur,Uttar Pradesh,9,3342.6,27.4476,82.3958,2011_c,
128,Banda,Uttar Pradesh,9,4452.7,25.4439,80.5596,2011_c,
129,Barabanki,Uttar Pradesh,9,3845.5,26.9425,81.3859,2011_c,
130,Bareilly,Uttar Pradesh,9,4120.4,28.4583,79.4047,2011_c,
131,Basti,Uttar Pradesh,9,2785.4,26.8387,82.5351,2011_c,
179,Bhadohi,Uttar Pradesh,9,1015.0,25.3575,82.503,2011_c,
132,Bijnor,Uttar Pradesh,9,4602.9,29.4069,78.4824,2011_c,
133,Budaun,Uttar Pradesh,9,4255.4,28.0649,79.0438,2011_c,
134,Bulandshahr,Uttar Pradesh,9,3518.1,28.3878,77.9746,2011_c,
135,Chandauli,Uttar Pradesh,9,2549.3,25.1257,83.2498,2011_c,
136,Chitrakoot,Uttar Pradesh,9,3192.4,25.2169,81.1046,2011_c,
137,Deoria,Uttar Pradesh,9,2537.0,26.4243,83.764,2011_c,
138,Etah,Uttar Pradesh,9,2423.2,27.555,78.5992,2011_c,
139,Etawah,Uttar Pradesh,9,2326.1,26.7156,79.0917,2011_c,
141,Farrukhabad,Uttar Pradesh,9,2181.0,27.4362,79.4895,2011_c,
142,Fatehpur,Uttar Pradesh,9,4169.2,25.8348,80.9155,2011_c,
143,Firozabad,Uttar Pradesh,9,2419.9,27.1942,78.4605,2011_c,
144,Gautam Buddha Nagar,Uttar Pradesh,9,1414.0,28.3695,77.597,2011_c,
145,Ghaziabad,Uttar Pradesh,9,911.4,28.7679,77.4604,2011_c,
146,Ghazipur,Uttar Pradesh,9,3380.4,25.6035,83.5076,2011_c,
147,Gonda,Uttar Pradesh,9,3981.2,27.1104,81.9239,2011_c,
148,Gorakhpur,Uttar Pradesh,9,3329.8,26.6674,83.3642,2011_c,
149,Hamirpur,Uttar Pradesh,9,3895.5,25.8198,79.8664,2011_c,
661,Hapur,Uttar Pradesh,9,1117.0,28.7166,77.8905,update2014,
150,Hardoi,Uttar Pradesh,9,5987.8,27.337,80.0998,2011_c,
163,Hathras,Uttar Pradesh,9,1782.3,27.5725,78.1117,2011_c,
151,Jalaun,Uttar Pradesh,9,4563.9,26.1045,79.3935,2011_c,
152,Jaunpur,Uttar Pradesh,9,4034.2,25.7967,82.4889,2011_c,
153,Jhansi,Uttar Pradesh,9,5023.1,25.5299,78.6528,2011_c,
155,Kannauj,Uttar Pradesh,9,2090.1,26.9987,79.6928,2011_c,
156,Kanpur Dehat,Uttar Pradesh,9,3157.3,26.4586,79.8548,2011_c,
157,Kanpur Nagar,Uttar Pradesh,9,2999.0,26.4416,80.2648,2011_c,
633,Kasganj,Uttar Pradesh,9,1959.0,27.7889,78.823,2011_c,
158,Kaushambi,Uttar Pradesh,9,1789.8,25.5339,81.4493,2011_c,
159,Kheri,Uttar Pradesh,9,7689.4,28.1834,80.7131,2011_c,
160,Kushi Nagar,Uttar Pradesh,9,2875.2,26.9241,83.832,2011_c,
161,Lalitpur,Uttar Pradesh,9,5044.5,24.7008,78.5186,2011_c,
162,Lucknow,Uttar Pradesh,9,2530.1,26.8313,80.9172,2011_c,
164,Maharajganj,Uttar Pradesh,9,2944.4,27.1837,83.4917,2011_c,
165,Mahoba,Uttar Pradesh,9,3267.5,25.3617,79.7062,2011_c,
166,Mainpuri,Uttar Pradesh,9,2737.8,27.2093,79.0625,2011_c,
167,Mathura,Uttar Pradesh,9,3341.5,27.6003,77.5884,2011_c,
168,Mau,Uttar Pradesh,9,1735.5,26.0394,83.4986,2011_c,
169,Meerut,Uttar Pradesh,9,2593.2,29.0019,77.768,2011_c,
170,Mirzapur,Uttar Pradesh,9,4415.8,24.9317,82.628,2011_c,
171,Moradabad,Uttar Pradesh,9,1948.7,28.8797,78.8095,2011_c,
172,Muzaffarnagar,Uttar Pradesh,9,2738.8,29.4495,77.7429,2011_c,
173,Pilibhit,Uttar Pradesh,9,3763.9,28.4942,80.1078,2011_c,
174,Pratapgarh,Uttar Pradesh,9,3712.0,25.8767,81.8318,2011_c,
120,Prayagraj,Uttar Pradesh,9,5473.5,25.2793,81.9035,2011_c,
175,Rae Bareli,Uttar Pradesh,9,3930.0,26.2087,81.2186,2011_c,
176,Rampur,Uttar Pradesh,9,2366.1,28.7935,79.1846,2011_c,
177,Saharanpur,Uttar Pradesh,9,3716.7,29.9852,77.5052,2011_c,
659,Sambhal,Uttar Pradesh,9,2428.2,28.4272,78.5565,2011_c,
178,Sant Kabeer Nagar,Uttar Pradesh,9,1641.7,26.7551,83.0399,2011_c,
180,Shahjahanpur,Uttar Pradesh,9,4315.4,27.9129,79.7476,2011_c,
660,Shamli,Uttar Pradesh,9,1263.7,29.4809,77.2898,update2014,
181,Shravasti,Uttar Pradesh,9,1931.1,27.6786,81.8929,2011_c,
182,Siddharth Nagar,Uttar Pradesh,9,2895.9,27.2513,82.8714,2011_c,
183,Sitapur,Uttar Pradesh,9,5740.2,27.5027,80.8335,2011_c,
184,Sonbhadra,Uttar Pradesh,9,6886.1,24.4152,83.0631,2011_c,
185,Sultanpur,Uttar Pradesh,9,2674.5,26.2605,82.2381,2011_c,
186,Unnao,Uttar Pradesh,9,4568.9,26.5673,80.6198,2011_c,
187,Varanasi,Uttar Pradesh,9,1533.0,25.3721,82.9415,2011_c,
45,Almora,Uttarakhand,5,3145.3,29.7027,79.4326,2011_c,
46,Bageshwar,Uttarakhand,5,2235.2,30.0088,79.928,2011_c,
47,Chamoli,Uttarakhand,5,7821.2,30.5005,79.6194,2011_c,
48,Champawat,Uttarakhand,5,1768.7,29.2344,80.102,2011_c,
49,Dehradun,Uttarakhand,5,3099.6,30.4974,77.8629,2011_c,
50,Haridwar,Uttarakhand,5,2290.1,29.9113,78.0087,2011_c,
51,Nainital,Uttarakhand,5,3990.0,29.295,79.4163,2011_c,
52,Pauri Garhwal,Uttarakhand,5,5280.3,29.847,78.7072,2011_c,
53,Pithoragarh,Uttarakhand,5,7232.4,30.1248,80.4777,2011_c,
54,Rudra Prayag,Uttarakhand,5,1987.9,30.4911,79.0361,2011_c,
55,Tehri Garhwal,Uttarakhand,5,3909.2,30.4656,78.484,2011_c,
56,Udam Singh Nagar,Uttarakhand,5,2670.8,29.0456,79.4337,2011_c,
57,Uttar Kashi,Uttarakhand,5,7982.5,30.9651,78.6342,2011_c,
303,24 Paraganas North,West Bengal,19,4004.7,22.6879,88.6623,2011_c,
304,24 Paraganas South,West Bengal,19,7690.2,22.0907,88.6311,2011_c,
664,Alipurduar,West Bengal,19,2798.4,26.6285,89.4538,2014_c,
305,Bankura,West Bengal,19,6885.3,23.1324,87.2083,2011_c,
307,Birbhum,West Bengal,19,4549.6,24.0622,87.6983,2011_c,
308,Coochbehar,West Bengal,19,3372.2,26.2559,89.4203,2011_c,
309,Darjeeling,West Bengal,19,2050.5,26.8363,88.3052,2011_c,
310,Dinajpur Dakshin,West Bengal,19,2234.5,25.3858,88.5061,2011_c,
311,Dinajpur Uttar,West Bengal,19,3135.5,25.8721,87.962,2011_c,
312,Hooghly,West Bengal,19,3152.9,22.9099,88.0121,2011_c,
313,Howrah,West Bengal,19,1468.5,22.4938,88.0324,2011_c,
314,Jalpaiguri,West Bengal,19,3430.8,26.6265,88.7328,2011_c,
703,Jhargram,West Bengal,19,3099.8,22.3324,86.9937,2017_c,
702,Kalimpong,West Bengal,19,1093.3,27.0282,88.6469,2017_c,
315,Kolkata,West Bengal,19,185.4,22.5354,88.3634,2011_c,
316,Maldah,West Bengal,19,3609.6,25.0978,88.1185,2011_c,
317,Medinipur East,West Bengal,19,3957.4,22.0653,87.8181,2011_c,
318,Medinipur West,West Bengal,19,6274.9,22.36,87.4112,2011_c,
319,Murshidabad,West Bengal,19,5347.6,24.29,88.3739,2011_c,
320,Nadia,West Bengal,19,3896.0,23.485,88.5564,2011_c,
704,Paschim Bardhaman,West Bengal,19,1809.6,23.6003,87.3041,2017_c,
306,Purba Bardhaman,West Bengal,19,5209.9,23.388,87.9604,2011_c,
321,Purulia,West Bengal,19,6256.9,23.2021,86.3229,2011_c,
