imd_name,subdivision,state,dist_lgd,method,relation
NICOBAR,ANDAMAN & NICOBAR ISLANDS,ANDAMAN & NICOBAR ISLANDS,603.0,fuzzy,one
NORTH & MIDDLE ANDAMAN,ANDAMAN & NICOBAR ISLANDS,ANDAMAN & NICOBAR ISLANDS,632.0,exact,one
SOUTH ANDAMAN,ANDAMAN & NICOBAR ISLANDS,ANDAMAN & NICOBAR ISLANDS,602.0,fuzzy,one
ANJAW,ARUNACHAL PRADESH,ARUNACHAL PRADESH,628.0,exact,one
CHANGLANG,ARUNACHAL PRADESH,ARUNACHAL PRADESH,229.0,exact,one
DIBANG VALLEY,ARUNACHAL PRADESH,ARUNACHAL PRADESH,230.0,exact,one
EAST KAMENG,ARUNACHAL PRADESH,ARUNACHAL PRADESH,231.0,exact,one
EAST SIANG,ARUNACHAL PRADESH,ARUNACHAL PRADESH,232.0,exact,one
KURUNG KUMEY,ARUNACHAL PRADESH,ARUNACHAL PRADESH,233.0,exact,one
LOHIT,ARUNACHAL PRADESH,ARUNACHAL PRADESH,234.0,exact,one
LOWER DIBANG VALLEY,ARUNACHAL PRADESH,ARUNACHAL PRADESH,235.0,exact,one
LOWER SUBANSIRI,ARUNACHAL PRADESH,ARUNACHAL PRADESH,236.0,exact,one
PAPUMPARA,ARUNACHAL PRADESH,ARUNACHAL PRADESH,237.0,fuzzy,one
TAWANG,ARUNACHAL PRADESH,ARUNACHAL PRADESH,238.0,exact,one
TIRAP,ARUNACHAL PRADESH,ARUNACHAL PRADESH,239.0,exact,one
UPPER SIANG,ARUNACHAL PRADESH,ARUNACHAL PRADESH,240.0,exact,one
UPPER SUBANSIRI,ARUNACHAL PRADESH,ARUNACHAL PRADESH,241.0,exact,one
WEST KAMENG,ARUNACHAL PRADESH,ARUNACHAL PRADESH,242.0,exact,one
WEST SIANG,ARUNACHAL PRADESH,ARUNACHAL PRADESH,243.0,exact,one
BAJALI,ASSAM & MEGHALAYA,ASSAM,739.0,exact,one
BAKSA,ASSAM & MEGHALAYA,ASSAM,616.0,exact,one
BARPETA,ASSAM & MEGHALAYA,ASSAM,280.0,exact,one
BISWANATH,ASSAM & MEGHALAYA,ASSAM,705.0,exact,one
BONGAIGAON,ASSAM & MEGHALAYA,ASSAM,281.0,exact,one
CACHAR,ASSAM & MEGHALAYA,ASSAM,282.0,exact,one
CHARAIDEO,ASSAM & MEGHALAYA,ASSAM,708.0,exact,one
CHIRANG,ASSAM & MEGHALAYA,ASSAM,612.0,exact,one
DARRANG,ASSAM & MEGHALAYA,ASSAM,283.0,exact,one
DHEMAJI,ASSAM & MEGHALAYA,ASSAM,284.0,exact,one
DHUBRI,ASSAM & MEGHALAYA,ASSAM,285.0,exact,one
DIBRUGARH,ASSAM & MEGHALAYA,ASSAM,286.0,exact,one
DIMA HASAO,ASSAM & MEGHALAYA,ASSAM,299.0,exact,one
GOALPARA,ASSAM & MEGHALAYA,ASSAM,287.0,exact,one
GOLAGHAT,ASSAM & MEGHALAYA,ASSAM,288.0,exact,one
HAILAKANDI,ASSAM & MEGHALAYA,ASSAM,289.0,exact,one
HOJAI,ASSAM & MEGHALAYA,ASSAM,709.0,exact,one
JORHAT,ASSAM & MEGHALAYA,ASSAM,290.0,exact,one
KAMRUP METROPOLITAN,ASSAM & MEGHALAYA,ASSAM,618.0,alias,one
KAMRUP RURAL,ASSAM & MEGHALAYA,ASSAM,291.0,alias,one
KARBI ANGLONG,ASSAM & MEGHALAYA,ASSAM,292.0,exact,one
KOKRAJHAR,ASSAM & MEGHALAYA,ASSAM,294.0,exact,one
LAKHIMPUR,ASSAM & MEGHALAYA,ASSAM,295.0,exact,one
MAJULI,ASSAM & MEGHALAYA,ASSAM,706.0,exact,one
MORIGAON,ASSAM & MEGHALAYA,ASSAM,296.0,fuzzy,one
NAGAON,ASSAM & MEGHALAYA,ASSAM,297.0,exact,one
NALBARI,ASSAM & MEGHALAYA,ASSAM,298.0,exact,one
SIBSAGAR,ASSAM & MEGHALAYA,ASSAM,300.0,alias,one
SONITPUR,ASSAM & MEGHALAYA,ASSAM,301.0,exact,one
SOUTH SALMARA,ASSAM & MEGHALAYA,ASSAM,707.0,alias,one
SRIBHUMI,ASSAM & MEGHALAYA,ASSAM,293.0,alias,one
TAMULPUR,ASSAM & MEGHALAYA,ASSAM,756.0,exact,one
TINSUKIA,ASSAM & MEGHALAYA,ASSAM,302.0,exact,one
UDALGURI,ASSAM & MEGHALAYA,ASSAM,617.0,exact,one
WEST KARBI ANGLONG,ASSAM & MEGHALAYA,ASSAM,710.0,exact,one
EAST GARO HILLS,ASSAM & MEGHALAYA,MEGHALAYA,273.0,exact,one
EAST JAINTIA HILLS,ASSAM & MEGHALAYA,MEGHALAYA,657.0,exact,one
EAST KHASI HILLS,ASSAM & MEGHALAYA,MEGHALAYA,274.0,exact,one
NORTH GARO HILLS,ASSAM & MEGHALAYA,MEGHALAYA,656.0,exact,one
RI BHOI,ASSAM & MEGHALAYA,MEGHALAYA,276.0,exact,one
SOUTH GARO HILLS,ASSAM & MEGHALAYA,MEGHALAYA,277.0,exact,one
SOUTH WEST GARO HILLS,ASSAM & MEGHALAYA,MEGHALAYA,663.0,exact,one
SOUTH WEST KHASI HILLS,ASSAM & MEGHALAYA,MEGHALAYA,658.0,exact,one
WEST GARO HILLS,ASSAM & MEGHALAYA,MEGHALAYA,278.0,exact,one
WEST JAINTIA HILLS,ASSAM & MEGHALAYA,MEGHALAYA,275.0,exact,one
WEST KHASI HILLS,ASSAM & MEGHALAYA,MEGHALAYA,279.0,exact,one
AIZAWL,NMMT,MIZORAM,261.0,exact,one
CHAMPHAI,NMMT,MIZORAM,262.0,exact,one
KOLASIB,NMMT,MIZORAM,263.0,exact,one
LAWNGTLAI,NMMT,MIZORAM,264.0,exact,one
LUNGLEI,NMMT,MIZORAM,265.0,exact,one
MAMIT,NMMT,MIZORAM,266.0,exact,one
SAIHA,NMMT,MIZORAM,267.0,exact,one
SERCHHIP,NMMT,MIZORAM,268.0,exact,one
BISHNUPUR,NMMT,MANIPUR,252.0,exact,one
CHANDEL,NMMT,MANIPUR,253.0,exact,one
CHURACHANDPUR,NMMT,MANIPUR,254.0,exact,one
IMPHAL EAST,NMMT,MANIPUR,255.0,exact,one
IMPHAL WEST,NMMT,MANIPUR,256.0,exact,one
SENAPATI,NMMT,MANIPUR,257.0,exact,one
TAMENGLONG,NMMT,MANIPUR,258.0,exact,one
THOUBAL,NMMT,MANIPUR,259.0,exact,one
UKHRUL,NMMT,MANIPUR,260.0,exact,one
DHALAI,NMMT,TRIPURA,269.0,exact,one
GOMATI,NMMT,TRIPURA,654.0,exact,one
KHOWAI,NMMT,TRIPURA,652.0,exact,one
NORTH TRIPURA,NMMT,TRIPURA,270.0,exact,one
SIPAHIJALA,NMMT,TRIPURA,653.0,fuzzy,one
SOUTH TRIPURA,NMMT,TRIPURA,271.0,exact,one
UNAKOTI,NMMT,TRIPURA,655.0,exact,one
WEST TRIPURA,NMMT,TRIPURA,272.0,exact,one
DIMAPUR,NMMT,NAGALAND,244.0,exact,one
KIPHIRE,NMMT,NAGALAND,614.0,exact,one
KOHIMA,NMMT,NAGALAND,245.0,exact,one
LONGLENG,NMMT,NAGALAND,615.0,exact,one
MOKOKCHUNG,NMMT,NAGALAND,246.0,exact,one
MON,NMMT,NAGALAND,247.0,exact,one
PEREN,NMMT,NAGALAND,613.0,exact,one
PHEK,NMMT,NAGALAND,248.0,exact,one
TUENSANG,NMMT,NAGALAND,249.0,exact,one
WOKHA,NMMT,NAGALAND,250.0,exact,one
ZUNHEBOTO,NMMT,NAGALAND,251.0,exact,one
ALIPURDUAR,SHWB & SIKKIM,WEST BENGAL,664.0,exact,one
COOCH BEHAR,SHWB & SIKKIM,WEST BENGAL,308.0,exact,one
DARJEELING,SHWB & SIKKIM,WEST BENGAL,309.0,exact,one
JALPAIGURI,SHWB & SIKKIM,WEST BENGAL,314.0,exact,one
KALIMPONG,SHWB & SIKKIM,WEST BENGAL,702.0,exact,one
MALDA,SHWB & SIKKIM,WEST BENGAL,316.0,fuzzy,one
NORTH DINAJPUR,SHWB & SIKKIM,WEST BENGAL,311.0,alias,one
SOUTH DINAJPUR,SHWB & SIKKIM,WEST BENGAL,310.0,alias,one
GANGTOK,SHWB & SIKKIM,SIKKIM,225.0,exact,one
GYALSHING,SHWB & SIKKIM,SIKKIM,228.0,exact,one
MANGAN,SHWB & SIKKIM,SIKKIM,226.0,exact,one
NAMCHI,SHWB & SIKKIM,SIKKIM,227.0,exact,one
Pakyong,SHWB & SIKKIM,SIKKIM,741.0,exact,one
Soreng,SHWB & SIKKIM,SIKKIM,742.0,exact,one
BANKURA,GANGETIC WEST BENGAL,WEST BENGAL,305.0,exact,one
BIRBHUM,GANGETIC WEST BENGAL,WEST BENGAL,307.0,exact,one
EAST MIDNAPORE,GANGETIC WEST BENGAL,WEST BENGAL,317.0,alias,one
HOOGHLY,GANGETIC WEST BENGAL,WEST BENGAL,312.0,exact,one
HOWRAH,GANGETIC WEST BENGAL,WEST BENGAL,313.0,exact,one
JHARGRAM,GANGETIC WEST BENGAL,WEST BENGAL,703.0,exact,one
KOLKATA,GANGETIC WEST BENGAL,WEST BENGAL,315.0,exact,one
MURSHIDABAD,GANGETIC WEST BENGAL,WEST BENGAL,319.0,exact,one
NADIA,GANGETIC WEST BENGAL,WEST BENGAL,320.0,exact,one
NORTH 24 PARGANAS,GANGETIC WEST BENGAL,WEST BENGAL,303.0,alias,one
PASCHIM BARDHAMAN,GANGETIC WEST BENGAL,WEST BENGAL,704.0,exact,one
PURBA BARDHAMAN,GANGETIC WEST BENGAL,WEST BENGAL,306.0,exact,one
PURULIA,GANGETIC WEST BENGAL,WEST BENGAL,321.0,exact,one
SOUTH 24 PARGANAS,GANGETIC WEST BENGAL,WEST BENGAL,304.0,alias,one
WEST MIDNAPORE,GANGETIC WEST BENGAL,WEST BENGAL,318.0,alias,one
ANGUL,ODISHA,ODISHA,344.0,fuzzy,one
BALANGIR,ODISHA,ODISHA,345.0,exact,one
BALASORE,ODISHA,ODISHA,346.0,alias,one
BARGARH,ODISHA,ODISHA,347.0,exact,one
BHADRAK,ODISHA,ODISHA,348.0,exact,one
BOUDH,ODISHA,ODISHA,349.0,exact,one
CUTTACK,ODISHA,ODISHA,350.0,exact,one
DEOGARH,ODISHA,ODISHA,351.0,exact,one
DHENKANAL,ODISHA,ODISHA,352.0,exact,one
GAJAPATI,ODISHA,ODISHA,353.0,exact,one
GANJAM,ODISHA,ODISHA,354.0,exact,one
JAGATSINGHPUR,ODISHA,ODISHA,355.0,fuzzy,one
JAJPUR,ODISHA,ODISHA,356.0,fuzzy,one
JHARSUGUDA,ODISHA,ODISHA,357.0,exact,one
KALAHANDI,ODISHA,ODISHA,358.0,exact,one
KANDHAMAL,ODISHA,ODISHA,359.0,exact,one
KENDRAPARA,ODISHA,ODISHA,360.0,exact,one
KEONJHARGARH,ODISHA,ODISHA,361.0,alias,one
KHURDA,ODISHA,ODISHA,362.0,alias,one
KORAPUT,ODISHA,ODISHA,363.0,exact,one
MALKANGIRI,ODISHA,ODISHA,364.0,exact,one
MAYURBHANJ,ODISHA,ODISHA,365.0,exact,one
NAWAPARA,ODISHA,ODISHA,368.0,alias,one
NAWARANGPUR,ODISHA,ODISHA,366.0,fuzzy,one
NAYAGARH,ODISHA,ODISHA,367.0,exact,one
PURI,ODISHA,ODISHA,369.0,exact,one
RAYAGADA,ODISHA,ODISHA,370.0,exact,one
SAMBALPUR,ODISHA,ODISHA,371.0,exact,one
SONEPUR,ODISHA,ODISHA,372.0,exact,one
SUNDARGARH,ODISHA,ODISHA,373.0,exact,one
BOKARO,JHARKHAND,JHARKHAND,322.0,exact,one
CHATRA,JHARKHAND,JHARKHAND,323.0,exact,one
DEOGHAR,JHARKHAND,JHARKHAND,324.0,exact,one
DHANBAD,JHARKHAND,JHARKHAND,325.0,exact,one
DUMKA,JHARKHAND,JHARKHAND,326.0,exact,one
EAST SINGHBHUM,JHARKHAND,JHARKHAND,327.0,alias,one
GARHWA,JHARKHAND,JHARKHAND,328.0,exact,one
GIRIDIH,JHARKHAND,JHARKHAND,329.0,exact,one
GODDA,JHARKHAND,JHARKHAND,330.0,exact,one
GUMLA,JHARKHAND,JHARKHAND,331.0,exact,one
HAZARIBAG,JHARKHAND,JHARKHAND,332.0,fuzzy,one
JAMTARA,JHARKHAND,JHARKHAND,333.0,exact,one
KHUNTI,JHARKHAND,JHARKHAND,606.0,exact,one
KODERMA,JHARKHAND,JHARKHAND,334.0,exact,one
LATEHAR,JHARKHAND,JHARKHAND,335.0,exact,one
LOHARDAGA,JHARKHAND,JHARKHAND,336.0,exact,one
PAKUR,JHARKHAND,JHARKHAND,337.0,exact,one
PALAMU,JHARKHAND,JHARKHAND,338.0,exact,one
RAMGARH,JHARKHAND,JHARKHAND,607.0,exact,one
RANCHI,JHARKHAND,JHARKHAND,339.0,exact,one
SAHIBGANJ,JHARKHAND,JHARKHAND,340.0,fuzzy,one
SERAIKELA-KHARSAWAN,JHARKHAND,JHARKHAND,341.0,fuzzy,one
SIMDEGA,JHARKHAND,JHARKHAND,342.0,exact,one
WEST SINGHBHUM,JHARKHAND,JHARKHAND,343.0,exact,one
ARARIA,BIHAR,BIHAR,188.0,exact,one
ARWAL,BIHAR,BIHAR,611.0,exact,one
AURANGABAD,BIHAR,BIHAR,189.0,exact,one
BANKA,BIHAR,BIHAR,190.0,exact,one
BEGUSARAI,BIHAR,BIHAR,191.0,exact,one
BHABUA,BIHAR,BIHAR,200.0,alias,one
BHAGALPUR,BIHAR,BIHAR,192.0,exact,one
BHOJPUR,BIHAR,BIHAR,193.0,exact,one
BUXAR,BIHAR,BIHAR,194.0,exact,one
DARBHANGA,BIHAR,BIHAR,195.0,exact,one
EAST CHAMPARAN,BIHAR,BIHAR,213.0,alias,one
GAYA,BIHAR,BIHAR,196.0,exact,one
GOPALGANJ,BIHAR,BIHAR,197.0,exact,one
JAHANABAD,BIHAR,BIHAR,199.0,fuzzy,one
JAMUI,BIHAR,BIHAR,198.0,exact,one
KATIHAR,BIHAR,BIHAR,201.0,exact,one
KHAGARIA,BIHAR,BIHAR,202.0,exact,one
KISHANGANJ,BIHAR,BIHAR,203.0,exact,one
LAKHISARAI,BIHAR,BIHAR,204.0,exact,one
MADHEPURA,BIHAR,BIHAR,205.0,exact,one
MADHUBANI,BIHAR,BIHAR,206.0,exact,one
MUNGER,BIHAR,BIHAR,207.0,exact,one
MUZAFFARPUR,BIHAR,BIHAR,208.0,exact,one
NALANDA,BIHAR,BIHAR,209.0,exact,one
NAWADA,BIHAR,BIHAR,210.0,exact,one
PATNA,BIHAR,BIHAR,212.0,exact,one
PURNEA,BIHAR,BIHAR,214.0,alias,one
ROHTAS,BIHAR,BIHAR,215.0,exact,one
SAHARSA,BIHAR,BIHAR,216.0,exact,one
SAMASTIPUR,BIHAR,BIHAR,217.0,exact,one
SARAN,BIHAR,BIHAR,218.0,exact,one
SHEIKHPURA,BIHAR,BIHAR,219.0,exact,one
SHEOHAR,BIHAR,BIHAR,220.0,exact,one
SITAMARHI,BIHAR,BIHAR,221.0,exact,one
SIWAN,BIHAR,BIHAR,222.0,exact,one
SUPAUL,BIHAR,BIHAR,223.0,exact,one
VAISHALI,BIHAR,BIHAR,224.0,exact,one
WEST CHAMPARAN,BIHAR,BIHAR,211.0,alias,one
AGRA,WEST UTTAR PRADESH,UTTAR PRADESH,118.0,exact,one
ALIGARH,WEST UTTAR PRADESH,UTTAR PRADESH,119.0,exact,one
AMROHA,WEST UTTAR PRADESH,UTTAR PRADESH,154.0,exact,one
AURAIYA,WEST UTTAR PRADESH,UTTAR PRADESH,122.0,exact,one
BADAUN,WEST UTTAR PRADESH,UTTAR PRADESH,133.0,alias,one
BAGHPAT,WEST UTTAR PRADESH,UTTAR PRADESH,124.0,exact,one
BAREILLY,WEST UTTAR PRADESH,UTTAR PRADESH,130.0,exact,one
BIJNOR,WEST UTTAR PRADESH,UTTAR PRADESH,132.0,exact,one
BULANDSHAHAR,WEST UTTAR PRADESH,UTTAR PRADESH,134.0,fuzzy,one
ETAH,WEST UTTAR PRADESH,UTTAR PRADESH,138.0,exact,one
ETAWAH,WEST UTTAR PRADESH,UTTAR PRADESH,139.0,exact,one
FIROZABAD,WEST UTTAR PRADESH,UTTAR PRADESH,143.0,exact,one
GAUTAM BUDDHA NAGAR,WEST UTTAR PRADESH,UTTAR PRADESH,144.0,exact,one
GHAZIABAD,WEST UTTAR PRADESH,UTTAR PRADESH,145.0,exact,one
HAMIRPUR,WEST UTTAR PRADESH,UTTAR PRADESH,149.0,exact,one
HAPUR,WEST UTTAR PRADESH,UTTAR PRADESH,661.0,exact,one
HATHRAS,WEST UTTAR PRADESH,UTTAR PRADESH,163.0,exact,one
JALAUN,WEST UTTAR PRADESH,UTTAR PRADESH,151.0,exact,one
JHANSI,WEST UTTAR PRADESH,UTTAR PRADESH,153.0,exact,one
KASGANJ,WEST UTTAR PRADESH,UTTAR PRADESH,633.0,exact,one
LALITPUR,WEST UTTAR PRADESH,UTTAR PRADESH,161.0,exact,one
MAHOBA,WEST UTTAR PRADESH,UTTAR PRADESH,165.0,exact,one
MAINPURI,WEST UTTAR PRADESH,UTTAR PRADESH,166.0,exact,one
MATHURA,WEST UTTAR PRADESH,UTTAR PRADESH,167.0,exact,one
MEERUT,WEST UTTAR PRADESH,UTTAR PRADESH,169.0,exact,one
MORADABAD,WEST UTTAR PRADESH,UTTAR PRADESH,171.0,exact,one
MUZAFFARNAGAR,WEST UTTAR PRADESH,UTTAR PRADESH,172.0,exact,one
PILIBHIT,WEST UTTAR PRADESH,UTTAR PRADESH,173.0,exact,one
RAMPUR,WEST UTTAR PRADESH,UTTAR PRADESH,176.0,exact,one
SAHARANPUR,WEST UTTAR PRADESH,UTTAR PRADESH,177.0,exact,one
SAMBHAL,WEST UTTAR PRADESH,UTTAR PRADESH,659.0,exact,one
SHAHJAHANPUR,WEST UTTAR PRADESH,UTTAR PRADESH,180.0,exact,one
SHAMLI,WEST UTTAR PRADESH,UTTAR PRADESH,660.0,exact,one
AMBEDKAR NAGAR,EAST UTTAR PRADESH,UTTAR PRADESH,121.0,exact,one
AMETHI,EAST UTTAR PRADESH,UTTAR PRADESH,640.0,exact,one
AYODHYA,EAST UTTAR PRADESH,UTTAR PRADESH,140.0,exact,one
AZAMGARH,EAST UTTAR PRADESH,UTTAR PRADESH,123.0,exact,one
BAHRAICH,EAST UTTAR PRADESH,UTTAR PRADESH,125.0,exact,one
BALLIA,EAST UTTAR PRADESH,UTTAR PRADESH,126.0,exact,one
BALRAMPUR,EAST UTTAR PRADESH,UTTAR PRADESH,127.0,exact,one
BANDA,EAST UTTAR PRADESH,UTTAR PRADESH,128.0,exact,one
BARABANKI,EAST UTTAR PRADESH,UTTAR PRADESH,129.0,exact,one
BASTI,EAST UTTAR PRADESH,UTTAR PRADESH,131.0,exact,one
BHADOHI,EAST UTTAR PRADESH,UTTAR PRADESH,179.0,exact,one
CHANDAULI,EAST UTTAR PRADESH,UTTAR PRADESH,135.0,exact,one
CHITRAKOOT,EAST UTTAR PRADESH,UTTAR PRADESH,136.0,exact,one
DEORIA,EAST UTTAR PRADESH,UTTAR PRADESH,137.0,exact,one
FARRUKHABAD,EAST UTTAR PRADESH,UTTAR PRADESH,141.0,exact,one
FATEHPUR,EAST UTTAR PRADESH,UTTAR PRADESH,142.0,exact,one
GHAZIPUR,EAST UTTAR PRADESH,UTTAR PRADESH,146.0,exact,one
GONDA,EAST UTTAR PRADESH,UTTAR PRADESH,147.0,exact,one
GORAKHPUR,EAST UTTAR PRADESH,UTTAR PRADESH,148.0,exact,one
HARDOI,EAST UTTAR PRADESH,UTTAR PRADESH,150.0,exact,one
JAUNPUR,EAST UTTAR PRADESH,UTTAR PRADESH,152.0,exact,one
KANNAUJ,EAST UTTAR PRADESH,UTTAR PRADESH,155.0,exact,one
KANPUR CITY,EAST UTTAR PRADESH,UTTAR PRADESH,157.0,alias,one
KANPUR DEHAT,EAST UTTAR PRADESH,UTTAR PRADESH,156.0,exact,one
KAUSHAMBI,EAST UTTAR PRADESH,UTTAR PRADESH,158.0,exact,one
KHERI,EAST UTTAR PRADESH,UTTAR PRADESH,159.0,exact,one
KUSHI NAGAR,EAST UTTAR PRADESH,UTTAR PRADESH,160.0,exact,one
LUCKNOW,EAST UTTAR PRADESH,UTTAR PRADESH,162.0,exact,one
MAHARAJGANJ,EAST UTTAR PRADESH,UTTAR PRADESH,164.0,exact,one
MAU,EAST UTTAR PRADESH,UTTAR PRADESH,168.0,exact,one
MIRZAPUR,EAST UTTAR PRADESH,UTTAR PRADESH,170.0,exact,one
PRATAPGARH,EAST UTTAR PRADESH,UTTAR PRADESH,174.0,exact,one
PRAYAGRAJ,EAST UTTAR PRADESH,UTTAR PRADESH,120.0,exact,one
RAE BAREILLY,EAST UTTAR PRADESH,UTTAR PRADESH,175.0,alias,one
SANT KABIR NAGAR,EAST UTTAR PRADESH,UTTAR PRADESH,178.0,fuzzy,one
SHRAWASTI,EAST UTTAR PRADESH,UTTAR PRADESH,181.0,fuzzy,one
SIDDHARTH NAGAR,EAST UTTAR PRADESH,UTTAR PRADESH,182.0,exact,one
SITAPUR,EAST UTTAR PRADESH,UTTAR PRADESH,183.0,exact,one
SONBHADRA,EAST UTTAR PRADESH,UTTAR PRADESH,184.0,exact,one
SULTANPUR,EAST UTTAR PRADESH,UTTAR PRADESH,185.0,exact,one
UNNAO,EAST UTTAR PRADESH,UTTAR PRADESH,186.0,exact,one
VARANASI,EAST UTTAR PRADESH,UTTAR PRADESH,187.0,exact,one
ALMORA,UTTARAKHAND,UTTARAKHAND,45.0,exact,one
BAGESHWAR,UTTARAKHAND,UTTARAKHAND,46.0,exact,one
CHAMOLI,UTTARAKHAND,UTTARAKHAND,47.0,exact,one
CHAMPAWAT,UTTARAKHAND,UTTARAKHAND,48.0,exact,one
DEHRADUN,UTTARAKHAND,UTTARAKHAND,49.0,exact,one
GARHWAL PAURI,UTTARAKHAND,UTTARAKHAND,52.0,alias,one
GARHWAL TEHRI,UTTARAKHAND,UTTARAKHAND,55.0,alias,one
HARDWAR,UTTARAKHAND,UTTARAKHAND,50.0,fuzzy,one
NAINITAL,UTTARAKHAND,UTTARAKHAND,51.0,exact,one
PITHORAGARH,UTTARAKHAND,UTTARAKHAND,53.0,exact,one
RUDRAPRAYAG,UTTARAKHAND,UTTARAKHAND,54.0,exact,one
UDHAM SINGH NAGAR,UTTARAKHAND,UTTARAKHAND,56.0,fuzzy,one
UTTARKASHI,UTTARAKHAND,UTTARAKHAND,57.0,exact,one
AMBALA,DELHI AND HARYANA AND CHANDIGARH,HARYANA,58.0,exact,one
BHIWANI,DELHI AND HARYANA AND CHANDIGARH,HARYANA,59.0,exact,one
CHARKHI DADRI,DELHI AND HARYANA AND CHANDIGARH,HARYANA,701.0,fuzzy,one
FARIDABAD,DELHI AND HARYANA AND CHANDIGARH,HARYANA,60.0,exact,one
FATEHABAD,DELHI AND HARYANA AND CHANDIGARH,HARYANA,61.0,exact,one
GURGAON,DELHI AND HARYANA AND CHANDIGARH,HARYANA,62.0,alias,one
HISAR,DELHI AND HARYANA AND CHANDIGARH,HARYANA,63.0,exact,one
JHAJJAR,DELHI AND HARYANA AND CHANDIGARH,HARYANA,64.0,exact,one
JIND,DELHI AND HARYANA AND CHANDIGARH,HARYANA,65.0,exact,one
KAITHAL,DELHI AND HARYANA AND CHANDIGARH,HARYANA,66.0,exact,one
KARNAL,DELHI AND HARYANA AND CHANDIGARH,HARYANA,67.0,exact,one
KURUKSHETRA,DELHI AND HARYANA AND CHANDIGARH,HARYANA,68.0,exact,one
MAHENDRAGARH,DELHI AND HARYANA AND CHANDIGARH,HARYANA,69.0,exact,one
NUH,DELHI AND HARYANA AND CHANDIGARH,HARYANA,604.0,exact,one
PALWAL,DELHI AND HARYANA AND CHANDIGARH,HARYANA,619.0,exact,one
PANCHKULA,DELHI AND HARYANA AND CHANDIGARH,HARYANA,70.0,exact,one
PANIPAT,DELHI AND HARYANA AND CHANDIGARH,HARYANA,71.0,exact,one
REWARI,DELHI AND HARYANA AND CHANDIGARH,HARYANA,72.0,exact,one
ROHTAK,DELHI AND HARYANA AND CHANDIGARH,HARYANA,73.0,exact,one
SIRSA,DELHI AND HARYANA AND CHANDIGARH,HARYANA,74.0,exact,one
SONEPAT,DELHI AND HARYANA AND CHANDIGARH,HARYANA,75.0,fuzzy,one
YAMUNA NAGAR,DELHI AND HARYANA AND CHANDIGARH,HARYANA,76.0,exact,one
CENTRAL DELHI,DELHI AND HARYANA AND CHANDIGARH,DELHI,77.0,alias,one
EAST DELHI,DELHI AND HARYANA AND CHANDIGARH,DELHI,78.0,alias,one
NEW DELHI,DELHI AND HARYANA AND CHANDIGARH,DELHI,79.0,exact,one
NORTH DELHI,DELHI AND HARYANA AND CHANDIGARH,DELHI,80.0,alias,one
NORTH EAST DELHI,DELHI AND HARYANA AND CHANDIGARH,DELHI,81.0,alias,one
NORTH WEST DELHI,DELHI AND HARYANA AND CHANDIGARH,DELHI,82.0,alias,one
SOUTH DELHI,DELHI AND HARYANA AND CHANDIGARH,DELHI,83.0,alias,one
SOUTH EAST DELHI,DELHI AND HARYANA AND CHANDIGARH,DELHI,670.0,alias,one
SOUTH WEST DELHI,DELHI AND HARYANA AND CHANDIGARH,DELHI,84.0,alias,one
WEST DELHI,DELHI AND HARYANA AND CHANDIGARH,DELHI,85.0,alias,one
CHANDIGARH,DELHI AND HARYANA AND CHANDIGARH,CHANDIGARH,44.0,exact,one
AMRITSAR,PUNJAB,PUNJAB,27.0,exact,one
BARNALA,PUNJAB,PUNJAB,605.0,exact,one
BHATINDA,PUNJAB,PUNJAB,28.0,fuzzy,one
FARIDKOT,PUNJAB,PUNJAB,29.0,exact,one
FATEHGARH SAHIB,PUNJAB,PUNJAB,30.0,exact,one
FAZILKA,PUNJAB,PUNJAB,651.0,exact,one
FEROZEPUR,PUNJAB,PUNJAB,31.0,exact,one
GURDASPUR,PUNJAB,PUNJAB,32.0,exact,one
HOSHIARPUR,PUNJAB,PUNJAB,33.0,exact,one
JALANDHAR,PUNJAB,PUNJAB,34.0,exact,one
KAPURTHALA,PUNJAB,PUNJAB,35.0,exact,one
LUDHIANA,PUNJAB,PUNJAB,36.0,exact,one
MANSA,PUNJAB,PUNJAB,37.0,exact,one
MOGA,PUNJAB,PUNJAB,38.0,exact,one
MUKTSAR,PUNJAB,PUNJAB,39.0,alias,one
PATHANKOT,PUNJAB,PUNJAB,662.0,exact,one
PATIALA,PUNJAB,PUNJAB,41.0,exact,one
RUPNAGAR,PUNJAB,PUNJAB,42.0,exact,one
SANGRUR,PUNJAB,PUNJAB,43.0,exact,one
SAS NAGAR (MOHALI),PUNJAB,PUNJAB,608.0,alias,one
SBS NAGAR,PUNJAB,PUNJAB,40.0,alias,one
TARN TARAN,PUNJAB,PUNJAB,609.0,exact,one
BILASPUR,HIMACHAL PRADESH,HIMACHAL PRADESH,15.0,exact,one
CHAMBA,HIMACHAL PRADESH,HIMACHAL PRADESH,16.0,exact,one
HAMIRPUR,HIMACHAL PRADESH,HIMACHAL PRADESH,17.0,exact,one
KANGRA,HIMACHAL PRADESH,HIMACHAL PRADESH,18.0,exact,one
KINNAUR,HIMACHAL PRADESH,HIMACHAL PRADESH,19.0,exact,one
KULLU,HIMACHAL PRADESH,HIMACHAL PRADESH,20.0,exact,one
LAHAUL & SPITI,HIMACHAL PRADESH,HIMACHAL PRADESH,21.0,fuzzy,one
MANDI,HIMACHAL PRADESH,HIMACHAL PRADESH,22.0,exact,one
SHIMLA,HIMACHAL PRADESH,HIMACHAL PRADESH,23.0,exact,one
SIRMAUR,HIMACHAL PRADESH,HIMACHAL PRADESH,24.0,exact,one
SOLAN,HIMACHAL PRADESH,HIMACHAL PRADESH,25.0,exact,one
UNA,HIMACHAL PRADESH,HIMACHAL PRADESH,26.0,exact,one
ANANTNAG,JAMMU & KASHMIR AND LADAKH,JAMMU & KASHMIR,1.0,exact,one
BADGAM,JAMMU & KASHMIR AND LADAKH,JAMMU & KASHMIR,2.0,alias,one
BANDIPORA,JAMMU & KASHMIR AND LADAKH,JAMMU & KASHMIR,623.0,exact,one
BARAMULA,JAMMU & KASHMIR AND LADAKH,JAMMU & KASHMIR,3.0,fuzzy,one
DODA,JAMMU & KASHMIR AND LADAKH,JAMMU & KASHMIR,4.0,exact,one
GANDERBAL,JAMMU & KASHMIR AND LADAKH,JAMMU & KASHMIR,626.0,exact,one
JAMMU,JAMMU & KASHMIR AND LADAKH,JAMMU & KASHMIR,5.0,exact,one
KATHUA,JAMMU & KASHMIR AND LADAKH,JAMMU & KASHMIR,7.0,exact,one
KISTWAR,JAMMU & KASHMIR AND LADAKH,JAMMU & KASHMIR,620.0,fuzzy,one
KULGAM,JAMMU & KASHMIR AND LADAKH,JAMMU & KASHMIR,622.0,exact,one
KUPWARA,JAMMU & KASHMIR AND LADAKH,JAMMU & KASHMIR,8.0,exact,one
POONCH,JAMMU & KASHMIR AND LADAKH,JAMMU & KASHMIR,10.0,exact,one
PULWAMA,JAMMU & KASHMIR AND LADAKH,JAMMU & KASHMIR,11.0,exact,one
RAJOURI,JAMMU & KASHMIR AND LADAKH,JAMMU & KASHMIR,12.0,exact,one
RAMBAN,JAMMU & KASHMIR AND LADAKH,JAMMU & KASHMIR,621.0,exact,one
REASI,JAMMU & KASHMIR AND LADAKH,JAMMU & KASHMIR,627.0,exact,one
SAMBA,JAMMU & KASHMIR AND LADAKH,JAMMU & KASHMIR,624.0,exact,one
SHOPIAN,JAMMU & KASHMIR AND LADAKH,JAMMU & KASHMIR,625.0,exact,one
SRINAGAR,JAMMU & KASHMIR AND LADAKH,JAMMU & KASHMIR,13.0,exact,one
UDHAMPUR,JAMMU & KASHMIR AND LADAKH,JAMMU & KASHMIR,14.0,exact,one
KARGIL,JAMMU & KASHMIR AND LADAKH,LADAKH,6.0,exact,one
LADAKH (LEH),JAMMU & KASHMIR AND LADAKH,LADAKH,9.0,alias,one
AJMER,EAST RAJASTHAN,RAJASTHAN,86.0,exact,one
ALWAR,EAST RAJASTHAN,RAJASTHAN,87.0,exact,one
BANSWARA,EAST RAJASTHAN,RAJASTHAN,88.0,exact,one
BARAN,EAST RAJASTHAN,RAJASTHAN,89.0,exact,one
BHARATPUR,EAST RAJASTHAN,RAJASTHAN,91.0,exact,one
BHILWARA,EAST RAJASTHAN,RAJASTHAN,92.0,exact,one
BUNDI,EAST RAJASTHAN,RAJASTHAN,94.0,exact,one
CHITTORGARH,EAST RAJASTHAN,RAJASTHAN,95.0,exact,one
DAUSA,EAST RAJASTHAN,RAJASTHAN,97.0,exact,one
DHOLPUR,EAST RAJASTHAN,RAJASTHAN,98.0,exact,one
DUNGARPUR,EAST RAJASTHAN,RAJASTHAN,99.0,exact,one
JAIPUR,EAST RAJASTHAN,RAJASTHAN,102.0,exact,one
JHALAWAR,EAST RAJASTHAN,RAJASTHAN,105.0,exact,one
JHUNJHUNU,EAST RAJASTHAN,RAJASTHAN,106.0,exact,one
KARAULI,EAST RAJASTHAN,RAJASTHAN,108.0,exact,one
KOTA,EAST RAJASTHAN,RAJASTHAN,109.0,exact,one
PRATAPGARH,EAST RAJASTHAN,RAJASTHAN,629.0,exact,one
RAJSAMAND,EAST RAJASTHAN,RAJASTHAN,112.0,exact,one
SAWAI MADHOPUR,EAST RAJASTHAN,RAJASTHAN,113.0,exact,one
SIKAR,EAST RAJASTHAN,RAJASTHAN,114.0,exact,one
SIROHI,EAST RAJASTHAN,RAJASTHAN,115.0,exact,one
TONK,EAST RAJASTHAN,RAJASTHAN,116.0,exact,one
UDAIPUR,EAST RAJASTHAN,RAJASTHAN,117.0,exact,one
BARMER,WEST RAJASTHAN,RAJASTHAN,90.0,exact,one
BIKANER,WEST RAJASTHAN,RAJASTHAN,93.0,exact,one
CHURU,WEST RAJASTHAN,RAJASTHAN,96.0,exact,one
HANUMANGARH,WEST RAJASTHAN,RAJASTHAN,101.0,exact,one
JAISALMER,WEST RAJASTHAN,RAJASTHAN,103.0,exact,one
JALORE,WEST RAJASTHAN,RAJASTHAN,104.0,exact,one
JODHPUR,WEST RAJASTHAN,RAJASTHAN,107.0,exact,one
NAGAUR,WEST RAJASTHAN,RAJASTHAN,110.0,exact,one
PALI,WEST RAJASTHAN,RAJASTHAN,111.0,exact,one
SRI GANGANAGAR,WEST RAJASTHAN,RAJASTHAN,100.0,fuzzy,one
AGAR-MALWA,WEST MADHYA PRADESH,MADHYA PRADESH,667.0,exact,one
ALIRAJPUR,WEST MADHYA PRADESH,MADHYA PRADESH,639.0,exact,one
ASHOKNAGAR,WEST MADHYA PRADESH,MADHYA PRADESH,391.0,exact,one
BARWANI,WEST MADHYA PRADESH,MADHYA PRADESH,393.0,exact,one
BETUL,WEST MADHYA PRADESH,MADHYA PRADESH,394.0,exact,one
BHIND,WEST MADHYA PRADESH,MADHYA PRADESH,395.0,exact,one
BHOPAL,WEST MADHYA PRADESH,MADHYA PRADESH,396.0,exact,one
BURHANPUR,WEST MADHYA PRADESH,MADHYA PRADESH,397.0,exact,one
DATIA,WEST MADHYA PRADESH,MADHYA PRADESH,401.0,exact,one
DEWAS,WEST MADHYA PRADESH,MADHYA PRADESH,402.0,exact,one
DHAR,WEST MADHYA PRADESH,MADHYA PRADESH,403.0,exact,one
GUNA,WEST MADHYA PRADESH,MADHYA PRADESH,406.0,exact,one
GWALIOR,WEST MADHYA PRADESH,MADHYA PRADESH,407.0,exact,one
HARDA,WEST MADHYA PRADESH,MADHYA PRADESH,408.0,exact,one
INDORE,WEST MADHYA PRADESH,MADHYA PRADESH,410.0,exact,one
JHABUA,WEST MADHYA PRADESH,MADHYA PRADESH,412.0,exact,one
KHANDWA,WEST MADHYA PRADESH,MADHYA PRADESH,405.0,alias,one
KHARGONE,WEST MADHYA PRADESH,MADHYA PRADESH,414.0,exact,one
MANDSAUR,WEST MADHYA PRADESH,MADHYA PRADESH,416.0,exact,one
MORENA,WEST MADHYA PRADESH,MADHYA PRADESH,417.0,exact,one
NARMADAPURAM,WEST MADHYA PRADESH,MADHYA PRADESH,409.0,exact,one
NEEMUCH,WEST MADHYA PRADESH,MADHYA PRADESH,419.0,exact,one
RAISEN,WEST MADHYA PRADESH,MADHYA PRADESH,421.0,exact,one
RAJGARH,WEST MADHYA PRADESH,MADHYA PRADESH,422.0,exact,one
RATLAM,WEST MADHYA PRADESH,MADHYA PRADESH,423.0,exact,one
SEHORE,WEST MADHYA PRADESH,MADHYA PRADESH,427.0,exact,one
SHAJAPUR,WEST MADHYA PRADESH,MADHYA PRADESH,430.0,exact,one
SHEOPUR,WEST MADHYA PRADESH,MADHYA PRADESH,431.0,exact,one
SHIVPURI,WEST MADHYA PRADESH,MADHYA PRADESH,432.0,exact,one
UJJAIN,WEST MADHYA PRADESH,MADHYA PRADESH,435.0,exact,one
VIDISHA,WEST MADHYA PRADESH,MADHYA PRADESH,437.0,exact,one
ANUPPUR,EAST MADHYA PRADESH,MADHYA PRADESH,390.0,exact,one
BALAGHAT,EAST MADHYA PRADESH,MADHYA PRADESH,392.0,exact,one
CHHATARPUR,EAST MADHYA PRADESH,MADHYA PRADESH,398.0,exact,one
CHHINDWARA,EAST MADHYA PRADESH,MADHYA PRADESH,399.0,exact,one
DAMOH,EAST MADHYA PRADESH,MADHYA PRADESH,400.0,exact,one
DINDORI,EAST MADHYA PRADESH,MADHYA PRADESH,404.0,exact,one
JABALPUR,EAST MADHYA PRADESH,MADHYA PRADESH,411.0,exact,one
KATNI,EAST MADHYA PRADESH,MADHYA PRADESH,413.0,exact,one
MANDLA,EAST MADHYA PRADESH,MADHYA PRADESH,415.0,exact,one
NARSINGHPUR,EAST MADHYA PRADESH,MADHYA PRADESH,418.0,exact,one
NIWARI,EAST MADHYA PRADESH,MADHYA PRADESH,722.0,exact,one
PANNA,EAST MADHYA PRADESH,MADHYA PRADESH,420.0,exact,one
REWA,EAST MADHYA PRADESH,MADHYA PRADESH,424.0,exact,one
SAGAR,EAST MADHYA PRADESH,MADHYA PRADESH,425.0,exact,one
SATNA,EAST MADHYA PRADESH,MADHYA PRADESH,426.0,exact,one
SEONI,EAST MADHYA PRADESH,MADHYA PRADESH,428.0,exact,one
SHAHDOL,EAST MADHYA PRADESH,MADHYA PRADESH,429.0,exact,one
SIDHI,EAST MADHYA PRADESH,MADHYA PRADESH,433.0,exact,one
SINGRAULI,EAST MADHYA PRADESH,MADHYA PRADESH,638.0,exact,one
TIKAMGARH,EAST MADHYA PRADESH,MADHYA PRADESH,434.0,exact,one
UMARIA,EAST MADHYA PRADESH,MADHYA PRADESH,436.0,exact,one
MAIHAR,EAST MADHYA PRADESH,MADHYA PRADESH,426.0,not_on_map,child_of
MAUGANJ,EAST MADHYA PRADESH,MADHYA PRADESH,424.0,not_on_map,child_of
PANDHURNA,EAST MADHYA PRADESH,MADHYA PRADESH,399.0,not_on_map,child_of
AHMEDABAD,GUJARAT REGION,GUJARAT,438.0,fuzzy,one
ANAND,GUJARAT REGION,GUJARAT,440.0,exact,one
ARAVALLI,GUJARAT REGION,GUJARAT,672.0,fuzzy,one
BANASKANTHA,GUJARAT REGION,GUJARAT,441.0,exact,one
BHARUCH,GUJARAT REGION,GUJARAT,442.0,exact,one
CHHOTA UDEPUR,GUJARAT REGION,GUJARAT,668.0,exact,one
DAHOD,GUJARAT REGION,GUJARAT,445.0,alias,one
DANGS,GUJARAT REGION,GUJARAT,444.0,fuzzy,one
GANDHINAGAR,GUJARAT REGION,GUJARAT,446.0,exact,one
KHEDA,GUJARAT REGION,GUJARAT,450.0,exact,one
MAHISAGAR,GUJARAT REGION,GUJARAT,669.0,exact,one
MEHSANA,GUJARAT REGION,GUJARAT,451.0,alias,one
NARMADA,GUJARAT REGION,GUJARAT,452.0,exact,one
NAVSARI,GUJARAT REGION,GUJARAT,453.0,exact,one
PANCHMAHAL,GUJARAT REGION,GUJARAT,454.0,fuzzy,one
PATAN,GUJARAT REGION,GUJARAT,455.0,exact,one
SABARKANTHA,GUJARAT REGION,GUJARAT,458.0,exact,one
SURAT,GUJARAT REGION,GUJARAT,459.0,exact,one
TAPI,GUJARAT REGION,GUJARAT,641.0,exact,one
VADODARA,GUJARAT REGION,GUJARAT,461.0,exact,one
VALSAD,GUJARAT REGION,GUJARAT,462.0,exact,one
DADARA & NAGAR HAVELI,GUJARAT REGION,DADRA & NAGAR HAVELI AND DAMAN & DIU,465.0,fuzzy,one
DAMAN,GUJARAT REGION,DADRA & NAGAR HAVELI AND DAMAN & DIU,463.0,exact,one
AMRELI,SAURASHTRA & KUTCH,GUJARAT,439.0,exact,one
BHAVNAGAR,SAURASHTRA & KUTCH,GUJARAT,443.0,exact,one
BOTAD,SAURASHTRA & KUTCH,GUJARAT,676.0,exact,one
DEVBHOOMI DWARKA,SAURASHTRA & KUTCH,GUJARAT,674.0,fuzzy,one
GIR SOMNATH,SAURASHTRA & KUTCH,GUJARAT,675.0,exact,one
JAMNAGAR,SAURASHTRA & KUTCH,GUJARAT,447.0,exact,one
JUNAGADH,SAURASHTRA & KUTCH,GUJARAT,448.0,exact,one
KUTCH,SAURASHTRA & KUTCH,GUJARAT,449.0,alias,one
MORBI,SAURASHTRA & KUTCH,GUJARAT,673.0,exact,one
PORBANDAR,SAURASHTRA & KUTCH,GUJARAT,456.0,exact,one
RAJKOT,SAURASHTRA & KUTCH,GUJARAT,457.0,exact,one
SURENDRANAGAR,SAURASHTRA & KUTCH,GUJARAT,460.0,exact,one
DIU,SAURASHTRA & KUTCH,DADRA & NAGAR HAVELI AND DAMAN & DIU,464.0,exact,one
MUMBAI CITY,KONKAN & GOA,MAHARASHTRA,482.0,alias,one
MUMBAI SUBURBAN,KONKAN & GOA,MAHARASHTRA,483.0,exact,one
PALGHAR,KONKAN & GOA,MAHARASHTRA,665.0,exact,one
RAIGAD,KONKAN & GOA,MAHARASHTRA,491.0,exact,one
RATNAGIRI,KONKAN & GOA,MAHARASHTRA,492.0,exact,one
SINDHUDURG,KONKAN & GOA,MAHARASHTRA,495.0,exact,one
THANE,KONKAN & GOA,MAHARASHTRA,497.0,exact,one
NORTH GOA,KONKAN & GOA,GOA,551.0,exact,one
SOUTH GOA,KONKAN & GOA,GOA,552.0,exact,one
AHMEDNAGAR,MADHYA MAHARASHTRA,MAHARASHTRA,466.0,exact,one
DHULE,MADHYA MAHARASHTRA,MAHARASHTRA,474.0,exact,one
JALGAON,MADHYA MAHARASHTRA,MAHARASHTRA,478.0,exact,one
KOLHAPUR,MADHYA MAHARASHTRA,MAHARASHTRA,480.0,exact,one
NANDURBAR,MADHYA MAHARASHTRA,MAHARASHTRA,486.0,exact,one
NASHIK,MADHYA MAHARASHTRA,MAHARASHTRA,487.0,exact,one
PUNE,MADHYA MAHARASHTRA,MAHARASHTRA,490.0,exact,one
SANGLI,MADHYA MAHARASHTRA,MAHARASHTRA,493.0,exact,one
SATARA,MADHYA MAHARASHTRA,MAHARASHTRA,494.0,exact,one
SHOLAPUR,MADHYA MAHARASHTRA,MAHARASHTRA,496.0,fuzzy,one
BEED,MARATHWADA,MAHARASHTRA,470.0,exact,one
CHHATRAPATI SAMBHAJINAGAR,MARATHWADA,MAHARASHTRA,469.0,alias,one
DHARASHIV,MARATHWADA,MAHARASHTRA,488.0,alias,one
HINGOLI,MARATHWADA,MAHARASHTRA,477.0,exact,one
JALNA,MARATHWADA,MAHARASHTRA,479.0,exact,one
LATUR,MARATHWADA,MAHARASHTRA,481.0,exact,one
NANDED,MARATHWADA,MAHARASHTRA,485.0,exact,one
PARBHANI,MARATHWADA,MAHARASHTRA,489.0,exact,one
AKOLA,VIDARBHA,MAHARASHTRA,467.0,exact,one
AMRAOTI,VIDARBHA,MAHARASHTRA,468.0,alias,one
BHANDARA,VIDARBHA,MAHARASHTRA,471.0,exact,one
BULDHANA,VIDARBHA,MAHARASHTRA,472.0,exact,one
CHANDRAPUR,VIDARBHA,MAHARASHTRA,473.0,exact,one
GADCHIROLI,VIDARBHA,MAHARASHTRA,475.0,exact,one
GONDIA,VIDARBHA,MAHARASHTRA,476.0,exact,one
NAGPUR,VIDARBHA,MAHARASHTRA,484.0,exact,one
WARDHA,VIDARBHA,MAHARASHTRA,498.0,exact,one
WASHIM,VIDARBHA,MAHARASHTRA,499.0,exact,one
YEOTMAL,VIDARBHA,MAHARASHTRA,500.0,alias,one
BALOD,CHHATTISGARH,CHHATTISGARH,646.0,exact,one
BALODA BAZAR,CHHATTISGARH,CHHATTISGARH,644.0,exact,one
BALRAMPUR,CHHATTISGARH,CHHATTISGARH,649.0,exact,one
BASTAR,CHHATTISGARH,CHHATTISGARH,374.0,exact,one
BEMETARA,CHHATTISGARH,CHHATTISGARH,650.0,exact,one
BIJAPUR,CHHATTISGARH,CHHATTISGARH,636.0,exact,one
BILASPUR,CHHATTISGARH,CHHATTISGARH,375.0,exact,one
DANTEWADA,CHHATTISGARH,CHHATTISGARH,376.0,exact,one
DHAMTARI,CHHATTISGARH,CHHATTISGARH,377.0,exact,one
DURG,CHHATTISGARH,CHHATTISGARH,378.0,exact,one
GARIABAND,CHHATTISGARH,CHHATTISGARH,645.0,fuzzy,one
GAURELA PENDRA MARWAHI,CHHATTISGARH,CHHATTISGARH,734.0,fuzzy,one
JANJGIR,CHHATTISGARH,CHHATTISGARH,379.0,alias,one
JASHPUR,CHHATTISGARH,CHHATTISGARH,380.0,exact,one
KABIRDHAM,CHHATTISGARH,CHHATTISGARH,382.0,exact,one
KANKER,CHHATTISGARH,CHHATTISGARH,381.0,exact,one
KHAIRAGARH CHH GANDAI,CHHATTISGARH,CHHATTISGARH,759.0,alias,one
KONDAGAON,CHHATTISGARH,CHHATTISGARH,643.0,exact,one
KORBA,CHHATTISGARH,CHHATTISGARH,383.0,exact,one
KORIYA,CHHATTISGARH,CHHATTISGARH,384.0,alias,one
MAHASAMUND,CHHATTISGARH,CHHATTISGARH,385.0,exact,one
MANENDRAGARH BHARATPUR,CHHATTISGARH,CHHATTISGARH,760.0,alias,one
MOHALA MANPUR CHOWKI,CHHATTISGARH,CHHATTISGARH,761.0,alias,one
MUNGELI,CHHATTISGARH,CHHATTISGARH,647.0,exact,one
NARAYANPUR,CHHATTISGARH,CHHATTISGARH,637.0,exact,one
RAIGARH,CHHATTISGARH,CHHATTISGARH,386.0,exact,one
RAIPUR,CHHATTISGARH,CHHATTISGARH,387.0,exact,one
RAJNANDGAON,CHHATTISGARH,CHHATTISGARH,388.0,exact,one
SAKTI,CHHATTISGARH,CHHATTISGARH,762.0,exact,one
SARANGARH BILAIGARH,CHHATTISGARH,CHHATTISGARH,763.0,exact,one
SUKMA,CHHATTISGARH,CHHATTISGARH,642.0,exact,one
SURAJPUR,CHHATTISGARH,CHHATTISGARH,648.0,exact,one
SURGUJA,CHHATTISGARH,CHHATTISGARH,389.0,exact,one
ANAKAPALLI,COASTAL ANDHRA PRADESH & YANAM,ANDHRA PRADESH,744.0,exact,one
BAPATLA,COASTAL ANDHRA PRADESH & YANAM,ANDHRA PRADESH,750.0,exact,one
DR B R AMBEDKAR KONASEEMA,COASTAL ANDHRA PRADESH & YANAM,ANDHRA PRADESH,747.0,alias,one
EAST GODAVARI,COASTAL ANDHRA PRADESH & YANAM,ANDHRA PRADESH,505.0,exact,one
ELURU,COASTAL ANDHRA PRADESH & YANAM,ANDHRA PRADESH,748.0,exact,one
GUNTUR,COASTAL ANDHRA PRADESH & YANAM,ANDHRA PRADESH,506.0,exact,one
KAKINADA,COASTAL ANDHRA PRADESH & YANAM,ANDHRA PRADESH,746.0,exact,one
KRISHNA,COASTAL ANDHRA PRADESH & YANAM,ANDHRA PRADESH,510.0,exact,one
NTR DISTRICT,COASTAL ANDHRA PRADESH & YANAM,ANDHRA PRADESH,749.0,exact,one
PALNADU,COASTAL ANDHRA PRADESH & YANAM,ANDHRA PRADESH,751.0,exact,one
PARVATHIPURAM MANYAM,COASTAL ANDHRA PRADESH & YANAM,ANDHRA PRADESH,743.0,exact,one
PRAKASAM,COASTAL ANDHRA PRADESH & YANAM,ANDHRA PRADESH,517.0,exact,one
SPSR NELLORE,COASTAL ANDHRA PRADESH & YANAM,ANDHRA PRADESH,515.0,exact,one
SRI ALLURI SITHARAMARAJU DISTRICT,COASTAL ANDHRA PRADESH & YANAM,ANDHRA PRADESH,745.0,fuzzy,one
SRIKAKULAM,COASTAL ANDHRA PRADESH & YANAM,ANDHRA PRADESH,519.0,exact,one
VISHAKHAPATNAM,COASTAL ANDHRA PRADESH & YANAM,ANDHRA PRADESH,520.0,fuzzy,one
VIZIANAGARAM,COASTAL ANDHRA PRADESH & YANAM,ANDHRA PRADESH,521.0,exact,one
WEST GODAVARI,COASTAL ANDHRA PRADESH & YANAM,ANDHRA PRADESH,523.0,exact,one
YANAM,COASTAL ANDHRA PRADESH & YANAM,PUDUCHERRY,601.0,exact,one
ANANTAPURAMU,RAYALASEEMA,ANDHRA PRADESH,502.0,fuzzy,one
ANNAMAYYA DISTRICT,RAYALASEEMA,ANDHRA PRADESH,753.0,exact,one
CHITTOOR,RAYALASEEMA,ANDHRA PRADESH,503.0,exact,one
KURNOOL,RAYALASEEMA,ANDHRA PRADESH,511.0,exact,one
NANDYAL,RAYALASEEMA,ANDHRA PRADESH,755.0,exact,one
SRI SATHYASAI DISTRICT,RAYALASEEMA,ANDHRA PRADESH,754.0,exact,one
TIRUPATI,RAYALASEEMA,ANDHRA PRADESH,752.0,exact,one
YSR DISTRICT,RAYALASEEMA,ANDHRA PRADESH,504.0,exact,one
ADILABAD,TELANGANA,TELANGANA,501.0,exact,one
B. KOTHAGUDEM,TELANGANA,TELANGANA,690.0,alias,one
HANUMAKONDA,TELANGANA,TELANGANA,686.0,exact,one
HYDERABAD,TELANGANA,TELANGANA,507.0,exact,one
J. BHUPALPALLY,TELANGANA,TELANGANA,687.0,alias,one
JAGTIAL,TELANGANA,TELANGANA,681.0,fuzzy,one
JANGAON,TELANGANA,TELANGANA,689.0,fuzzy,one
JOGULAMBA GADWAL,TELANGANA,TELANGANA,695.0,exact,one
KAMAREDDY,TELANGANA,TELANGANA,685.0,exact,one
KARIMNAGAR,TELANGANA,TELANGANA,508.0,exact,one
KHAMMAM,TELANGANA,TELANGANA,509.0,exact,one
KUMARAM BHEEM,TELANGANA,TELANGANA,699.0,alias,one
M. MALKAJGIRI,TELANGANA,TELANGANA,700.0,alias,one
MAHABUBABAD,TELANGANA,TELANGANA,688.0,exact,one
MAHABUBNAGAR,TELANGANA,TELANGANA,512.0,exact,one
MANCHERIAL,TELANGANA,TELANGANA,684.0,exact,one
MEDAK,TELANGANA,TELANGANA,513.0,exact,one
MULUGU,TELANGANA,TELANGANA,720.0,exact,one
NAGARKURNOOL,TELANGANA,TELANGANA,694.0,exact,one
NALGONDA,TELANGANA,TELANGANA,514.0,exact,one
NARAYANPET,TELANGANA,TELANGANA,721.0,exact,one
NIRMAL,TELANGANA,TELANGANA,680.0,exact,one
NIZAMABAD,TELANGANA,TELANGANA,516.0,exact,one
PEDDAPALLE,TELANGANA,TELANGANA,682.0,fuzzy,one
RAJANNA SIRCILLA,TELANGANA,TELANGANA,683.0,exact,one
RANGAREDDY,TELANGANA,TELANGANA,518.0,exact,one
SANGAREDDY,TELANGANA,TELANGANA,691.0,exact,one
SIDDIPET,TELANGANA,TELANGANA,692.0,exact,one
SURYAPET,TELANGANA,TELANGANA,696.0,exact,one
VIKARABAD,TELANGANA,TELANGANA,698.0,exact,one
WANAPARTHY,TELANGANA,TELANGANA,693.0,exact,one
WARANGAL,TELANGANA,TELANGANA,522.0,exact,one
Y. BHUVANAGIRI,TELANGANA,TELANGANA,697.0,alias,one
ARIYALUR,TAMILNADU & PUDUCHERRY & KARAIKAL,TAMIL NADU,610.0,exact,one
CHENGALPATTU,TAMILNADU & PUDUCHERRY & KARAIKAL,TAMIL NADU,730.0,exact,one
CHENNAI,TAMILNADU & PUDUCHERRY & KARAIKAL,TAMIL NADU,568.0,exact,one
COIMBATORE,TAMILNADU & PUDUCHERRY & KARAIKAL,TAMIL NADU,569.0,exact,one
CUDDALORE,TAMILNADU & PUDUCHERRY & KARAIKAL,TAMIL NADU,570.0,exact,one
DHARMAPURI,TAMILNADU & PUDUCHERRY & KARAIKAL,TAMIL NADU,571.0,exact,one
DINDIGUL,TAMILNADU & PUDUCHERRY & KARAIKAL,TAMIL NADU,572.0,exact,one
ERODE,TAMILNADU & PUDUCHERRY & KARAIKAL,TAMIL NADU,573.0,exact,one
KALLAKURICHI,TAMILNADU & PUDUCHERRY & KARAIKAL,TAMIL NADU,729.0,exact,one
KANCHEEPURAM,TAMILNADU & PUDUCHERRY & KARAIKAL,TAMIL NADU,574.0,fuzzy,one
KANYAKUMARI,TAMILNADU & PUDUCHERRY & KARAIKAL,TAMIL NADU,575.0,fuzzy,one
KARUR,TAMILNADU & PUDUCHERRY & KARAIKAL,TAMIL NADU,576.0,exact,one
KRISHNAGIRI,TAMILNADU & PUDUCHERRY & KARAIKAL,TAMIL NADU,577.0,exact,one
MADURAI,TAMILNADU & PUDUCHERRY & KARAIKAL,TAMIL NADU,578.0,exact,one
MAYILADUTHURAI,TAMILNADU & PUDUCHERRY & KARAIKAL,TAMIL NADU,735.0,exact,one
NAGAPATTINAM,TAMILNADU & PUDUCHERRY & KARAIKAL,TAMIL NADU,579.0,exact,one
NAMAKKAL,TAMILNADU & PUDUCHERRY & KARAIKAL,TAMIL NADU,580.0,exact,one
NILGIRIS,TAMILNADU & PUDUCHERRY & KARAIKAL,TAMIL NADU,587.0,alias,one
PERAMBALUR,TAMILNADU & PUDUCHERRY & KARAIKAL,TAMIL NADU,581.0,exact,one
PUDUKKOTTAI,TAMILNADU & PUDUCHERRY & KARAIKAL,TAMIL NADU,582.0,exact,one
RAMANATHAPURAM,TAMILNADU & PUDUCHERRY & KARAIKAL,TAMIL NADU,583.0,exact,one
RANIPET,TAMILNADU & PUDUCHERRY & KARAIKAL,TAMIL NADU,731.0,exact,one
SALEM,TAMILNADU & PUDUCHERRY & KARAIKAL,TAMIL NADU,584.0,exact,one
SIVAGANGA,TAMILNADU & PUDUCHERRY & KARAIKAL,TAMIL NADU,585.0,exact,one
TENKASI,TAMILNADU & PUDUCHERRY & KARAIKAL,TAMIL NADU,733.0,exact,one
THANJAVUR,TAMILNADU & PUDUCHERRY & KARAIKAL,TAMIL NADU,586.0,exact,one
THENI,TAMILNADU & PUDUCHERRY & KARAIKAL,TAMIL NADU,588.0,exact,one
THIRUCHIRAPALLI,TAMILNADU & PUDUCHERRY & KARAIKAL,TAMIL NADU,591.0,fuzzy,one
THIRUVALLUR,TAMILNADU & PUDUCHERRY & KARAIKAL,TAMIL NADU,589.0,exact,one
THOOTHUKUDI,TAMILNADU & PUDUCHERRY & KARAIKAL,TAMIL NADU,594.0,alias,one
TIRUNELVELI,TAMILNADU & PUDUCHERRY & KARAIKAL,TAMIL NADU,592.0,exact,one
TIRUPATTUR,TAMILNADU & PUDUCHERRY & KARAIKAL,TAMIL NADU,732.0,fuzzy,one
TIRUPPUR,TAMILNADU & PUDUCHERRY & KARAIKAL,TAMIL NADU,634.0,exact,one
TIRUVANNAMALAI,TAMILNADU & PUDUCHERRY & KARAIKAL,TAMIL NADU,593.0,exact,one
TIRUVARUR,TAMILNADU & PUDUCHERRY & KARAIKAL,TAMIL NADU,590.0,fuzzy,one
VELLORE,TAMILNADU & PUDUCHERRY & KARAIKAL,TAMIL NADU,595.0,exact,one
VILLUPURAM,TAMILNADU & PUDUCHERRY & KARAIKAL,TAMIL NADU,596.0,exact,one
VIRUDHUNAGAR,TAMILNADU & PUDUCHERRY & KARAIKAL,TAMIL NADU,597.0,exact,one
KARAIKAL,TAMILNADU & PUDUCHERRY & KARAIKAL,PUDUCHERRY,598.0,exact,one
PUDUCHERRY,TAMILNADU & PUDUCHERRY & KARAIKAL,PUDUCHERRY,600.0,alias,one
BAGALKOTE,NORTHERN INTERIOR KARNATAKA,KARNATAKA,524.0,exact,one
BELAGAVI,NORTHERN INTERIOR KARNATAKA,KARNATAKA,527.0,exact,one
BIDAR,NORTHERN INTERIOR KARNATAKA,KARNATAKA,529.0,exact,one
DHARWAD,NORTHERN INTERIOR KARNATAKA,KARNATAKA,536.0,exact,one
GADAG,NORTHERN INTERIOR KARNATAKA,KARNATAKA,537.0,exact,one
HAVERI,NORTHERN INTERIOR KARNATAKA,KARNATAKA,540.0,exact,one
KALABURAGI,NORTHERN INTERIOR KARNATAKA,KARNATAKA,538.0,exact,one
KOPPAL,NORTHERN INTERIOR KARNATAKA,KARNATAKA,543.0,exact,one
RAICHUR,NORTHERN INTERIOR KARNATAKA,KARNATAKA,546.0,exact,one
VIJAYAPURA,NORTHERN INTERIOR KARNATAKA,KARNATAKA,530.0,exact,one
YADGIR,NORTHERN INTERIOR KARNATAKA,KARNATAKA,635.0,exact,one
BALLARI,SOUTHERN INTERIOR KARNATAKA,KARNATAKA,528.0,exact,one
BENGALURU RURAL,SOUTHERN INTERIOR KARNATAKA,KARNATAKA,526.0,exact,one
BENGALURU URBAN,SOUTHERN INTERIOR KARNATAKA,KARNATAKA,525.0,exact,one
CHAMARAJANAGAR,SOUTHERN INTERIOR KARNATAKA,KARNATAKA,531.0,fuzzy,one
CHIKABALLAPURA,SOUTHERN INTERIOR KARNATAKA,KARNATAKA,630.0,fuzzy,one
CHIKKAMAGALURU,SOUTHERN INTERIOR KARNATAKA,KARNATAKA,532.0,exact,one
CHITRADURGA,SOUTHERN INTERIOR KARNATAKA,KARNATAKA,533.0,exact,one
DAVANGERE,SOUTHERN INTERIOR KARNATAKA,KARNATAKA,535.0,exact,one
HASSAN,SOUTHERN INTERIOR KARNATAKA,KARNATAKA,539.0,exact,one
KODAGU,SOUTHERN INTERIOR KARNATAKA,KARNATAKA,541.0,exact,one
KOLAR,SOUTHERN INTERIOR KARNATAKA,KARNATAKA,542.0,exact,one
MANDYA,SOUTHERN INTERIOR KARNATAKA,KARNATAKA,544.0,exact,one
MYSURU,SOUTHERN INTERIOR KARNATAKA,KARNATAKA,545.0,exact,one
RAMANAGARA,SOUTHERN INTERIOR KARNATAKA,KARNATAKA,631.0,exact,one
SHIVAMOGGA,SOUTHERN INTERIOR KARNATAKA,KARNATAKA,547.0,exact,one
TUMAKURU,SOUTHERN INTERIOR KARNATAKA,KARNATAKA,548.0,exact,one
VIJAYANAGARA,SOUTHERN INTERIOR KARNATAKA,KARNATAKA,738.0,fuzzy,one
DAKSHINA KANNADA,COASTAL KARNATAKA,KARNATAKA,534.0,exact,one
UDUPI,COASTAL KARNATAKA,KARNATAKA,549.0,exact,one
UTTARA KANNADA,COASTAL KARNATAKA,KARNATAKA,550.0,exact,one
ALAPUZHA,KERALA & MAHE,KERALA,554.0,fuzzy,one
ERNAKULAM,KERALA & MAHE,KERALA,555.0,exact,one
IDUKKI,KERALA & MAHE,KERALA,556.0,exact,one
KANNUR,KERALA & MAHE,KERALA,557.0,exact,one
KASARGOD,KERALA & MAHE,KERALA,558.0,fuzzy,one
KOLLAM,KERALA & MAHE,KERALA,559.0,exact,one
KOTTAYAM,KERALA & MAHE,KERALA,560.0,exact,one
KOZHIKODE,KERALA & MAHE,KERALA,561.0,exact,one
MALAPPURAM,KERALA & MAHE,KERALA,562.0,exact,one
PALAKKAD,KERALA & MAHE,KERALA,563.0,exact,one
PATHANAMTHITTA,KERALA & MAHE,KERALA,564.0,exact,one
THIRUVANANTHAPURAM,KERALA & MAHE,KERALA,565.0,exact,one
THRISSUR,KERALA & MAHE,KERALA,566.0,exact,one
WYNAD,KERALA & MAHE,KERALA,567.0,alias,one
MAHE,KERALA & MAHE,PUDUCHERRY,599.0,exact,one
LAKSHADWEEP,LAKSHADWEEP,LAKSHADWEEP,553.0,exact,one
