period_start,period_end,imd_name,subdivision,state,day_actual_mm,day_normal_mm,day_dep_pct,day_cat,period_actual_mm,period_normal_mm,period_dep_pct,period_cat,dist_lgd,category
2026-10-01,2026-10-05,NICOBAR,ANDAMAN & NICOBAR ISLANDS,ANDAMAN & NICOBAR ISLANDS,0.4,10.0,-96.0,LD,14.9,50.1,-70.0,LD,603,Large Deficient
2026-10-01,2026-10-05,NORTH & MIDDLE ANDAMAN,ANDAMAN & NICOBAR ISLANDS,ANDAMAN & NICOBAR ISLANDS,0.0,11.5,-100.0,NR,8.5,64.3,-87.0,LD,632,Large Deficient
2026-10-01,2026-10-05,SOUTH ANDAMAN,ANDAMAN & NICOBAR ISLANDS,ANDAMAN & NICOBAR ISLANDS,10.0,11.4,-12.0,N,27.5,66.2,-58.0,D,602,Deficient
2026-10-01,2026-10-05,ANJAW,ARUNACHAL PRADESH,ARUNACHAL PRADESH,2.1,8.7,-75.0,LD,33.2,53.6,-38.0,D,628,Deficient
2026-10-01,2026-10-05,CHANGLANG,ARUNACHAL PRADESH,ARUNACHAL PRADESH,0.3,6.3,-96.0,LD,17.2,30.1,-43.0,D,229,Deficient
2026-10-01,2026-10-05,DIBANG VALLEY,ARUNACHAL PRADESH,ARUNACHAL PRADESH,,15.7,,ND,,58.4,,ND,230,
2026-10-01,2026-10-05,EAST KAMENG,ARUNACHAL PRADESH,ARUNACHAL PRADESH,8.8,4.6,91.0,LE,24.0,24.0,0.0,N,231,Normal
2026-10-01,2026-10-05,EAST SIANG,ARUNACHAL PRADESH,ARUNACHAL PRADESH,69.3,16.1,330.0,LE,88.9,76.4,16.0,N,232,Normal
2026-10-01,2026-10-05,KURUNG KUMEY,ARUNACHAL PRADESH,ARUNACHAL PRADESH,8.5,5.8,47.0,E,22.2,19.4,14.0,N,233,Normal
2026-10-01,2026-10-05,LOHIT,ARUNACHAL PRADESH,ARUNACHAL PRADESH,2.2,13.5,-84.0,LD,20.3,57.4,-65.0,LD,234,Large Deficient
2026-10-01,2026-10-05,LOWER DIBANG VALLEY,ARUNACHAL PRADESH,ARUNACHAL PRADESH,,18.6,,ND,,64.5,,ND,235,
2026-10-01,2026-10-05,LOWER SUBANSIRI,ARUNACHAL PRADESH,ARUNACHAL PRADESH,2.4,3.0,-21.0,D,21.5,10.6,103.0,LE,236,Large Excess
2026-10-01,2026-10-05,PAPUMPARA,ARUNACHAL PRADESH,ARUNACHAL PRADESH,10.8,13.2,-18.0,N,71.2,43.8,63.0,LE,237,Large Excess
2026-10-01,2026-10-05,TAWANG,ARUNACHAL PRADESH,ARUNACHAL PRADESH,0.0,3.3,-100.0,NR,0.1,17.8,-99.0,LD,238,Large Deficient
2026-10-01,2026-10-05,TIRAP,ARUNACHAL PRADESH,ARUNACHAL PRADESH,0.5,7.9,-94.0,LD,78.5,56.7,38.0,E,239,Excess
2026-10-01,2026-10-05,UPPER SIANG,ARUNACHAL PRADESH,ARUNACHAL PRADESH,7.1,13.3,-47.0,D,31.3,51.4,-39.0,D,240,Deficient
2026-10-01,2026-10-05,UPPER SUBANSIRI,ARUNACHAL PRADESH,ARUNACHAL PRADESH,11.6,1.4,726.0,LE,17.5,18.0,-3.0,N,241,Normal
2026-10-01,2026-10-05,WEST KAMENG,ARUNACHAL PRADESH,ARUNACHAL PRADESH,2.9,6.3,-54.0,D,17.4,38.3,-55.0,D,242,Deficient
2026-10-01,2026-10-05,WEST SIANG,ARUNACHAL PRADESH,ARUNACHAL PRADESH,0.7,11.8,-94.0,LD,20.0,67.2,-70.0,LD,243,Large Deficient
2026-10-01,2026-10-05,BAJALI,ASSAM & MEGHALAYA,ASSAM,98.5,7.7,1179.0,LE,99.0,33.9,192.0,LE,739,Large Excess
2026-10-01,2026-10-05,BAKSA,ASSAM & MEGHALAYA,ASSAM,1.3,4.7,-72.0,LD,42.1,22.4,88.0,LE,616,Large Excess
2026-10-01,2026-10-05,BARPETA,ASSAM & MEGHALAYA,ASSAM,22.5,7.7,192.0,LE,25.5,33.9,-25.0,D,280,Deficient
2026-10-01,2026-10-05,BISWANATH,ASSAM & MEGHALAYA,ASSAM,,3.0,,ND,,25.9,,ND,705,
2026-10-01,2026-10-05,BONGAIGAON,ASSAM & MEGHALAYA,ASSAM,12.6,14.1,-11.0,N,44.1,50.7,-13.0,N,281,Normal
2026-10-01,2026-10-05,CACHAR,ASSAM & MEGHALAYA,ASSAM,0.4,8.3,-96.0,LD,40.5,38.7,5.0,N,282,Normal
2026-10-01,2026-10-05,CHARAIDEO,ASSAM & MEGHALAYA,ASSAM,2.5,2.7,-7.0,N,43.5,14.3,204.0,LE,708,Large Excess
2026-10-01,2026-10-05,CHIRANG,ASSAM & MEGHALAYA,ASSAM,81.8,6.0,1263.0,LE,90.8,31.7,186.0,LE,612,Large Excess
2026-10-01,2026-10-05,DARRANG,ASSAM & MEGHALAYA,ASSAM,3.0,2.3,30.0,E,3.5,19.5,-82.0,LD,283,Large Deficient
2026-10-01,2026-10-05,DHEMAJI,ASSAM & MEGHALAYA,ASSAM,7.4,11.1,-33.0,D,47.0,33.9,39.0,E,284,Excess
2026-10-01,2026-10-05,DHUBRI,ASSAM & MEGHALAYA,ASSAM,21.7,11.1,96.0,LE,21.7,39.0,-44.0,D,285,Deficient
2026-10-01,2026-10-05,DIBRUGARH,ASSAM & MEGHALAYA,ASSAM,7.8,5.6,40.0,E,47.7,30.6,56.0,E,286,Excess
2026-10-01,2026-10-05,DIMA HASAO,ASSAM & MEGHALAYA,ASSAM,0.0,5.6,-100.0,NR,3.0,29.5,-90.0,LD,299,Large Deficient
2026-10-01,2026-10-05,GOALPARA,ASSAM & MEGHALAYA,ASSAM,10.6,16.8,-37.0,D,10.6,50.7,-79.0,LD,287,Large Deficient
2026-10-01,2026-10-05,GOLAGHAT,ASSAM & MEGHALAYA,ASSAM,4.6,6.2,-26.0,D,16.4,21.7,-24.0,D,288,Deficient
2026-10-01,2026-10-05,HAILAKANDI,ASSAM & MEGHALAYA,ASSAM,0.0,12.1,-100.0,NR,48.9,38.9,26.0,E,289,Excess
2026-10-01,2026-10-05,HOJAI,ASSAM & MEGHALAYA,ASSAM,0.0,3.2,-100.0,NR,0.3,22.5,-99.0,LD,709,Large Deficient
2026-10-01,2026-10-05,JORHAT,ASSAM & MEGHALAYA,ASSAM,8.0,5.0,61.0,LE,35.5,25.3,40.0,E,290,Excess
2026-10-01,2026-10-05,KAMRUP METROPOLITAN,ASSAM & MEGHALAYA,ASSAM,0.3,4.0,-92.0,LD,0.6,21.0,-97.0,LD,618,Large Deficient
2026-10-01,2026-10-05,KAMRUP RURAL,ASSAM & MEGHALAYA,ASSAM,3.4,4.8,-29.0,D,3.7,22.2,-84.0,LD,291,Large Deficient
2026-10-01,2026-10-05,KARBI ANGLONG,ASSAM & MEGHALAYA,ASSAM,0.0,5.3,-100.0,NR,30.0,20.3,48.0,E,292,Excess
2026-10-01,2026-10-05,KOKRAJHAR,ASSAM & MEGHALAYA,ASSAM,4.4,10.0,-57.0,D,4.4,39.2,-89.0,LD,294,Large Deficient
2026-10-01,2026-10-05,LAKHIMPUR,ASSAM & MEGHALAYA,ASSAM,1.1,9.0,-88.0,LD,36.5,37.7,-3.0,N,295,Normal
2026-10-01,2026-10-05,MAJULI,ASSAM & MEGHALAYA,ASSAM,,5.0,,ND,,25.3,,ND,706,
2026-10-01,2026-10-05,MORIGAON,ASSAM & MEGHALAYA,ASSAM,0.0,1.7,-100.0,NR,0.1,12.1,-99.0,LD,296,Large Deficient
2026-10-01,2026-10-05,NAGAON,ASSAM & MEGHALAYA,ASSAM,0.7,3.4,-78.0,LD,4.5,18.0,-75.0,LD,297,Large Deficient
2026-10-01,2026-10-05,NALBARI,ASSAM & MEGHALAYA,ASSAM,0.0,5.1,-100.0,NR,2.0,27.9,-93.0,LD,298,Large Deficient
2026-10-01,2026-10-05,SIBSAGAR,ASSAM & MEGHALAYA,ASSAM,2.1,5.5,-62.0,LD,17.3,21.0,-18.0,N,300,Normal
2026-10-01,2026-10-05,SONITPUR,ASSAM & MEGHALAYA,ASSAM,5.0,2.0,152.0,LE,25.5,16.6,54.0,E,301,Excess
2026-10-01,2026-10-05,SOUTH SALMARA,ASSAM & MEGHALAYA,ASSAM,,11.1,,ND,,39.0,,ND,707,
2026-10-01,2026-10-05,SRIBHUMI,ASSAM & MEGHALAYA,ASSAM,3.3,15.7,-79.0,LD,147.9,39.9,271.0,LE,293,Large Excess
2026-10-01,2026-10-05,TAMULPUR,ASSAM & MEGHALAYA,ASSAM,0.6,3.6,-83.0,LD,56.9,17.4,227.0,LE,756,Large Excess
2026-10-01,2026-10-05,TINSUKIA,ASSAM & MEGHALAYA,ASSAM,2.0,5.2,-62.0,LD,53.8,30.0,79.0,LE,302,Large Excess
2026-10-01,2026-10-05,UDALGURI,ASSAM & MEGHALAYA,ASSAM,16.8,5.6,199.0,LE,20.0,29.1,-31.0,D,617,Deficient
2026-10-01,2026-10-05,WEST KARBI ANGLONG,ASSAM & MEGHALAYA,ASSAM,0.0,4.4,-100.0,NR,0.0,19.2,-100.0,NR,710,No Rain
2026-10-01,2026-10-05,EAST GARO HILLS,ASSAM & MEGHALAYA,MEGHALAYA,0.0,11.5,-99.0,LD,2.9,48.7,-94.0,LD,273,Large Deficient
2026-10-01,2026-10-05,EAST JAINTIA HILLS,ASSAM & MEGHALAYA,MEGHALAYA,0.0,52.9,-100.0,NR,13.6,110.8,-88.0,LD,657,Large Deficient
2026-10-01,2026-10-05,EAST KHASI HILLS,ASSAM & MEGHALAYA,MEGHALAYA,0.5,15.6,-97.0,LD,7.3,63.6,-89.0,LD,274,Large Deficient
2026-10-01,2026-10-05,NORTH GARO HILLS,ASSAM & MEGHALAYA,MEGHALAYA,3.0,11.6,-74.0,LD,4.4,32.8,-86.0,LD,656,Large Deficient
2026-10-01,2026-10-05,RI BHOI,ASSAM & MEGHALAYA,MEGHALAYA,7.6,16.5,-54.0,D,16.7,51.3,-68.0,LD,276,Large Deficient
2026-10-01,2026-10-05,SOUTH GARO HILLS,ASSAM & MEGHALAYA,MEGHALAYA,0.1,11.6,-99.0,LD,9.1,32.8,-72.0,LD,277,Large Deficient
2026-10-01,2026-10-05,SOUTH WEST GARO HILLS,ASSAM & MEGHALAYA,MEGHALAYA,0.0,11.6,-100.0,NR,1.5,32.8,-95.0,LD,663,Large Deficient
2026-10-01,2026-10-05,SOUTH WEST KHASI HILLS,ASSAM & MEGHALAYA,MEGHALAYA,0.0,11.6,-100.0,NR,10.0,32.8,-70.0,LD,658,Large Deficient
2026-10-01,2026-10-05,WEST GARO HILLS,ASSAM & MEGHALAYA,MEGHALAYA,1.3,13.4,-90.0,LD,2.1,45.4,-95.0,LD,278,Large Deficient
2026-10-01,2026-10-05,WEST JAINTIA HILLS,ASSAM & MEGHALAYA,MEGHALAYA,0.0,52.9,-99.0,LD,83.0,110.8,-25.0,D,275,Deficient
2026-10-01,2026-10-05,WEST KHASI HILLS,ASSAM & MEGHALAYA,MEGHALAYA,0.2,11.7,-99.0,LD,5.6,52.6,-89.0,LD,279,Large Deficient
2026-10-01,2026-10-05,AIZAWL,NMMT,MIZORAM,0.9,8.4,-89.0,LD,59.4,46.9,27.0,E,261,Excess
2026-10-01,2026-10-05,CHAMPHAI,NMMT,MIZORAM,2.1,10.3,-79.0,LD,58.8,39.6,49.0,E,262,Excess
2026-10-01,2026-10-05,KOLASIB,NMMT,MIZORAM,1.0,9.7,-90.0,LD,78.7,60.3,31.0,E,263,Excess
2026-10-01,2026-10-05,LAWNGTLAI,NMMT,MIZORAM,1.5,13.9,-89.0,LD,61.9,54.1,14.0,N,264,Normal
2026-10-01,2026-10-05,LUNGLEI,NMMT,MIZORAM,0.0,11.7,-100.0,NR,69.1,51.7,34.0,E,265,Excess
2026-10-01,2026-10-05,MAMIT,NMMT,MIZORAM,8.6,8.6,0.0,N,50.8,62.5,-19.0,N,266,Normal
2026-10-01,2026-10-05,SAIHA,NMMT,MIZORAM,0.0,13.2,-100.0,NR,154.7,69.5,123.0,LE,267,Large Excess
2026-10-01,2026-10-05,SERCHHIP,NMMT,MIZORAM,0.0,5.3,-100.0,NR,42.9,37.8,14.0,N,268,Normal
2026-10-01,2026-10-05,BISHNUPUR,NMMT,MANIPUR,0.0,3.6,-100.0,NR,7.2,25.0,-71.0,LD,252,Large Deficient
2026-10-01,2026-10-05,CHANDEL,NMMT,MANIPUR,0.0,3.6,-100.0,NR,25.5,25.0,2.0,N,253,Normal
2026-10-01,2026-10-05,CHURACHANDPUR,NMMT,MANIPUR,0.0,3.6,-100.0,NR,10.0,25.0,-60.0,LD,254,Large Deficient
2026-10-01,2026-10-05,IMPHAL EAST,NMMT,MANIPUR,0.0,5.9,-100.0,NR,40.1,25.8,55.0,E,255,Excess
2026-10-01,2026-10-05,IMPHAL WEST,NMMT,MANIPUR,0.0,7.6,-100.0,NR,49.1,41.4,19.0,N,256,Normal
2026-10-01,2026-10-05,SENAPATI,NMMT,MANIPUR,0.0,3.3,-100.0,NR,43.8,27.6,59.0,E,257,Excess
2026-10-01,2026-10-05,TAMENGLONG,NMMT,MANIPUR,0.0,6.9,-100.0,NR,66.1,72.5,-9.0,N,258,Normal
2026-10-01,2026-10-05,THOUBAL,NMMT,MANIPUR,0.0,5.9,-100.0,NR,35.2,25.8,36.0,E,259,Excess
2026-10-01,2026-10-05,UKHRUL,NMMT,MANIPUR,0.0,3.2,-100.0,NR,48.1,17.2,180.0,LE,260,Large Excess
2026-10-01,2026-10-05,DHALAI,NMMT,TRIPURA,0.6,9.8,-94.0,LD,8.7,31.0,-72.0,LD,269,Large Deficient
2026-10-01,2026-10-05,GOMATI,NMMT,TRIPURA,0.7,6.7,-89.0,LD,11.9,34.0,-65.0,LD,654,Large Deficient
2026-10-01,2026-10-05,KHOWAI,NMMT,TRIPURA,1.4,10.5,-87.0,LD,15.0,39.7,-62.0,LD,652,Large Deficient
2026-10-01,2026-10-05,NORTH TRIPURA,NMMT,TRIPURA,0.3,11.0,-97.0,LD,35.4,38.4,-8.0,N,270,Normal
2026-10-01,2026-10-05,SIPAHIJALA,NMMT,TRIPURA,0.0,5.9,-100.0,NR,14.6,39.3,-63.0,LD,653,Large Deficient
2026-10-01,2026-10-05,SOUTH TRIPURA,NMMT,TRIPURA,9.6,6.7,43.0,E,23.8,29.8,-20.0,D,271,Deficient
2026-10-01,2026-10-05,UNAKOTI,NMMT,TRIPURA,14.3,7.0,104.0,LE,68.2,34.1,100.0,LE,655,Large Excess
2026-10-01,2026-10-05,WEST TRIPURA,NMMT,TRIPURA,8.6,9.5,-10.0,N,12.7,38.2,-67.0,LD,272,Large Deficient
2026-10-01,2026-10-05,DIMAPUR,NMMT,NAGALAND,0.0,6.1,-100.0,NR,15.6,20.5,-24.0,D,244,Deficient
2026-10-01,2026-10-05,KIPHIRE,NMMT,NAGALAND,0.4,2.5,-84.0,LD,43.4,18.2,138.0,LE,614,Large Excess
2026-10-01,2026-10-05,KOHIMA,NMMT,NAGALAND,1.6,7.7,-79.0,LD,36.5,29.2,25.0,E,245,Excess
2026-10-01,2026-10-05,LONGLENG,NMMT,NAGALAND,,2.5,,ND,,19.7,,ND,615,
2026-10-01,2026-10-05,MOKOKCHUNG,NMMT,NAGALAND,1.0,2.6,-63.0,LD,71.2,24.4,192.0,LE,246,Large Excess
2026-10-01,2026-10-05,MON,NMMT,NAGALAND,8.9,6.8,30.0,E,62.0,25.4,144.0,LE,247,Large Excess
2026-10-01,2026-10-05,PEREN,NMMT,NAGALAND,0.2,4.6,-96.0,LD,50.9,24.0,112.0,LE,613,Large Excess
2026-10-01,2026-10-05,PHEK,NMMT,NAGALAND,0.0,4.7,-100.0,NR,30.9,26.7,16.0,N,248,Normal
2026-10-01,2026-10-05,TUENSANG,NMMT,NAGALAND,,2.5,,ND,0.2,19.7,-99.0,LD,249,Large Deficient
2026-10-01,2026-10-05,WOKHA,NMMT,NAGALAND,0.4,5.4,-93.0,LD,29.4,27.7,6.0,N,250,Normal
2026-10-01,2026-10-05,ZUNHEBOTO,NMMT,NAGALAND,2.0,2.7,-26.0,D,81.8,20.6,297.0,LE,251,Large Excess
2026-10-01,2026-10-05,ALIPURDUAR,SHWB & SIKKIM,WEST BENGAL,6.2,11.7,-47.0,D,42.1,45.5,-7.0,N,664,Normal
2026-10-01,2026-10-05,COOCH BEHAR,SHWB & SIKKIM,WEST BENGAL,2.9,14.4,-80.0,LD,3.0,53.1,-94.0,LD,308,Large Deficient
2026-10-01,2026-10-05,DARJEELING,SHWB & SIKKIM,WEST BENGAL,13.3,9.3,43.0,E,49.8,42.9,16.0,N,309,Normal
2026-10-01,2026-10-05,JALPAIGURI,SHWB & SIKKIM,WEST BENGAL,43.4,13.9,212.0,LE,108.8,55.8,95.0,LE,314,Large Excess
2026-10-01,2026-10-05,KALIMPONG,SHWB & SIKKIM,WEST BENGAL,17.9,6.5,176.0,LE,29.9,39.7,-25.0,D,702,Deficient
2026-10-01,2026-10-05,MALDA,SHWB & SIKKIM,WEST BENGAL,0.0,6.1,-100.0,NR,0.0,36.5,-100.0,NR,316,No Rain
2026-10-01,2026-10-05,NORTH DINAJPUR,SHWB & SIKKIM,WEST BENGAL,0.0,8.3,-100.0,NR,0.0,47.5,-100.0,NR,311,No Rain
2026-10-01,2026-10-05,SOUTH DINAJPUR,SHWB & SIKKIM,WEST BENGAL,0.0,5.3,-100.0,NR,0.0,42.8,-100.0,NR,310,No Rain
2026-10-01,2026-10-05,GANGTOK,SHWB & SIKKIM,SIKKIM,25.0,6.5,285.0,LE,27.9,44.5,-37.0,D,225,Deficient
2026-10-01,2026-10-05,GYALSHING,SHWB & SIKKIM,SIKKIM,52.2,6.9,657.0,LE,65.0,38.9,67.0,LE,228,Large Excess
2026-10-01,2026-10-05,MANGAN,SHWB & SIKKIM,SIKKIM,,,,,,,,,226,
2026-10-01,2026-10-05,BANKURA,GANGETIC WEST BENGAL,WEST BENGAL,0.0,6.9,-100.0,NR,0.0,28.4,-100.0,NR,305,No Rain
2026-10-01,2026-10-05,BIRBHUM,GANGETIC WEST BENGAL,WEST BENGAL,0.0,5.2,-100.0,NR,0.0,28.2,-100.0,NR,307,No Rain
2026-10-01,2026-10-05,EAST MIDNAPORE,GANGETIC WEST BENGAL,WEST BENGAL,0.0,9.1,-100.0,NR,0.2,42.4,-99.0,LD,317,Large Deficient
2026-10-01,2026-10-05,HOOGHLY,GANGETIC WEST BENGAL,WEST BENGAL,0.0,3.8,-100.0,NR,0.0,21.3,-100.0,NR,312,No Rain
2026-10-01,2026-10-05,HOWRAH,GANGETIC WEST BENGAL,WEST BENGAL,0.0,3.9,-100.0,NR,0.8,25.4,-97.0,LD,313,Large Deficient
2026-10-01,2026-10-05,JHARGRAM,GANGETIC WEST BENGAL,WEST BENGAL,0.0,7.3,-100.0,NR,0.0,30.7,-100.0,NR,703,No Rain
2026-10-01,2026-10-05,KOLKATA,GANGETIC WEST BENGAL,WEST BENGAL,1.4,9.3,-85.0,LD,3.4,37.3,-91.0,LD,315,Large Deficient
2026-10-01,2026-10-05,MURSHIDABAD,GANGETIC WEST BENGAL,WEST BENGAL,0.0,5.2,-100.0,NR,0.0,26.4,-100.0,NR,319,No Rain
2026-10-01,2026-10-05,NADIA,GANGETIC WEST BENGAL,WEST BENGAL,0.0,4.8,-100.0,NR,0.7,24.3,-97.0,LD,320,Large Deficient
2026-10-01,2026-10-05,NORTH 24 PARGANAS,GANGETIC WEST BENGAL,WEST BENGAL,11.0,6.7,65.0,LE,47.3,30.9,53.0,E,303,Excess
2026-10-01,2026-10-05,PASCHIM BARDHAMAN,GANGETIC WEST BENGAL,WEST BENGAL,0.0,7.2,-100.0,NR,0.0,30.5,-100.0,NR,704,No Rain
2026-10-01,2026-10-05,PURBA BARDHAMAN,GANGETIC WEST BENGAL,WEST BENGAL,0.0,4.8,-100.0,NR,0.0,22.6,-100.0,NR,306,No Rain
2026-10-01,2026-10-05,PURULIA,GANGETIC WEST BENGAL,WEST BENGAL,0.0,8.1,-100.0,NR,0.0,25.1,-100.0,NR,321,No Rain
2026-10-01,2026-10-05,SOUTH 24 PARGANAS,GANGETIC WEST BENGAL,WEST BENGAL,0.0,7.0,-100.0,NR,7.0,38.4,-82.0,LD,304,Large Deficient
2026-10-01,2026-10-05,WEST MIDNAPORE,GANGETIC WEST BENGAL,WEST BENGAL,0.0,7.3,-100.0,NR,0.0,30.7,-100.0,NR,318,No Rain
2026-10-01,2026-10-05,ANGUL,ODISHA,ODISHA,0.0,4.4,-100.0,NR,0.0,23.0,-100.0,NR,344,No Rain
2026-10-01,2026-10-05,BALANGIR,ODISHA,ODISHA,0.0,2.8,-100.0,NR,0.0,14.9,-100.0,NR,345,No Rain
2026-10-01,2026-10-05,BALASORE,ODISHA,ODISHA,0.0,8.5,-100.0,NR,0.7,47.8,-99.0,LD,346,Large Deficient
2026-10-01,2026-10-05,BARGARH,ODISHA,ODISHA,0.0,2.7,-100.0,NR,0.0,13.9,-100.0,NR,347,No Rain
2026-10-01,2026-10-05,BHADRAK,ODISHA,ODISHA,0.0,9.1,-100.0,NR,1.9,36.7,-95.0,LD,348,Large Deficient
2026-10-01,2026-10-05,BOUDH,ODISHA,ODISHA,0.0,1.9,-100.0,NR,0.0,14.8,-100.0,NR,349,No Rain
2026-10-01,2026-10-05,CUTTACK,ODISHA,ODISHA,0.0,8.8,-100.0,NR,0.0,34.7,-100.0,NR,350,No Rain
2026-10-01,2026-10-05,DEOGARH,ODISHA,ODISHA,0.0,2.1,-100.0,NR,0.0,17.4,-100.0,NR,351,No Rain
2026-10-01,2026-10-05,DHENKANAL,ODISHA,ODISHA,0.0,5.9,-100.0,NR,0.0,27.7,-100.0,NR,352,No Rain
2026-10-01,2026-10-05,GAJAPATI,ODISHA,ODISHA,0.0,8.4,-100.0,NR,2.2,36.4,-94.0,LD,353,Large Deficient
2026-10-01,2026-10-05,GANJAM,ODISHA,ODISHA,0.0,7.5,-100.0,NR,0.4,38.6,-99.0,LD,354,Large Deficient
2026-10-01,2026-10-05,JAGATSINGHPUR,ODISHA,ODISHA,0.0,9.8,-100.0,NR,0.0,37.6,-100.0,NR,355,No Rain
2026-10-01,2026-10-05,JAJPUR,ODISHA,ODISHA,0.0,8.9,-100.0,NR,0.0,34.7,-100.0,NR,356,No Rain
2026-10-01,2026-10-05,JHARSUGUDA,ODISHA,ODISHA,0.0,2.6,-100.0,NR,0.0,17.1,-100.0,NR,357,No Rain
2026-10-01,2026-10-05,KALAHANDI,ODISHA,ODISHA,0.0,6.1,-100.0,NR,0.0,23.4,-100.0,NR,358,No Rain
2026-10-01,2026-10-05,KANDHAMAL,ODISHA,ODISHA,0.0,5.9,-100.0,NR,1.1,29.6,-96.0,LD,359,Large Deficient
2026-10-01,2026-10-05,KENDRAPARA,ODISHA,ODISHA,0.0,11.2,-100.0,NR,0.0,40.2,-100.0,NR,360,No Rain
2026-10-01,2026-10-05,KEONJHARGARH,ODISHA,ODISHA,0.0,4.2,-100.0,NR,0.0,25.8,-99.0,LD,361,Large Deficient
2026-10-01,2026-10-05,KHURDA,ODISHA,ODISHA,0.0,10.4,-100.0,NR,0.0,38.5,-100.0,NR,362,No Rain
2026-10-01,2026-10-05,KORAPUT,ODISHA,ODISHA,0.0,8.9,-100.0,NR,1.3,36.1,-96.0,LD,363,Large Deficient
2026-10-01,2026-10-05,MALKANGIRI,ODISHA,ODISHA,0.0,5.6,-100.0,NR,0.0,29.7,-100.0,NR,364,No Rain
2026-10-01,2026-10-05,MAYURBHANJ,ODISHA,ODISHA,0.0,6.5,-100.0,NR,0.6,29.8,-98.0,LD,365,Large Deficient
2026-10-01,2026-10-05,NAWAPARA,ODISHA,ODISHA,0.0,4.7,-100.0,NR,0.0,19.0,-100.0,NR,368,No Rain
2026-10-01,2026-10-05,NAWARANGPUR,ODISHA,ODISHA,0.0,5.8,-100.0,NR,0.9,29.5,-97.0,LD,366,Large Deficient
2026-10-01,2026-10-05,NAYAGARH,ODISHA,ODISHA,0.0,7.8,-100.0,NR,0.0,36.4,-100.0,NR,367,No Rain
2026-10-01,2026-10-05,PURI,ODISHA,ODISHA,0.0,9.4,-100.0,NR,0.0,39.9,-100.0,NR,369,No Rain
2026-10-01,2026-10-05,RAYAGADA,ODISHA,ODISHA,0.0,6.8,-100.0,NR,0.0,27.4,-100.0,NR,370,No Rain
2026-10-01,2026-10-05,SAMBALPUR,ODISHA,ODISHA,0.0,2.5,-100.0,NR,0.0,16.2,-100.0,NR,371,No Rain
2026-10-01,2026-10-05,SONEPUR,ODISHA,ODISHA,0.0,2.0,-100.0,NR,0.0,11.8,-100.0,NR,372,No Rain
2026-10-01,2026-10-05,SUNDARGARH,ODISHA,ODISHA,0.0,3.0,-100.0,NR,0.0,16.1,-100.0,NR,373,No Rain
2026-10-01,2026-10-05,BOKARO,JHARKHAND,JHARKHAND,0.0,6.5,-100.0,NR,0.0,20.4,-100.0,NR,322,No Rain
2026-10-01,2026-10-05,CHATRA,JHARKHAND,JHARKHAND,0.0,3.7,-100.0,NR,0.0,16.4,-100.0,NR,323,No Rain
2026-10-01,2026-10-05,DEOGHAR,JHARKHAND,JHARKHAND,0.0,5.6,-100.0,NR,0.0,26.6,-100.0,NR,324,No Rain
2026-10-01,2026-10-05,DHANBAD,JHARKHAND,JHARKHAND,0.0,7.3,-100.0,NR,0.0,26.3,-100.0,NR,325,No Rain
2026-10-01,2026-10-05,DUMKA,JHARKHAND,JHARKHAND,0.0,8.9,-100.0,NR,0.0,35.2,-100.0,NR,326,No Rain
2026-10-01,2026-10-05,EAST SINGHBHUM,JHARKHAND,JHARKHAND,0.0,4.7,-100.0,NR,0.0,19.7,-100.0,NR,327,No Rain
2026-10-01,2026-10-05,GARHWA,JHARKHAND,JHARKHAND,0.0,1.6,-100.0,NR,0.0,11.8,-100.0,NR,328,No Rain
2026-10-01,2026-10-05,GIRIDIH,JHARKHAND,JHARKHAND,0.0,6.4,-100.0,NR,0.0,24.7,-100.0,NR,329,No Rain
2026-10-01,2026-10-05,GODDA,JHARKHAND,JHARKHAND,0.0,8.0,-100.0,NR,0.0,24.7,-100.0,NR,330,No Rain
2026-10-01,2026-10-05,GUMLA,JHARKHAND,JHARKHAND,0.0,3.7,-100.0,NR,0.0,19.1,-100.0,NR,331,No Rain
2026-10-01,2026-10-05,HAZARIBAG,JHARKHAND,JHARKHAND,0.0,7.1,-100.0,NR,0.0,24.3,-100.0,NR,332,No Rain
2026-10-01,2026-10-05,JAMTARA,JHARKHAND,JHARKHAND,0.0,7.9,-100.0,NR,0.0,30.5,-100.0,NR,333,No Rain
2026-10-01,2026-10-05,KHUNTI,JHARKHAND,JHARKHAND,0.0,5.0,-100.0,NR,0.0,23.0,-100.0,NR,606,No Rain
2026-10-01,2026-10-05,KODERMA,JHARKHAND,JHARKHAND,0.0,5.0,-100.0,NR,0.0,18.9,-100.0,NR,334,No Rain
2026-10-01,2026-10-05,LATEHAR,JHARKHAND,JHARKHAND,0.0,2.7,-100.0,NR,0.0,16.1,-100.0,NR,335,No Rain
2026-10-01,2026-10-05,LOHARDAGA,JHARKHAND,JHARKHAND,0.0,3.4,-100.0,NR,0.0,18.9,-100.0,NR,336,No Rain
2026-10-01,2026-10-05,PAKUR,JHARKHAND,JHARKHAND,0.0,6.5,-100.0,NR,0.0,34.9,-100.0,NR,337,No Rain
2026-10-01,2026-10-05,PALAMU,JHARKHAND,JHARKHAND,0.0,2.6,-100.0,NR,0.0,12.5,-100.0,NR,338,No Rain
2026-10-01,2026-10-05,RAMGARH,JHARKHAND,JHARKHAND,0.0,4.2,-100.0,NR,0.0,20.3,-100.0,NR,607,No Rain
2026-10-01,2026-10-05,RANCHI,JHARKHAND,JHARKHAND,0.0,3.5,-100.0,NR,0.0,17.9,-100.0,NR,339,No Rain
2026-10-01,2026-10-05,SAHIBGANJ,JHARKHAND,JHARKHAND,0.0,5.4,-100.0,NR,0.0,23.3,-100.0,NR,340,No Rain
2026-10-01,2026-10-05,SERAIKELA-KHARSAWAN,JHARKHAND,JHARKHAND,0.0,2.8,-100.0,NR,0.0,13.9,-100.0,NR,341,No Rain
2026-10-01,2026-10-05,SIMDEGA,JHARKHAND,JHARKHAND,0.0,3.1,-100.0,NR,0.0,18.1,-100.0,NR,342,No Rain
2026-10-01,2026-10-05,WEST SINGHBHUM,JHARKHAND,JHARKHAND,0.0,3.7,-100.0,NR,0.0,16.7,-100.0,NR,343,No Rain
2026-10-01,2026-10-05,ARARIA,BIHAR,BIHAR,0.0,5.9,-100.0,NR,0.5,23.4,-98.0,LD,188,Large Deficient
2026-10-01,2026-10-05,ARWAL,BIHAR,BIHAR,0.0,1.2,-100.0,NR,0.0,7.3,-100.0,NR,611,No Rain
2026-10-01,2026-10-05,AURANGABAD,BIHAR,BIHAR,0.0,3.2,-100.0,NR,0.0,12.2,-100.0,NR,189,No Rain
2026-10-01,2026-10-05,BANKA,BIHAR,BIHAR,0.0,7.2,-100.0,NR,0.0,20.7,-100.0,NR,190,No Rain
2026-10-01,2026-10-05,BEGUSARAI,BIHAR,BIHAR,0.0,6.0,-100.0,NR,0.0,16.0,-100.0,NR,191,No Rain
2026-10-01,2026-10-05,BHABUA,BIHAR,BIHAR,0.0,4.7,-100.0,NR,0.0,12.4,-100.0,NR,200,No Rain
2026-10-01,2026-10-05,BHAGALPUR,BIHAR,BIHAR,0.0,7.5,-100.0,NR,0.0,22.9,-100.0,NR,192,No Rain
2026-10-01,2026-10-05,BHOJPUR,BIHAR,BIHAR,0.0,10.9,-100.0,NR,0.0,25.1,-100.0,NR,193,No Rain
2026-10-01,2026-10-05,BUXAR,BIHAR,BIHAR,0.0,7.4,-100.0,NR,0.0,14.5,-100.0,NR,194,No Rain
2026-10-01,2026-10-05,DARBHANGA,BIHAR,BIHAR,0.0,6.4,-100.0,NR,0.0,21.1,-100.0,NR,195,No Rain
2026-10-01,2026-10-05,EAST CHAMPARAN,BIHAR,BIHAR,0.0,5.8,-99.0,LD,0.0,25.1,-99.0,LD,213,Large Deficient
2026-10-01,2026-10-05,GAYA,BIHAR,BIHAR,0.0,4.3,-100.0,NR,0.0,14.8,-100.0,NR,196,No Rain
2026-10-01,2026-10-05,GOPALGANJ,BIHAR,BIHAR,0.0,4.1,-100.0,NR,0.0,16.0,-100.0,NR,197,No Rain
2026-10-01,2026-10-05,JAHANABAD,BIHAR,BIHAR,0.0,2.5,-100.0,NR,0.0,10.0,-100.0,NR,199,No Rain
2026-10-01,2026-10-05,JAMUI,BIHAR,BIHAR,0.0,4.2,-100.0,NR,0.0,15.3,-100.0,NR,198,No Rain
2026-10-01,2026-10-05,KATIHAR,BIHAR,BIHAR,0.0,7.0,-100.0,NR,0.0,25.7,-100.0,NR,201,No Rain
2026-10-01,2026-10-05,KHAGARIA,BIHAR,BIHAR,0.0,6.0,-100.0,NR,0.0,16.9,-100.0,NR,202,No Rain
2026-10-01,2026-10-05,KISHANGANJ,BIHAR,BIHAR,10.1,10.6,-5.0,N,10.1,33.3,-70.0,LD,203,Large Deficient
2026-10-01,2026-10-05,LAKHISARAI,BIHAR,BIHAR,0.0,3.9,-100.0,NR,0.0,13.3,-100.0,NR,204,No Rain
2026-10-01,2026-10-05,MADHEPURA,BIHAR,BIHAR,0.0,7.0,-100.0,NR,0.0,23.6,-100.0,NR,205,No Rain
2026-10-01,2026-10-05,MADHUBANI,BIHAR,BIHAR,0.0,7.9,-100.0,NR,0.2,19.6,-99.0,LD,206,Large Deficient
2026-10-01,2026-10-05,MUNGER,BIHAR,BIHAR,0.0,6.8,-100.0,NR,0.0,21.9,-100.0,NR,207,No Rain
2026-10-01,2026-10-05,MUZAFFARPUR,BIHAR,BIHAR,0.0,10.3,-100.0,NR,0.0,19.4,-100.0,NR,208,No Rain
2026-10-01,2026-10-05,NALANDA,BIHAR,BIHAR,0.0,5.7,-100.0,NR,0.0,12.0,-100.0,NR,209,No Rain
2026-10-01,2026-10-05,NAWADA,BIHAR,BIHAR,0.0,8.3,-100.0,NR,0.0,18.9,-100.0,NR,210,No Rain
2026-10-01,2026-10-05,PATNA,BIHAR,BIHAR,0.0,7.9,-100.0,NR,0.0,19.8,-100.0,NR,212,No Rain
2026-10-01,2026-10-05,PURNEA,BIHAR,BIHAR,0.0,7.5,-100.0,NR,0.0,31.4,-99.0,LD,214,Large Deficient
2026-10-01,2026-10-05,ROHTAS,BIHAR,BIHAR,0.0,5.0,-100.0,NR,0.0,13.8,-100.0,NR,215,No Rain
2026-10-01,2026-10-05,SAHARSA,BIHAR,BIHAR,0.0,5.6,-100.0,NR,0.1,22.7,-99.0,LD,216,Large Deficient
2026-10-01,2026-10-05,SAMASTIPUR,BIHAR,BIHAR,0.0,9.1,-100.0,NR,0.3,18.8,-99.0,LD,217,Large Deficient
2026-10-01,2026-10-05,SARAN,BIHAR,BIHAR,0.0,10.5,-100.0,NR,0.0,24.6,-100.0,NR,218,No Rain
2026-10-01,2026-10-05,SHEIKHPURA,BIHAR,BIHAR,0.0,6.9,-100.0,NR,0.0,13.5,-100.0,NR,219,No Rain
2026-10-01,2026-10-05,SHEOHAR,BIHAR,BIHAR,0.0,12.5,-100.0,NR,0.0,19.2,-100.0,NR,220,No Rain
2026-10-01,2026-10-05,SITAMARHI,BIHAR,BIHAR,0.0,6.2,-100.0,NR,0.0,19.1,-100.0,NR,221,No Rain
2026-10-01,2026-10-05,SIWAN,BIHAR,BIHAR,0.0,6.0,-100.0,NR,0.0,18.0,-100.0,NR,222,No Rain
2026-10-01,2026-10-05,SUPAUL,BIHAR,BIHAR,0.0,6.8,-100.0,NR,0.0,21.2,-99.0,LD,223,Large Deficient
2026-10-01,2026-10-05,VAISHALI,BIHAR,BIHAR,0.0,10.0,-100.0,NR,0.0,21.8,-100.0,NR,224,No Rain
2026-10-01,2026-10-05,WEST CHAMPARAN,BIHAR,BIHAR,0.1,4.9,-97.0,LD,0.5,18.7,-98.0,LD,211,Large Deficient
2026-10-01,2026-10-05,AGRA,WEST UTTAR PRADESH,UTTAR PRADESH,0.0,1.4,-100.0,NR,0.0,5.0,-100.0,NR,118,No Rain
2026-10-01,2026-10-05,ALIGARH,WEST UTTAR PRADESH,UTTAR PRADESH,0.0,1.2,-100.0,NR,0.0,5.9,-100.0,NR,119,No Rain
2026-10-01,2026-10-05,AMROHA,WEST UTTAR PRADESH,UTTAR PRADESH,0.0,3.1,-100.0,NR,0.0,7.0,-100.0,NR,154,No Rain
2026-10-01,2026-10-05,AURAIYA,WEST UTTAR PRADESH,UTTAR PRADESH,0.0,1.8,-100.0,NR,0.0,6.8,-100.0,NR,122,No Rain
2026-10-01,2026-10-05,BADAUN,WEST UTTAR PRADESH,UTTAR PRADESH,0.0,1.8,-100.0,NR,0.0,4.5,-100.0,NR,133,No Rain
2026-10-01,2026-10-05,BAGHPAT,WEST UTTAR PRADESH,UTTAR PRADESH,0.0,1.0,-100.0,NR,0.0,2.5,-100.0,NR,124,No Rain
2026-10-01,2026-10-05,BAREILLY,WEST UTTAR PRADESH,UTTAR PRADESH,0.0,1.1,-100.0,NR,0.0,4.7,-100.0,NR,130,No Rain
2026-10-01,2026-10-05,BIJNOR,WEST UTTAR PRADESH,UTTAR PRADESH,0.0,0.9,-100.0,NR,0.0,3.1,-100.0,NR,132,No Rain
2026-10-01,2026-10-05,BULANDSHAHAR,WEST UTTAR PRADESH,UTTAR PRADESH,0.0,1.6,-100.0,NR,0.0,3.9,-100.0,NR,134,No Rain
2026-10-01,2026-10-05,ETAH,WEST UTTAR PRADESH,UTTAR PRADESH,0.0,1.6,-100.0,NR,0.0,5.4,-100.0,NR,138,No Rain
2026-10-01,2026-10-05,ETAWAH,WEST UTTAR PRADESH,UTTAR PRADESH,0.0,1.1,-100.0,NR,0.0,4.7,-100.0,NR,139,No Rain
2026-10-01,2026-10-05,FIROZABAD,WEST UTTAR PRADESH,UTTAR PRADESH,0.0,1.9,-100.0,NR,0.0,6.9,-100.0,NR,143,No Rain
2026-10-01,2026-10-05,GAUTAM BUDDHA NAGAR,WEST UTTAR PRADESH,UTTAR PRADESH,0.0,1.8,-100.0,NR,0.0,2.7,-100.0,NR,144,No Rain
2026-10-01,2026-10-05,GHAZIABAD,WEST UTTAR PRADESH,UTTAR PRADESH,0.0,1.7,-100.0,NR,0.0,2.7,-100.0,NR,145,No Rain
2026-10-01,2026-10-05,HAMIRPUR,WEST UTTAR PRADESH,UTTAR PRADESH,0.0,4.0,-100.0,NR,0.0,11.0,-100.0,NR,149,No Rain
2026-10-01,2026-10-05,HAPUR,WEST UTTAR PRADESH,UTTAR PRADESH,0.0,0.2,-100.0,NR,0.0,2.4,-100.0,NR,661,No Rain
2026-10-01,2026-10-05,HATHRAS,WEST UTTAR PRADESH,UTTAR PRADESH,0.0,1.3,-100.0,NR,0.0,4.4,-100.0,NR,163,No Rain
2026-10-01,2026-10-05,JALAUN,WEST UTTAR PRADESH,UTTAR PRADESH,0.0,5.1,-100.0,NR,0.0,14.6,-100.0,NR,151,No Rain
2026-10-01,2026-10-05,JHANSI,WEST UTTAR PRADESH,UTTAR PRADESH,0.0,3.6,-100.0,NR,0.0,12.4,-100.0,NR,153,No Rain
2026-10-01,2026-10-05,KASGANJ,WEST UTTAR PRADESH,UTTAR PRADESH,0.0,2.1,-100.0,NR,0.0,6.4,-100.0,NR,633,No Rain
2026-10-01,2026-10-05,LALITPUR,WEST UTTAR PRADESH,UTTAR PRADESH,0.0,3.0,-100.0,NR,0.0,5.2,-100.0,NR,161,No Rain
2026-10-01,2026-10-05,MAHOBA,WEST UTTAR PRADESH,UTTAR PRADESH,0.0,2.3,-100.0,NR,0.0,7.3,-100.0,NR,165,No Rain
2026-10-01,2026-10-05,MAINPURI,WEST UTTAR PRADESH,UTTAR PRADESH,0.0,1.4,-100.0,NR,0.0,7.2,-100.0,NR,166,No Rain
2026-10-01,2026-10-05,MATHURA,WEST UTTAR PRADESH,UTTAR PRADESH,0.0,0.7,-100.0,NR,0.0,4.1,-100.0,NR,167,No Rain
2026-10-01,2026-10-05,MEERUT,WEST UTTAR PRADESH,UTTAR PRADESH,0.0,1.2,-100.0,NR,0.0,3.5,-100.0,NR,169,No Rain
2026-10-01,2026-10-05,MORADABAD,WEST UTTAR PRADESH,UTTAR PRADESH,0.0,1.2,-100.0,NR,0.0,5.1,-100.0,NR,171,No Rain
2026-10-01,2026-10-05,MUZAFFARNAGAR,WEST UTTAR PRADESH,UTTAR PRADESH,0.0,1.5,-100.0,NR,0.0,3.7,-100.0,NR,172,No Rain
2026-10-01,2026-10-05,PILIBHIT,WEST UTTAR PRADESH,UTTAR PRADESH,0.0,3.1,-100.0,NR,0.0,8.7,-100.0,NR,173,No Rain
2026-10-01,2026-10-05,RAMPUR,WEST UTTAR PRADESH,UTTAR PRADESH,0.0,0.7,-100.0,NR,0.0,7.6,-100.0,NR,176,No Rain
2026-10-01,2026-10-05,SAHARANPUR,WEST UTTAR PRADESH,UTTAR PRADESH,0.0,2.5,-100.0,NR,0.0,4.5,-100.0,NR,177,No Rain
2026-10-01,2026-10-05,SAMBHAL,WEST UTTAR PRADESH,UTTAR PRADESH,0.0,1.9,-100.0,NR,0.0,6.5,-100.0,NR,659,No Rain
2026-10-01,2026-10-05,SHAHJAHANPUR,WEST UTTAR PRADESH,UTTAR PRADESH,0.0,4.2,-100.0,NR,0.0,9.4,-100.0,NR,180,No Rain
2026-10-01,2026-10-05,SHAMLI,WEST UTTAR PRADESH,UTTAR PRADESH,0.0,0.9,-100.0,NR,0.0,2.8,-100.0,NR,660,No Rain
2026-10-01,2026-10-05,AMBEDKAR NAGAR,EAST UTTAR PRADESH,UTTAR PRADESH,0.0,4.4,-100.0,NR,0.0,9.1,-100.0,NR,121,No Rain
2026-10-01,2026-10-05,AMETHI,EAST UTTAR PRADESH,UTTAR PRADESH,0.0,2.9,-100.0,NR,0.0,8.2,-100.0,NR,640,No Rain
2026-10-01,2026-10-05,AYODHYA,EAST UTTAR PRADESH,UTTAR PRADESH,0.0,2.7,-100.0,NR,0.0,12.7,-100.0,NR,140,No Rain
2026-10-01,2026-10-05,AZAMGARH,EAST UTTAR PRADESH,UTTAR PRADESH,0.0,6.0,-100.0,NR,0.0,15.3,-100.0,NR,123,No Rain
2026-10-01,2026-10-05,BAHRAICH,EAST UTTAR PRADESH,UTTAR PRADESH,0.0,3.3,-100.0,NR,0.0,10.5,-100.0,NR,125,No Rain
2026-10-01,2026-10-05,BALLIA,EAST UTTAR PRADESH,UTTAR PRADESH,0.0,5.6,-100.0,NR,0.0,15.2,-100.0,NR,126,No Rain
2026-10-01,2026-10-05,BALRAMPUR,EAST UTTAR PRADESH,UTTAR PRADESH,0.0,1.9,-100.0,NR,0.0,8.0,-100.0,NR,127,No Rain
2026-10-01,2026-10-05,BANDA,EAST UTTAR PRADESH,UTTAR PRADESH,0.0,2.1,-100.0,NR,0.0,8.7,-100.0,NR,128,No Rain
2026-10-01,2026-10-05,BARABANKI,EAST UTTAR PRADESH,UTTAR PRADESH,0.0,2.6,-100.0,NR,0.0,12.6,-100.0,NR,129,No Rain
2026-10-01,2026-10-05,BASTI,EAST UTTAR PRADESH,UTTAR PRADESH,0.0,3.2,-100.0,NR,0.0,10.8,-100.0,NR,131,No Rain
2026-10-01,2026-10-05,BHADOHI,EAST UTTAR PRADESH,UTTAR PRADESH,0.0,2.0,-100.0,NR,0.0,17.5,-100.0,NR,179,No Rain
2026-10-01,2026-10-05,CHANDAULI,EAST UTTAR PRADESH,UTTAR PRADESH,0.0,3.9,-100.0,NR,0.0,9.7,-100.0,NR,135,No Rain
2026-10-01,2026-10-05,CHITRAKOOT,EAST UTTAR PRADESH,UTTAR PRADESH,0.0,3.1,-100.0,NR,0.0,17.1,-100.0,NR,136,No Rain
2026-10-01,2026-10-05,DEORIA,EAST UTTAR PRADESH,UTTAR PRADESH,0.0,5.9,-100.0,NR,0.0,15.8,-100.0,NR,137,No Rain
2026-10-01,2026-10-05,FARRUKHABAD,EAST UTTAR PRADESH,UTTAR PRADESH,0.0,4.6,-100.0,NR,0.0,9.4,-100.0,NR,141,No Rain
2026-10-01,2026-10-05,FATEHPUR,EAST UTTAR PRADESH,UTTAR PRADESH,0.0,2.7,-100.0,NR,0.0,6.8,-100.0,NR,142,No Rain
2026-10-01,2026-10-05,GHAZIPUR,EAST UTTAR PRADESH,UTTAR PRADESH,0.0,5.8,-100.0,NR,0.0,15.5,-100.0,NR,146,No Rain
2026-10-01,2026-10-05,GONDA,EAST UTTAR PRADESH,UTTAR PRADESH,0.0,4.1,-100.0,NR,0.0,16.4,-100.0,NR,147,No Rain
2026-10-01,2026-10-05,GORAKHPUR,EAST UTTAR PRADESH,UTTAR PRADESH,0.0,4.0,-100.0,NR,0.0,20.7,-100.0,NR,148,No Rain
2026-10-01,2026-10-05,HARDOI,EAST UTTAR PRADESH,UTTAR PRADESH,0.0,2.6,-100.0,NR,0.0,9.0,-100.0,NR,150,No Rain
2026-10-01,2026-10-05,JAUNPUR,EAST UTTAR PRADESH,UTTAR PRADESH,0.0,5.9,-100.0,NR,0.0,12.8,-100.0,NR,152,No Rain
2026-10-01,2026-10-05,KANNAUJ,EAST UTTAR PRADESH,UTTAR PRADESH,0.0,4.5,-100.0,NR,0.0,10.8,-100.0,NR,155,No Rain
2026-10-01,2026-10-05,KANPUR CITY,EAST UTTAR PRADESH,UTTAR PRADESH,0.0,4.3,-100.0,NR,0.0,12.6,-100.0,NR,157,No Rain
2026-10-01,2026-10-05,KANPUR DEHAT,EAST UTTAR PRADESH,UTTAR PRADESH,0.0,4.3,-100.0,NR,0.0,9.8,-100.0,NR,156,No Rain
2026-10-01,2026-10-05,KAUSHAMBI,EAST UTTAR PRADESH,UTTAR PRADESH,0.0,1.2,-100.0,NR,0.0,8.1,-100.0,NR,158,No Rain
2026-10-01,2026-10-05,KHERI,EAST UTTAR PRADESH,UTTAR PRADESH,0.0,2.8,-100.0,NR,0.0,9.9,-100.0,NR,159,No Rain
2026-10-01,2026-10-05,KUSHI NAGAR,EAST UTTAR PRADESH,UTTAR PRADESH,0.0,2.4,-100.0,NR,0.0,12.1,-100.0,NR,160,No Rain
2026-10-01,2026-10-05,LUCKNOW,EAST UTTAR PRADESH,UTTAR PRADESH,0.0,3.1,-100.0,NR,0.0,9.3,-100.0,NR,162,No Rain
2026-10-01,2026-10-05,MAHARAJGANJ,EAST UTTAR PRADESH,UTTAR PRADESH,0.0,3.8,-100.0,NR,0.0,14.5,-100.0,NR,164,No Rain
2026-10-01,2026-10-05,MAU,EAST UTTAR PRADESH,UTTAR PRADESH,0.0,7.9,-100.0,NR,0.0,13.9,-100.0,NR,168,No Rain
2026-10-01,2026-10-05,MIRZAPUR,EAST UTTAR PRADESH,UTTAR PRADESH,0.0,5.3,-100.0,NR,0.0,13.7,-100.0,NR,170,No Rain
2026-10-01,2026-10-05,PRATAPGARH,EAST UTTAR PRADESH,UTTAR PRADESH,0.0,3.5,-100.0,NR,0.0,12.4,-100.0,NR,174,No Rain
2026-10-01,2026-10-05,PRAYAGRAJ,EAST UTTAR PRADESH,UTTAR PRADESH,0.0,6.1,-100.0,NR,0.0,14.3,-100.0,NR,120,No Rain
2026-10-01,2026-10-05,RAE BAREILLY,EAST UTTAR PRADESH,UTTAR PRADESH,0.0,1.7,-100.0,NR,0.0,9.7,-100.0,NR,175,No Rain
2026-10-01,2026-10-05,SANT KABIR NAGAR,EAST UTTAR PRADESH,UTTAR PRADESH,0.0,0.7,-100.0,NR,0.0,4.7,-100.0,NR,178,No Rain
2026-10-01,2026-10-05,SHRAWASTI,EAST UTTAR PRADESH,UTTAR PRADESH,0.0,3.5,-100.0,NR,0.0,10.7,-100.0,NR,181,No Rain
2026-10-01,2026-10-05,SIDDHARTH NAGAR,EAST UTTAR PRADESH,UTTAR PRADESH,1.9,2.4,-20.0,D,1.9,11.2,-83.0,LD,182,Large Deficient
2026-10-01,2026-10-05,SITAPUR,EAST UTTAR PRADESH,UTTAR PRADESH,0.0,3.0,-100.0,NR,0.0,10.4,-100.0,NR,183,No Rain
2026-10-01,2026-10-05,SONBHADRA,EAST UTTAR PRADESH,UTTAR PRADESH,0.0,2.5,-100.0,NR,0.0,10.6,-100.0,NR,184,No Rain
2026-10-01,2026-10-05,SULTANPUR,EAST UTTAR PRADESH,UTTAR PRADESH,0.0,3.7,-100.0,NR,0.0,11.5,-100.0,NR,185,No Rain
2026-10-01,2026-10-05,UNNAO,EAST UTTAR PRADESH,UTTAR PRADESH,0.0,3.0,-100.0,NR,0.0,9.1,-100.0,NR,186,No Rain
2026-10-01,2026-10-05,VARANASI,EAST UTTAR PRADESH,UTTAR PRADESH,0.0,6.4,-100.0,NR,0.0,15.4,-100.0,NR,187,No Rain
2026-10-01,2026-10-05,ALMORA,UTTARAKHAND,UTTARAKHAND,0.0,1.0,-100.0,NR,1.0,4.8,-79.0,LD,45,Large Deficient
2026-10-01,2026-10-05,BAGESHWAR,UTTARAKHAND,UTTARAKHAND,0.0,1.0,-100.0,NR,1.6,4.8,-68.0,LD,46,Large Deficient
2026-10-01,2026-10-05,CHAMOLI,UTTARAKHAND,UTTARAKHAND,0.0,1.9,-100.0,NR,3.3,4.8,-32.0,D,47,Deficient
2026-10-01,2026-10-05,CHAMPAWAT,UTTARAKHAND,UTTARAKHAND,0.0,2.0,-100.0,NR,0.0,7.2,-100.0,NR,48,No Rain
2026-10-01,2026-10-05,DEHRADUN,UTTARAKHAND,UTTARAKHAND,0.0,3.0,-100.0,NR,0.0,9.4,-100.0,NR,49,No Rain
2026-10-01,2026-10-05,GARHWAL PAURI,UTTARAKHAND,UTTARAKHAND,0.0,1.6,-100.0,NR,0.0,7.4,-100.0,NR,52,No Rain
2026-10-01,2026-10-05,GARHWAL TEHRI,UTTARAKHAND,UTTARAKHAND,0.0,1.9,-100.0,NR,0.0,6.4,-100.0,NR,55,No Rain
2026-10-01,2026-10-05,HARDWAR,UTTARAKHAND,UTTARAKHAND,0.0,1.3,-100.0,NR,0.0,3.9,-100.0,NR,50,No Rain
2026-10-01,2026-10-05,NAINITAL,UTTARAKHAND,UTTARAKHAND,0.0,3.1,-100.0,NR,5.0,10.2,-51.0,D,51,Deficient
2026-10-01,2026-10-05,PITHORAGARH,UTTARAKHAND,UTTARAKHAND,0.0,3.5,-100.0,NR,0.0,12.2,-100.0,NR,53,No Rain
2026-10-01,2026-10-05,RUDRAPRAYAG,UTTARAKHAND,UTTARAKHAND,0.0,1.5,-100.0,NR,0.8,5.1,-84.0,LD,54,Large Deficient
2026-10-01,2026-10-05,UDHAM SINGH NAGAR,UTTARAKHAND,UTTARAKHAND,0.0,1.1,-100.0,NR,0.0,6.7,-100.0,NR,56,No Rain
2026-10-01,2026-10-05,UTTARKASHI,UTTARAKHAND,UTTARAKHAND,0.0,5.2,-100.0,NR,2.9,14.3,-80.0,LD,57,Large Deficient
2026-10-01,2026-10-05,AMBALA,DELHI AND HARYANA AND CHANDIGARH,HARYANA,0.0,2.2,-100.0,NR,0.0,4.2,-100.0,NR,58,No Rain
2026-10-01,2026-10-05,BHIWANI,DELHI AND HARYANA AND CHANDIGARH,HARYANA,0.0,0.7,-100.0,NR,0.0,2.7,-100.0,NR,59,No Rain
2026-10-01,2026-10-05,CHARKHI DADRI,DELHI AND HARYANA AND CHANDIGARH,HARYANA,0.0,0.8,-100.0,NR,0.0,2.1,-100.0,NR,701,No Rain
2026-10-01,2026-10-05,FARIDABAD,DELHI AND HARYANA AND CHANDIGARH,HARYANA,0.0,1.5,-100.0,NR,0.0,5.4,-100.0,NR,60,No Rain
2026-10-01,2026-10-05,FATEHABAD,DELHI AND HARYANA AND CHANDIGARH,HARYANA,0.0,0.8,-100.0,NR,0.0,2.5,-100.0,NR,61,No Rain
2026-10-01,2026-10-05,GURGAON,DELHI AND HARYANA AND CHANDIGARH,HARYANA,0.0,0.8,-100.0,NR,0.0,2.7,-100.0,NR,62,No Rain
2026-10-01,2026-10-05,HISAR,DELHI AND HARYANA AND CHANDIGARH,HARYANA,0.0,1.4,-100.0,NR,0.0,2.9,-100.0,NR,63,No Rain
2026-10-01,2026-10-05,JHAJJAR,DELHI AND HARYANA AND CHANDIGARH,HARYANA,0.0,0.3,-100.0,NR,0.0,1.3,-100.0,NR,64,No Rain
2026-10-01,2026-10-05,JIND,DELHI AND HARYANA AND CHANDIGARH,HARYANA,0.0,0.4,-100.0,NR,0.0,3.2,-100.0,NR,65,No Rain
2026-10-01,2026-10-05,KAITHAL,DELHI AND HARYANA AND CHANDIGARH,HARYANA,0.0,0.7,-100.0,NR,0.0,2.4,-100.0,NR,66,No Rain
2026-10-01,2026-10-05,KARNAL,DELHI AND HARYANA AND CHANDIGARH,HARYANA,0.0,1.2,-100.0,NR,0.0,3.2,-100.0,NR,67,No Rain
2026-10-01,2026-10-05,KURUKSHETRA,DELHI AND HARYANA AND CHANDIGARH,HARYANA,0.0,2.3,-100.0,NR,0.0,3.4,-100.0,NR,68,No Rain
2026-10-01,2026-10-05,MAHENDRAGARH,DELHI AND HARYANA AND CHANDIGARH,HARYANA,0.0,0.4,-100.0,NR,0.0,2.7,-100.0,NR,69,No Rain
2026-10-01,2026-10-05,NUH,DELHI AND HARYANA AND CHANDIGARH,HARYANA,0.0,0.6,-100.0,NR,0.0,2.5,-100.0,NR,604,No Rain
2026-10-01,2026-10-05,PALWAL,DELHI AND HARYANA AND CHANDIGARH,HARYANA,0.0,0.7,-100.0,NR,0.0,2.7,-100.0,NR,619,No Rain
2026-10-01,2026-10-05,PANCHKULA,DELHI AND HARYANA AND CHANDIGARH,HARYANA,0.0,0.7,-100.0,NR,0.0,2.2,-100.0,NR,70,No Rain
2026-10-01,2026-10-05,PANIPAT,DELHI AND HARYANA AND CHANDIGARH,HARYANA,0.0,0.4,-100.0,NR,0.0,1.6,-100.0,NR,71,No Rain
2026-10-01,2026-10-05,REWARI,DELHI AND HARYANA AND CHANDIGARH,HARYANA,0.0,1.3,-100.0,NR,0.0,3.7,-100.0,NR,72,No Rain
2026-10-01,2026-10-05,ROHTAK,DELHI AND HARYANA AND CHANDIGARH,HARYANA,0.0,1.2,-100.0,NR,0.0,3.5,-100.0,NR,73,No Rain
2026-10-01,2026-10-05,SIRSA,DELHI AND HARYANA AND CHANDIGARH,HARYANA,0.0,0.2,-100.0,NR,0.0,2.4,-100.0,NR,74,No Rain
2026-10-01,2026-10-05,SONEPAT,DELHI AND HARYANA AND CHANDIGARH,HARYANA,0.0,0.9,-100.0,NR,0.0,3.5,-100.0,NR,75,No Rain
2026-10-01,2026-10-05,YAMUNA NAGAR,DELHI AND HARYANA AND CHANDIGARH,HARYANA,0.0,0.9,-100.0,NR,0.0,2.9,-100.0,NR,76,No Rain
2026-10-01,2026-10-05,CENTRAL DELHI,DELHI AND HARYANA AND CHANDIGARH,DELHI,0.0,0.4,-100.0,NR,0.0,6.0,-100.0,NR,77,No Rain
2026-10-01,2026-10-05,EAST DELHI,DELHI AND HARYANA AND CHANDIGARH,DELHI,0.0,0.4,-100.0,NR,0.0,6.0,-100.0,NR,78,No Rain
2026-10-01,2026-10-05,NEW DELHI,DELHI AND HARYANA AND CHANDIGARH,DELHI,0.0,1.2,-100.0,NR,0.0,6.4,-100.0,NR,79,No Rain
2026-10-01,2026-10-05,NORTH DELHI,DELHI AND HARYANA AND CHANDIGARH,DELHI,,1.1,,ND,,7.0,,ND,80,
2026-10-01,2026-10-05,NORTH EAST DELHI,DELHI AND HARYANA AND CHANDIGARH,DELHI,0.0,0.4,-100.0,NR,0.0,6.0,-100.0,NR,81,No Rain
2026-10-01,2026-10-05,NORTH WEST DELHI,DELHI AND HARYANA AND CHANDIGARH,DELHI,0.0,0.0,-100.0,NR,0.0,1.1,-100.0,NR,82,No Rain
2026-10-01,2026-10-05,SOUTH DELHI,DELHI AND HARYANA AND CHANDIGARH,DELHI,0.0,0.4,-100.0,NR,0.0,6.0,-100.0,NR,83,No Rain
2026-10-01,2026-10-05,SOUTH EAST DELHI,DELHI AND HARYANA AND CHANDIGARH,DELHI,0.0,0.4,-100.0,NR,0.0,6.0,-100.0,NR,670,No Rain
2026-10-01,2026-10-05,SOUTH WEST DELHI,DELHI AND HARYANA AND CHANDIGARH,DELHI,0.0,0.4,-100.0,NR,0.0,8.7,-100.0,NR,84,No Rain
2026-10-01,2026-10-05,WEST DELHI,DELHI AND HARYANA AND CHANDIGARH,DELHI,0.0,1.1,-100.0,NR,0.0,4.3,-100.0,NR,85,No Rain
2026-10-01,2026-10-05,CHANDIGARH,DELHI AND HARYANA AND CHANDIGARH,CHANDIGARH,0.0,3.8,-100.0,NR,0.0,7.0,-100.0,NR,44,No Rain
2026-10-01,2026-10-05,AMRITSAR,PUNJAB,PUNJAB,0.0,0.7,-100.0,NR,0.4,2.2,-81.0,LD,27,Large Deficient
2026-10-01,2026-10-05,BARNALA,PUNJAB,PUNJAB,0.0,0.6,-100.0,NR,0.0,1.9,-100.0,NR,605,No Rain
2026-10-01,2026-10-05,BHATINDA,PUNJAB,PUNJAB,0.0,1.2,-100.0,NR,0.0,3.7,-100.0,NR,28,No Rain
2026-10-01,2026-10-05,FARIDKOT,PUNJAB,PUNJAB,0.0,0.2,-100.0,NR,0.0,1.1,-100.0,NR,29,No Rain
2026-10-01,2026-10-05,FATEHGARH SAHIB,PUNJAB,PUNJAB,0.0,0.0,-100.0,NR,0.0,1.0,-100.0,NR,30,No Rain
2026-10-01,2026-10-05,FAZILKA,PUNJAB,PUNJAB,0.0,0.1,-100.0,NR,0.0,0.4,-100.0,NR,651,No Rain
2026-10-01,2026-10-05,FEROZEPUR,PUNJAB,PUNJAB,0.0,0.4,-100.0,NR,0.0,1.1,-100.0,NR,31,No Rain
2026-10-01,2026-10-05,GURDASPUR,PUNJAB,PUNJAB,0.0,0.3,-100.0,NR,0.0,1.7,-100.0,NR,32,No Rain
2026-10-01,2026-10-05,HOSHIARPUR,PUNJAB,PUNJAB,0.0,0.9,-100.0,NR,0.0,2.7,-100.0,NR,33,No Rain
2026-10-01,2026-10-05,JALANDHAR,PUNJAB,PUNJAB,0.0,0.3,-100.0,NR,0.0,1.2,-100.0,NR,34,No Rain
2026-10-01,2026-10-05,KAPURTHALA,PUNJAB,PUNJAB,0.0,0.9,-100.0,NR,0.0,2.1,-100.0,NR,35,No Rain
2026-10-01,2026-10-05,LUDHIANA,PUNJAB,PUNJAB,0.0,0.9,-100.0,NR,0.0,1.9,-100.0,NR,36,No Rain
2026-10-01,2026-10-05,MANSA,PUNJAB,PUNJAB,0.0,0.4,-100.0,NR,0.0,2.4,-100.0,NR,37,No Rain
2026-10-01,2026-10-05,MOGA,PUNJAB,PUNJAB,0.0,0.2,-100.0,NR,0.0,2.0,-100.0,NR,38,No Rain
2026-10-01,2026-10-05,MUKTSAR,PUNJAB,PUNJAB,0.0,0.0,-100.0,NR,0.0,1.7,-100.0,NR,39,No Rain
2026-10-01,2026-10-05,PATHANKOT,PUNJAB,PUNJAB,0.0,0.4,-100.0,NR,0.0,1.6,-100.0,NR,662,No Rain
2026-10-01,2026-10-05,PATIALA,PUNJAB,PUNJAB,0.0,0.3,-100.0,NR,0.0,2.2,-100.0,NR,41,No Rain
2026-10-01,2026-10-05,RUPNAGAR,PUNJAB,PUNJAB,0.0,0.9,-100.0,NR,0.0,3.5,-100.0,NR,42,No Rain
2026-10-01,2026-10-05,SANGRUR,PUNJAB,PUNJAB,0.0,0.9,-100.0,NR,0.0,2.5,-100.0,NR,43,No Rain
2026-10-01,2026-10-05,SAS NAGAR (MOHALI),PUNJAB,PUNJAB,0.0,0.0,-100.0,NR,0.0,1.6,-100.0,NR,608,No Rain
2026-10-01,2026-10-05,SBS NAGAR,PUNJAB,PUNJAB,0.0,2.2,-100.0,NR,0.0,2.6,-100.0,NR,40,No Rain
2026-10-01,2026-10-05,TARN TARAN,PUNJAB,PUNJAB,0.0,0.0,-100.0,NR,0.0,0.3,-100.0,NR,609,No Rain
2026-10-01,2026-10-05,BILASPUR,HIMACHAL PRADESH,HIMACHAL PRADESH,0.0,0.3,-100.0,NR,0.0,2.3,-100.0,NR,15,No Rain
2026-10-01,2026-10-05,CHAMBA,HIMACHAL PRADESH,HIMACHAL PRADESH,0.0,1.6,-100.0,NR,0.0,5.5,-100.0,NR,16,No Rain
2026-10-01,2026-10-05,HAMIRPUR,HIMACHAL PRADESH,HIMACHAL PRADESH,0.0,0.6,-100.0,NR,0.0,5.6,-100.0,NR,17,No Rain
2026-10-01,2026-10-05,KANGRA,HIMACHAL PRADESH,HIMACHAL PRADESH,0.0,1.1,-100.0,NR,0.0,8.8,-100.0,NR,18,No Rain
2026-10-01,2026-10-05,KINNAUR,HIMACHAL PRADESH,HIMACHAL PRADESH,0.0,0.7,-100.0,NR,0.0,2.8,-100.0,NR,19,No Rain
2026-10-01,2026-10-05,KULLU,HIMACHAL PRADESH,HIMACHAL PRADESH,0.0,0.6,-100.0,NR,0.0,4.2,-100.0,NR,20,No Rain
2026-10-01,2026-10-05,LAHAUL & SPITI,HIMACHAL PRADESH,HIMACHAL PRADESH,0.0,0.5,-100.0,NR,0.0,3.1,-100.0,NR,21,No Rain
2026-10-01,2026-10-05,MANDI,HIMACHAL PRADESH,HIMACHAL PRADESH,0.0,1.1,-100.0,NR,1.6,3.9,-58.0,D,22,Deficient
2026-10-01,2026-10-05,SHIMLA,HIMACHAL PRADESH,HIMACHAL PRADESH,0.0,1.0,-100.0,NR,0.0,3.4,-100.0,NR,23,No Rain
2026-10-01,2026-10-05,SIRMAUR,HIMACHAL PRADESH,HIMACHAL PRADESH,0.0,1.7,-100.0,NR,0.0,6.1,-100.0,NR,24,No Rain
2026-10-01,2026-10-05,SOLAN,HIMACHAL PRADESH,HIMACHAL PRADESH,0.0,0.5,-100.0,NR,0.0,2.9,-100.0,NR,25,No Rain
2026-10-01,2026-10-05,UNA,HIMACHAL PRADESH,HIMACHAL PRADESH,0.0,1.2,-100.0,NR,0.0,5.8,-100.0,NR,26,No Rain
2026-10-01,2026-10-05,ANANTNAG,JAMMU & KASHMIR AND LADAKH,JAMMU & KASHMIR,0.0,0.5,-100.0,NR,0.0,4.0,-100.0,NR,1,No Rain
2026-10-01,2026-10-05,BADGAM,JAMMU & KASHMIR AND LADAKH,JAMMU & KASHMIR,0.0,0.2,-100.0,NR,0.0,3.9,-100.0,NR,2,No Rain
2026-10-01,2026-10-05,BANDIPORA,JAMMU & KASHMIR AND LADAKH,JAMMU & KASHMIR,0.0,0.0,-100.0,NR,0.0,2.1,-100.0,NR,623,No Rain
2026-10-01,2026-10-05,BARAMULA,JAMMU & KASHMIR AND LADAKH,JAMMU & KASHMIR,0.0,0.6,-100.0,NR,0.0,5.5,-100.0,NR,3,No Rain
2026-10-01,2026-10-05,DODA,JAMMU & KASHMIR AND LADAKH,JAMMU & KASHMIR,0.0,0.8,-100.0,NR,0.0,3.3,-100.0,NR,4,No Rain
2026-10-01,2026-10-05,GANDERBAL,JAMMU & KASHMIR AND LADAKH,JAMMU & KASHMIR,0.0,1.0,-100.0,NR,0.0,2.9,-100.0,NR,626,No Rain
2026-10-01,2026-10-05,JAMMU,JAMMU & KASHMIR AND LADAKH,JAMMU & KASHMIR,0.0,1.0,-100.0,NR,0.0,3.8,-100.0,NR,5,No Rain
2026-10-01,2026-10-05,KATHUA,JAMMU & KASHMIR AND LADAKH,JAMMU & KASHMIR,0.0,0.7,-100.0,NR,0.0,2.0,-100.0,NR,7,No Rain
2026-10-01,2026-10-05,KISTWAR,JAMMU & KASHMIR AND LADAKH,JAMMU & KASHMIR,0.0,0.8,-100.0,NR,0.0,3.3,-100.0,NR,620,No Rain
2026-10-01,2026-10-05,KULGAM,JAMMU & KASHMIR AND LADAKH,JAMMU & KASHMIR,0.0,0.5,-100.0,NR,0.0,3.9,-100.0,NR,622,No Rain
2026-10-01,2026-10-05,KUPWARA,JAMMU & KASHMIR AND LADAKH,JAMMU & KASHMIR,0.0,0.2,-100.0,NR,0.0,3.4,-100.0,NR,8,No Rain
2026-10-01,2026-10-05,POONCH,JAMMU & KASHMIR AND LADAKH,JAMMU & KASHMIR,0.0,0.6,-100.0,NR,0.0,3.9,-100.0,NR,10,No Rain
2026-10-01,2026-10-05,PULWAMA,JAMMU & KASHMIR AND LADAKH,JAMMU & KASHMIR,0.0,0.1,-100.0,NR,0.0,1.8,-100.0,NR,11,No Rain
2026-10-01,2026-10-05,RAJOURI,JAMMU & KASHMIR AND LADAKH,JAMMU & KASHMIR,0.0,0.1,-100.0,NR,0.0,1.2,-100.0,NR,12,No Rain
2026-10-01,2026-10-05,RAMBAN,JAMMU & KASHMIR AND LADAKH,JAMMU & KASHMIR,0.0,0.8,-100.0,NR,0.0,4.0,-100.0,NR,621,No Rain
2026-10-01,2026-10-05,REASI,JAMMU & KASHMIR AND LADAKH,JAMMU & KASHMIR,0.0,0.6,-100.0,NR,0.0,7.8,-100.0,NR,627,No Rain
2026-10-01,2026-10-05,SAMBA,JAMMU & KASHMIR AND LADAKH,JAMMU & KASHMIR,0.0,0.0,-100.0,NR,0.0,1.2,-100.0,NR,624,No Rain
2026-10-01,2026-10-05,SHOPIAN,JAMMU & KASHMIR AND LADAKH,JAMMU & KASHMIR,0.0,0.0,-100.0,NR,0.0,2.4,-100.0,NR,625,No Rain
2026-10-01,2026-10-05,SRINAGAR,JAMMU & KASHMIR AND LADAKH,JAMMU & KASHMIR,0.0,0.3,-100.0,NR,0.0,2.8,-100.0,NR,13,No Rain
2026-10-01,2026-10-05,UDHAMPUR,JAMMU & KASHMIR AND LADAKH,JAMMU & KASHMIR,0.0,3.1,-100.0,NR,0.0,9.5,-100.0,NR,14,No Rain
2026-10-01,2026-10-05,KARGIL,JAMMU & KASHMIR AND LADAKH,LADAKH,0.0,0.0,-100.0,NR,0.0,0.0,-100.0,NR,6,No Rain
2026-10-01,2026-10-05,LADAKH (LEH),JAMMU & KASHMIR AND LADAKH,LADAKH,0.0,0.0,-100.0,NR,0.0,0.3,-100.0,NR,9,No Rain
2026-10-01,2026-10-05,AJMER,EAST RAJASTHAN,RAJASTHAN,0.0,0.8,-100.0,NR,0.0,2.6,-100.0,NR,86,No Rain
2026-10-01,2026-10-05,ALWAR,EAST RAJASTHAN,RAJASTHAN,0.0,1.5,-100.0,NR,0.0,4.0,-100.0,NR,87,No Rain
2026-10-01,2026-10-05,BANSWARA,EAST RAJASTHAN,RAJASTHAN,0.0,0.6,-100.0,NR,0.0,6.2,-100.0,NR,88,No Rain
2026-10-01,2026-10-05,BARAN,EAST RAJASTHAN,RAJASTHAN,0.0,2.2,-100.0,NR,0.0,6.7,-100.0,NR,89,No Rain
2026-10-01,2026-10-05,BHARATPUR,EAST RAJASTHAN,RAJASTHAN,0.0,1.2,-100.0,NR,0.0,4.5,-100.0,NR,91,No Rain
2026-10-01,2026-10-05,BHILWARA,EAST RAJASTHAN,RAJASTHAN,0.0,0.6,-100.0,NR,0.0,2.3,-100.0,NR,92,No Rain
2026-10-01,2026-10-05,BUNDI,EAST RAJASTHAN,RAJASTHAN,0.0,1.0,-100.0,NR,0.0,2.6,-100.0,NR,94,No Rain
2026-10-01,2026-10-05,CHITTORGARH,EAST RAJASTHAN,RAJASTHAN,0.0,1.1,-100.0,NR,0.0,4.3,-100.0,NR,95,No Rain
2026-10-01,2026-10-05,DAUSA,EAST RAJASTHAN,RAJASTHAN,0.0,1.3,-100.0,NR,0.0,4.2,-100.0,NR,97,No Rain
2026-10-01,2026-10-05,DHOLPUR,EAST RAJASTHAN,RAJASTHAN,0.0,2.4,-100.0,NR,0.0,7.7,-100.0,NR,98,No Rain
2026-10-01,2026-10-05,DUNGARPUR,EAST RAJASTHAN,RAJASTHAN,0.0,0.4,-100.0,NR,0.0,5.2,-100.0,NR,99,No Rain
2026-10-01,2026-10-05,JAIPUR,EAST RAJASTHAN,RAJASTHAN,0.0,1.2,-100.0,NR,0.0,4.8,-100.0,NR,102,No Rain
2026-10-01,2026-10-05,JHALAWAR,EAST RAJASTHAN,RAJASTHAN,0.0,2.7,-100.0,NR,0.0,6.7,-100.0,NR,105,No Rain
2026-10-01,2026-10-05,JHUNJHUNU,EAST RAJASTHAN,RAJASTHAN,0.0,1.2,-100.0,NR,0.0,4.2,-100.0,NR,106,No Rain
2026-10-01,2026-10-05,KARAULI,EAST RAJASTHAN,RAJASTHAN,0.0,1.4,-100.0,NR,0.0,3.9,-100.0,NR,108,No Rain
2026-10-01,2026-10-05,KOTA,EAST RAJASTHAN,RAJASTHAN,0.0,1.6,-100.0,NR,0.0,5.4,-100.0,NR,109,No Rain
2026-10-01,2026-10-05,PRATAPGARH,EAST RAJASTHAN,RAJASTHAN,0.0,1.6,-100.0,NR,0.0,8.6,-100.0,NR,629,No Rain
2026-10-01,2026-10-05,RAJSAMAND,EAST RAJASTHAN,RAJASTHAN,0.0,0.9,-100.0,NR,2.3,4.3,-47.0,D,112,Deficient
2026-10-01,2026-10-05,SAWAI MADHOPUR,EAST RAJASTHAN,RAJASTHAN,0.0,2.9,-100.0,NR,0.0,7.0,-100.0,NR,113,No Rain
2026-10-01,2026-10-05,SIKAR,EAST RAJASTHAN,RAJASTHAN,0.0,1.1,-100.0,NR,0.0,4.7,-100.0,NR,114,No Rain
2026-10-01,2026-10-05,SIROHI,EAST RAJASTHAN,RAJASTHAN,0.0,1.0,-100.0,NR,0.0,4.6,-100.0,NR,115,No Rain
2026-10-01,2026-10-05,TONK,EAST RAJASTHAN,RAJASTHAN,0.0,0.9,-100.0,NR,0.0,2.8,-100.0,NR,116,No Rain
2026-10-01,2026-10-05,UDAIPUR,EAST RAJASTHAN,RAJASTHAN,0.0,0.8,-100.0,NR,0.0,4.3,-100.0,NR,117,No Rain
2026-10-01,2026-10-05,BARMER,WEST RAJASTHAN,RAJASTHAN,0.0,0.8,-100.0,NR,0.0,3.8,-100.0,NR,90,No Rain
2026-10-01,2026-10-05,BIKANER,WEST RAJASTHAN,RAJASTHAN,0.0,0.6,-100.0,NR,0.0,3.4,-100.0,NR,93,No Rain
2026-10-01,2026-10-05,CHURU,WEST RAJASTHAN,RAJASTHAN,0.0,0.6,-100.0,NR,0.0,3.9,-100.0,NR,96,No Rain
2026-10-01,2026-10-05,HANUMANGARH,WEST RAJASTHAN,RAJASTHAN,0.0,0.1,-100.0,NR,0.0,2.1,-100.0,NR,101,No Rain
2026-10-01,2026-10-05,JAISALMER,WEST RAJASTHAN,RAJASTHAN,0.0,0.4,-100.0,NR,0.0,1.8,-100.0,NR,103,No Rain
2026-10-01,2026-10-05,JALORE,WEST RAJASTHAN,RAJASTHAN,0.0,1.0,-100.0,NR,0.0,3.8,-100.0,NR,104,No Rain
2026-10-01,2026-10-05,JODHPUR,WEST RAJASTHAN,RAJASTHAN,0.0,0.3,-100.0,NR,0.0,1.6,-100.0,NR,107,No Rain
2026-10-01,2026-10-05,NAGAUR,WEST RAJASTHAN,RAJASTHAN,0.0,0.5,-100.0,NR,0.0,3.3,-100.0,NR,110,No Rain
2026-10-01,2026-10-05,PALI,WEST RAJASTHAN,RAJASTHAN,0.0,0.6,-100.0,NR,0.0,4.5,-100.0,NR,111,No Rain
2026-10-01,2026-10-05,SRI GANGANAGAR,WEST RAJASTHAN,RAJASTHAN,0.0,0.0,-100.0,NR,0.0,1.4,-100.0,NR,100,No Rain
2026-10-01,2026-10-05,AGAR-MALWA,WEST MADHYA PRADESH,MADHYA PRADESH,0.0,1.0,-100.0,NR,0.0,9.0,-100.0,NR,667,No Rain
2026-10-01,2026-10-05,ALIRAJPUR,WEST MADHYA PRADESH,MADHYA PRADESH,0.0,1.1,-100.0,NR,0.0,10.8,-100.0,NR,639,No Rain
2026-10-01,2026-10-05,ASHOKNAGAR,WEST MADHYA PRADESH,MADHYA PRADESH,0.0,2.5,-100.0,NR,0.0,8.6,-100.0,NR,391,No Rain
2026-10-01,2026-10-05,BARWANI,WEST MADHYA PRADESH,MADHYA PRADESH,0.0,1.6,-100.0,NR,0.0,9.4,-100.0,NR,393,No Rain
2026-10-01,2026-10-05,BETUL,WEST MADHYA PRADESH,MADHYA PRADESH,0.0,3.1,-100.0,NR,0.0,12.1,-100.0,NR,394,No Rain
2026-10-01,2026-10-05,BHIND,WEST MADHYA PRADESH,MADHYA PRADESH,0.0,3.2,-100.0,NR,0.0,9.7,-100.0,NR,395,No Rain
2026-10-01,2026-10-05,BHOPAL,WEST MADHYA PRADESH,MADHYA PRADESH,0.0,3.0,-100.0,NR,0.0,8.7,-100.0,NR,396,No Rain
2026-10-01,2026-10-05,BURHANPUR,WEST MADHYA PRADESH,MADHYA PRADESH,0.0,1.7,-100.0,NR,0.0,14.5,-100.0,NR,397,No Rain
2026-10-01,2026-10-05,DATIA,WEST MADHYA PRADESH,MADHYA PRADESH,0.0,3.9,-100.0,NR,0.0,11.2,-100.0,NR,401,No Rain
2026-10-01,2026-10-05,DEWAS,WEST MADHYA PRADESH,MADHYA PRADESH,0.0,1.9,-100.0,NR,0.0,8.1,-100.0,NR,402,No Rain
2026-10-01,2026-10-05,DHAR,WEST MADHYA PRADESH,MADHYA PRADESH,0.0,2.4,-100.0,NR,0.1,12.3,-99.0,LD,403,Large Deficient
2026-10-01,2026-10-05,GUNA,WEST MADHYA PRADESH,MADHYA PRADESH,0.0,1.6,-100.0,NR,0.0,6.4,-100.0,NR,406,No Rain
2026-10-01,2026-10-05,GWALIOR,WEST MADHYA PRADESH,MADHYA PRADESH,0.0,1.5,-100.0,NR,1.0,10.3,-90.0,LD,407,Large Deficient
2026-10-01,2026-10-05,HARDA,WEST MADHYA PRADESH,MADHYA PRADESH,0.0,3.7,-100.0,NR,0.0,15.3,-100.0,NR,408,No Rain
2026-10-01,2026-10-05,INDORE,WEST MADHYA PRADESH,MADHYA PRADESH,0.0,2.9,-100.0,NR,0.0,10.6,-100.0,NR,410,No Rain
2026-10-01,2026-10-05,JHABUA,WEST MADHYA PRADESH,MADHYA PRADESH,0.0,2.5,-100.0,NR,0.0,13.4,-100.0,NR,412,No Rain
2026-10-01,2026-10-05,KHANDWA,WEST MADHYA PRADESH,MADHYA PRADESH,0.0,4.6,-100.0,NR,0.0,12.7,-100.0,NR,405,No Rain
2026-10-01,2026-10-05,KHARGONE,WEST MADHYA PRADESH,MADHYA PRADESH,0.0,1.8,-100.0,NR,0.0,10.5,-100.0,NR,414,No Rain
2026-10-01,2026-10-05,MANDSAUR,WEST MADHYA PRADESH,MADHYA PRADESH,0.0,1.9,-100.0,NR,0.0,6.9,-100.0,NR,416,No Rain
2026-10-01,2026-10-05,MORENA,WEST MADHYA PRADESH,MADHYA PRADESH,0.0,1.5,-100.0,NR,0.0,7.6,-100.0,NR,417,No Rain
2026-10-01,2026-10-05,NARMADAPURAM,WEST MADHYA PRADESH,MADHYA PRADESH,0.0,2.2,-100.0,NR,0.0,9.1,-100.0,NR,409,No Rain
2026-10-01,2026-10-05,NEEMUCH,WEST MADHYA PRADESH,MADHYA PRADESH,0.0,1.1,-100.0,NR,0.0,4.4,-100.0,NR,419,No Rain
2026-10-01,2026-10-05,RAISEN,WEST MADHYA PRADESH,MADHYA PRADESH,0.0,2.6,-100.0,NR,0.9,9.5,-90.0,LD,421,Large Deficient
2026-10-01,2026-10-05,RAJGARH,WEST MADHYA PRADESH,MADHYA PRADESH,0.0,3.5,-100.0,NR,0.0,8.0,-100.0,NR,422,No Rain
2026-10-01,2026-10-05,RATLAM,WEST MADHYA PRADESH,MADHYA PRADESH,0.0,1.4,-100.0,NR,0.0,11.4,-100.0,NR,423,No Rain
2026-10-01,2026-10-05,SEHORE,WEST MADHYA PRADESH,MADHYA PRADESH,0.0,2.8,-100.0,NR,0.0,7.6,-100.0,NR,427,No Rain
2026-10-01,2026-10-05,SHAJAPUR,WEST MADHYA PRADESH,MADHYA PRADESH,0.0,2.3,-100.0,NR,0.0,8.2,-100.0,NR,430,No Rain
2026-10-01,2026-10-05,SHEOPUR,WEST MADHYA PRADESH,MADHYA PRADESH,0.0,2.2,-100.0,NR,2.8,4.5,-38.0,D,431,Deficient
2026-10-01,2026-10-05,SHIVPURI,WEST MADHYA PRADESH,MADHYA PRADESH,0.0,2.5,-100.0,NR,0.0,8.8,-100.0,NR,432,No Rain
2026-10-01,2026-10-05,UJJAIN,WEST MADHYA PRADESH,MADHYA PRADESH,0.0,2.4,-100.0,NR,0.0,8.5,-100.0,NR,435,No Rain
2026-10-01,2026-10-05,VIDISHA,WEST MADHYA PRADESH,MADHYA PRADESH,0.0,2.7,-100.0,NR,0.0,10.2,-100.0,NR,437,No Rain
2026-10-01,2026-10-05,ANUPPUR,EAST MADHYA PRADESH,MADHYA PRADESH,0.0,1.7,-100.0,NR,0.0,12.1,-100.0,NR,390,No Rain
2026-10-01,2026-10-05,BALAGHAT,EAST MADHYA PRADESH,MADHYA PRADESH,0.0,3.0,-100.0,NR,0.0,14.0,-100.0,NR,392,No Rain
2026-10-01,2026-10-05,CHHATARPUR,EAST MADHYA PRADESH,MADHYA PRADESH,0.0,2.4,-100.0,NR,0.0,13.1,-100.0,NR,398,No Rain
2026-10-01,2026-10-05,CHHINDWARA,EAST MADHYA PRADESH,MADHYA PRADESH,0.0,2.8,-100.0,NR,0.0,16.0,-100.0,NR,399,No Rain
2026-10-01,2026-10-05,DAMOH,EAST MADHYA PRADESH,MADHYA PRADESH,0.0,4.0,-100.0,NR,0.0,12.6,-100.0,NR,400,No Rain
2026-10-01,2026-10-05,DINDORI,EAST MADHYA PRADESH,MADHYA PRADESH,0.0,1.8,-100.0,NR,0.0,9.9,-100.0,NR,404,No Rain
2026-10-01,2026-10-05,JABALPUR,EAST MADHYA PRADESH,MADHYA PRADESH,0.0,1.6,-100.0,NR,0.0,11.9,-100.0,NR,411,No Rain
2026-10-01,2026-10-05,KATNI,EAST MADHYA PRADESH,MADHYA PRADESH,0.0,1.2,-100.0,NR,0.0,10.3,-100.0,NR,413,No Rain
2026-10-01,2026-10-05,MANDLA,EAST MADHYA PRADESH,MADHYA PRADESH,0.0,1.7,-100.0,NR,0.0,11.5,-100.0,NR,415,No Rain
2026-10-01,2026-10-05,NARSINGHPUR,EAST MADHYA PRADESH,MADHYA PRADESH,0.0,1.8,-100.0,NR,1.0,8.7,-89.0,LD,418,Large Deficient
2026-10-01,2026-10-05,NIWARI,EAST MADHYA PRADESH,MADHYA PRADESH,0.0,1.4,-100.0,NR,0.0,18.6,-100.0,NR,722,No Rain
2026-10-01,2026-10-05,PANNA,EAST MADHYA PRADESH,MADHYA PRADESH,0.0,3.0,-100.0,NR,0.0,13.1,-100.0,NR,420,No Rain
2026-10-01,2026-10-05,REWA,EAST MADHYA PRADESH,MADHYA PRADESH,0.0,4.8,-100.0,NR,0.0,18.8,-100.0,NR,424,No Rain
2026-10-01,2026-10-05,SAGAR,EAST MADHYA PRADESH,MADHYA PRADESH,0.0,2.8,-100.0,NR,0.2,8.5,-98.0,LD,425,Large Deficient
2026-10-01,2026-10-05,SATNA,EAST MADHYA PRADESH,MADHYA PRADESH,0.0,1.5,-100.0,NR,0.0,13.3,-100.0,NR,426,No Rain
2026-10-01,2026-10-05,SEONI,EAST MADHYA PRADESH,MADHYA PRADESH,0.0,1.6,-100.0,NR,0.0,14.8,-100.0,NR,428,No Rain
2026-10-01,2026-10-05,SHAHDOL,EAST MADHYA PRADESH,MADHYA PRADESH,0.0,1.6,-100.0,NR,0.0,11.1,-100.0,NR,429,No Rain
2026-10-01,2026-10-05,SIDHI,EAST MADHYA PRADESH,MADHYA PRADESH,0.0,6.1,-100.0,NR,1.9,18.2,-90.0,LD,433,Large Deficient
2026-10-01,2026-10-05,SINGRAULI,EAST MADHYA PRADESH,MADHYA PRADESH,0.0,2.8,-100.0,NR,0.0,16.0,-100.0,NR,638,No Rain
2026-10-01,2026-10-05,TIKAMGARH,EAST MADHYA PRADESH,MADHYA PRADESH,0.0,3.8,-100.0,NR,0.0,9.3,-100.0,NR,434,No Rain
2026-10-01,2026-10-05,UMARIA,EAST MADHYA PRADESH,MADHYA PRADESH,0.0,2.8,-100.0,NR,0.0,16.8,-100.0,NR,436,No Rain
2026-10-01,2026-10-05,AHMEDABAD,GUJARAT REGION,GUJARAT,0.0,0.3,-100.0,NR,0.0,3.5,-100.0,NR,438,No Rain
2026-10-01,2026-10-05,ANAND,GUJARAT REGION,GUJARAT,0.0,0.3,-100.0,NR,0.0,4.3,-100.0,NR,440,No Rain
2026-10-01,2026-10-05,ARAVALLI,GUJARAT REGION,GUJARAT,0.0,1.3,-100.0,NR,0.0,5.6,-100.0,NR,672,No Rain
2026-10-01,2026-10-05,BANASKANTHA,GUJARAT REGION,GUJARAT,0.0,1.5,-100.0,NR,0.0,5.9,-100.0,NR,441,No Rain
2026-10-01,2026-10-05,BHARUCH,GUJARAT REGION,GUJARAT,0.0,1.8,-100.0,NR,0.0,5.6,-100.0,NR,442,No Rain
2026-10-01,2026-10-05,CHHOTA UDEPUR,GUJARAT REGION,GUJARAT,0.0,1.8,-100.0,NR,0.0,9.6,-100.0,NR,668,No Rain
2026-10-01,2026-10-05,DAHOD,GUJARAT REGION,GUJARAT,0.0,0.7,-100.0,NR,0.0,6.5,-100.0,NR,445,No Rain
2026-10-01,2026-10-05,DANGS,GUJARAT REGION,GUJARAT,0.0,5.8,-100.0,NR,0.0,30.6,-100.0,NR,444,No Rain
2026-10-01,2026-10-05,GANDHINAGAR,GUJARAT REGION,GUJARAT,0.0,0.4,-100.0,NR,0.0,3.3,-100.0,NR,446,No Rain
2026-10-01,2026-10-05,KHEDA,GUJARAT REGION,GUJARAT,0.0,0.6,-100.0,NR,0.0,3.4,-100.0,NR,450,No Rain
2026-10-01,2026-10-05,MAHISAGAR,GUJARAT REGION,GUJARAT,0.0,1.0,-100.0,NR,0.0,5.8,-100.0,NR,669,No Rain
2026-10-01,2026-10-05,MEHSANA,GUJARAT REGION,GUJARAT,0.0,1.0,-100.0,NR,0.0,4.9,-100.0,NR,451,No Rain
2026-10-01,2026-10-05,NARMADA,GUJARAT REGION,GUJARAT,0.0,3.2,-100.0,NR,0.0,9.2,-100.0,NR,452,No Rain
2026-10-01,2026-10-05,NAVSARI,GUJARAT REGION,GUJARAT,0.0,1.8,-100.0,NR,0.0,10.9,-100.0,NR,453,No Rain
2026-10-01,2026-10-05,PANCHMAHAL,GUJARAT REGION,GUJARAT,0.0,1.3,-100.0,NR,0.0,5.4,-100.0,NR,454,No Rain
2026-10-01,2026-10-05,PATAN,GUJARAT REGION,GUJARAT,0.0,0.9,-100.0,NR,0.0,4.8,-100.0,NR,455,No Rain
2026-10-01,2026-10-05,SABARKANTHA,GUJARAT REGION,GUJARAT,0.0,0.7,-100.0,NR,0.0,4.3,-100.0,NR,458,No Rain
2026-10-01,2026-10-05,SURAT,GUJARAT REGION,GUJARAT,0.0,2.8,-100.0,NR,0.0,12.2,-100.0,NR,459,No Rain
2026-10-01,2026-10-05,TAPI,GUJARAT REGION,GUJARAT,0.0,0.9,-100.0,NR,0.0,10.6,-100.0,NR,641,No Rain
2026-10-01,2026-10-05,VADODARA,GUJARAT REGION,GUJARAT,0.0,1.0,-100.0,NR,0.0,6.8,-100.0,NR,461,No Rain
2026-10-01,2026-10-05,VALSAD,GUJARAT REGION,GUJARAT,0.0,3.5,-100.0,NR,0.0,16.5,-100.0,NR,462,No Rain
2026-10-01,2026-10-05,DADARA & NAGAR HAVELI,GUJARAT REGION,DADRA & NAGAR HAVELI AND DAMAN & DIU,0.0,2.1,-100.0,NR,0.0,12.4,-100.0,NR,465,No Rain
2026-10-01,2026-10-05,DAMAN,GUJARAT REGION,DADRA & NAGAR HAVELI AND DAMAN & DIU,0.0,2.1,-100.0,NR,0.0,12.4,-100.0,NR,463,No Rain
2026-10-01,2026-10-05,AMRELI,SAURASHTRA & KUTCH,GUJARAT,0.0,1.3,-100.0,NR,0.2,7.8,-98.0,LD,439,Large Deficient
2026-10-01,2026-10-05,BHAVNAGAR,SAURASHTRA & KUTCH,GUJARAT,0.0,2.2,-100.0,NR,0.0,6.5,-100.0,NR,443,No Rain
2026-10-01,2026-10-05,BOTAD,SAURASHTRA & KUTCH,GUJARAT,0.0,1.2,-100.0,NR,0.0,7.1,-100.0,NR,676,No Rain
2026-10-01,2026-10-05,DEVBHOOMI DWARKA,SAURASHTRA & KUTCH,GUJARAT,0.0,1.7,-100.0,NR,0.0,5.0,-100.0,NR,674,No Rain
2026-10-01,2026-10-05,GIR SOMNATH,SAURASHTRA & KUTCH,GUJARAT,0.0,1.9,-100.0,NR,5.8,6.0,-3.0,N,675,Normal
2026-10-01,2026-10-05,JAMNAGAR,SAURASHTRA & KUTCH,GUJARAT,0.0,2.7,-100.0,NR,3.2,6.3,-50.0,D,447,Deficient
2026-10-01,2026-10-05,JUNAGADH,SAURASHTRA & KUTCH,GUJARAT,0.0,2.0,-100.0,NR,3.4,8.6,-60.0,LD,448,Large Deficient
2026-10-01,2026-10-05,KUTCH,SAURASHTRA & KUTCH,GUJARAT,0.0,1.3,-100.0,NR,0.0,3.7,-100.0,NR,449,No Rain
2026-10-01,2026-10-05,MORBI,SAURASHTRA & KUTCH,GUJARAT,0.0,1.1,-100.0,NR,0.0,4.4,-100.0,NR,673,No Rain
2026-10-01,2026-10-05,PORBANDAR,SAURASHTRA & KUTCH,GUJARAT,0.0,2.4,-100.0,NR,0.0,7.1,-100.0,NR,456,No Rain
2026-10-01,2026-10-05,RAJKOT,SAURASHTRA & KUTCH,GUJARAT,0.0,2.1,-100.0,NR,0.0,6.2,-100.0,NR,457,No Rain
2026-10-01,2026-10-05,SURENDRANAGAR,SAURASHTRA & KUTCH,GUJARAT,0.0,0.9,-100.0,NR,0.0,3.9,-100.0,NR,460,No Rain
2026-10-01,2026-10-05,DIU,SAURASHTRA & KUTCH,DADRA & NAGAR HAVELI AND DAMAN & DIU,0.0,2.4,-100.0,NR,0.0,4.3,-100.0,NR,464,No Rain
2026-10-01,2026-10-05,MUMBAI CITY,KONKAN & GOA,MAHARASHTRA,0.0,4.7,-100.0,NR,0.0,34.8,-100.0,NR,482,No Rain
2026-10-01,2026-10-05,MUMBAI SUBURBAN,KONKAN & GOA,MAHARASHTRA,0.0,4.0,-100.0,NR,4.4,34.3,-87.0,LD,483,Large Deficient
2026-10-01,2026-10-05,PALGHAR,KONKAN & GOA,MAHARASHTRA,0.0,4.3,-100.0,NR,2.3,19.7,-89.0,LD,665,Large Deficient
2026-10-01,2026-10-05,RAIGAD,KONKAN & GOA,MAHARASHTRA,0.0,7.8,-100.0,NR,3.9,39.1,-90.0,LD,491,Large Deficient
2026-10-01,2026-10-05,RATNAGIRI,KONKAN & GOA,MAHARASHTRA,0.0,11.0,-100.0,NR,0.4,47.5,-99.0,LD,492,Large Deficient
2026-10-01,2026-10-05,SINDHUDURG,KONKAN & GOA,MAHARASHTRA,1.5,9.3,-84.0,LD,2.3,53.0,-96.0,LD,495,Large Deficient
2026-10-01,2026-10-05,THANE,KONKAN & GOA,MAHARASHTRA,0.0,5.3,-100.0,NR,11.0,22.2,-50.0,D,497,Deficient
2026-10-01,2026-10-05,NORTH GOA,KONKAN & GOA,GOA,1.9,10.5,-82.0,LD,1.9,51.4,-96.0,LD,551,Large Deficient
2026-10-01,2026-10-05,SOUTH GOA,KONKAN & GOA,GOA,0.3,9.9,-97.0,LD,0.8,48.4,-98.0,LD,552,Large Deficient
2026-10-01,2026-10-05,AHMEDNAGAR,MADHYA MAHARASHTRA,MAHARASHTRA,0.0,4.1,-100.0,NR,0.5,22.3,-98.0,LD,466,Large Deficient
2026-10-01,2026-10-05,DHULE,MADHYA MAHARASHTRA,MAHARASHTRA,0.0,1.8,-100.0,NR,0.0,12.2,-100.0,NR,474,No Rain
2026-10-01,2026-10-05,JALGAON,MADHYA MAHARASHTRA,MAHARASHTRA,0.0,2.8,-100.0,NR,0.0,15.2,-100.0,NR,478,No Rain
2026-10-01,2026-10-05,KOLHAPUR,MADHYA MAHARASHTRA,MAHARASHTRA,0.0,6.1,-100.0,NR,7.1,34.3,-79.0,LD,480,Large Deficient
2026-10-01,2026-10-05,NANDURBAR,MADHYA MAHARASHTRA,MAHARASHTRA,0.0,1.6,-100.0,NR,0.0,10.6,-100.0,NR,486,No Rain
2026-10-01,2026-10-05,NASHIK,MADHYA MAHARASHTRA,MAHARASHTRA,0.0,3.7,-100.0,NR,1.4,20.9,-93.0,LD,487,Large Deficient
2026-10-01,2026-10-05,PUNE,MADHYA MAHARASHTRA,MAHARASHTRA,0.0,5.6,-100.0,NR,1.5,25.5,-94.0,LD,490,Large Deficient
2026-10-01,2026-10-05,SANGLI,MADHYA MAHARASHTRA,MAHARASHTRA,0.0,4.9,-100.0,NR,3.9,31.5,-88.0,LD,493,Large Deficient
2026-10-01,2026-10-05,SATARA,MADHYA MAHARASHTRA,MAHARASHTRA,0.0,6.3,-100.0,NR,1.4,30.0,-95.0,LD,494,Large Deficient
2026-10-01,2026-10-05,SHOLAPUR,MADHYA MAHARASHTRA,MAHARASHTRA,0.0,4.2,-100.0,NR,0.0,27.3,-100.0,NR,496,No Rain
2026-10-01,2026-10-05,BEED,MARATHWADA,MAHARASHTRA,0.0,3.7,-100.0,NR,0.0,21.3,-100.0,NR,470,No Rain
2026-10-01,2026-10-05,CHHATRAPATI SAMBHAJINAGAR,MARATHWADA,MAHARASHTRA,0.0,3.7,-100.0,NR,0.0,17.2,-100.0,NR,469,No Rain
2026-10-01,2026-10-05,DHARASHIV,MARATHWADA,MAHARASHTRA,0.0,3.4,-100.0,NR,0.0,25.0,-100.0,NR,488,No Rain
2026-10-01,2026-10-05,HINGOLI,MARATHWADA,MAHARASHTRA,0.0,1.6,-100.0,NR,0.0,22.7,-100.0,NR,477,No Rain
2026-10-01,2026-10-05,JALNA,MARATHWADA,MAHARASHTRA,0.0,3.2,-100.0,NR,0.0,18.4,-100.0,NR,479,No Rain
2026-10-01,2026-10-05,LATUR,MARATHWADA,MAHARASHTRA,0.0,4.2,-100.0,NR,0.0,30.1,-100.0,NR,481,No Rain
2026-10-01,2026-10-05,NANDED,MARATHWADA,MAHARASHTRA,0.0,2.1,-100.0,NR,0.0,20.4,-100.0,NR,485,No Rain
2026-10-01,2026-10-05,PARBHANI,MARATHWADA,MAHARASHTRA,0.0,4.2,-100.0,NR,0.0,24.0,-100.0,NR,489,No Rain
2026-10-01,2026-10-05,AKOLA,VIDARBHA,MAHARASHTRA,0.0,2.5,-100.0,NR,0.0,19.7,-99.0,LD,467,Large Deficient
2026-10-01,2026-10-05,AMRAOTI,VIDARBHA,MAHARASHTRA,0.0,2.2,-100.0,NR,0.0,15.3,-100.0,NR,468,No Rain
2026-10-01,2026-10-05,BHANDARA,VIDARBHA,MAHARASHTRA,0.0,2.9,-100.0,NR,0.0,15.2,-99.0,LD,471,Large Deficient
2026-10-01,2026-10-05,BULDHANA,VIDARBHA,MAHARASHTRA,0.0,3.0,-100.0,NR,0.0,20.6,-100.0,NR,472,No Rain
2026-10-01,2026-10-05,CHANDRAPUR,VIDARBHA,MAHARASHTRA,0.0,2.9,-100.0,NR,0.0,17.6,-100.0,NR,473,No Rain
2026-10-01,2026-10-05,GADCHIROLI,VIDARBHA,MAHARASHTRA,0.0,3.2,-100.0,NR,0.0,18.7,-99.0,LD,475,Large Deficient
2026-10-01,2026-10-05,GONDIA,VIDARBHA,MAHARASHTRA,0.0,2.6,-100.0,NR,0.0,13.2,-99.0,LD,476,Large Deficient
2026-10-01,2026-10-05,NAGPUR,VIDARBHA,MAHARASHTRA,0.0,2.0,-100.0,NR,0.0,12.5,-100.0,NR,484,No Rain
2026-10-01,2026-10-05,WARDHA,VIDARBHA,MAHARASHTRA,0.0,2.0,-100.0,NR,0.0,15.9,-99.0,LD,498,Large Deficient
2026-10-01,2026-10-05,WASHIM,VIDARBHA,MAHARASHTRA,0.0,2.0,-100.0,NR,0.0,20.1,-99.0,LD,499,Large Deficient
2026-10-01,2026-10-05,YEOTMAL,VIDARBHA,MAHARASHTRA,0.0,2.0,-100.0,NR,0.0,19.5,-100.0,NR,500,No Rain
2026-10-01,2026-10-05,BALOD,CHHATTISGARH,CHHATTISGARH,0.0,1.6,-100.0,NR,0.0,8.7,-100.0,NR,646,No Rain
2026-10-01,2026-10-05,BALODA BAZAR,CHHATTISGARH,CHHATTISGARH,0.0,2.2,-100.0,NR,0.0,11.7,-100.0,NR,644,No Rain
2026-10-01,2026-10-05,BALRAMPUR,CHHATTISGARH,CHHATTISGARH,0.0,3.5,-100.0,NR,0.0,20.6,-100.0,NR,649,No Rain
2026-10-01,2026-10-05,BASTAR,CHHATTISGARH,CHHATTISGARH,0.0,3.2,-100.0,NR,0.0,24.0,-100.0,NR,374,No Rain
2026-10-01,2026-10-05,BEMETARA,CHHATTISGARH,CHHATTISGARH,0.0,5.1,-100.0,NR,0.0,13.5,-100.0,NR,650,No Rain
2026-10-01,2026-10-05,BIJAPUR,CHHATTISGARH,CHHATTISGARH,0.0,3.6,-100.0,NR,0.4,29.1,-99.0,LD,636,Large Deficient
2026-10-01,2026-10-05,BILASPUR,CHHATTISGARH,CHHATTISGARH,0.0,2.0,-100.0,NR,0.0,13.2,-100.0,NR,375,No Rain
2026-10-01,2026-10-05,DANTEWADA,CHHATTISGARH,CHHATTISGARH,0.0,10.6,-100.0,NR,0.0,36.7,-100.0,NR,376,No Rain
2026-10-01,2026-10-05,DHAMTARI,CHHATTISGARH,CHHATTISGARH,0.0,7.3,-100.0,NR,0.0,19.6,-100.0,NR,377,No Rain
2026-10-01,2026-10-05,DURG,CHHATTISGARH,CHHATTISGARH,0.0,3.4,-100.0,NR,0.0,14.2,-100.0,NR,378,No Rain
2026-10-01,2026-10-05,GARIABAND,CHHATTISGARH,CHHATTISGARH,0.0,5.4,-100.0,NR,0.8,21.5,-96.0,LD,645,Large Deficient
2026-10-01,2026-10-05,GAURELA PENDRA MARWAHI,CHHATTISGARH,CHHATTISGARH,0.0,5.9,-100.0,NR,0.0,22.0,-100.0,NR,734,No Rain
2026-10-01,2026-10-05,JANJGIR,CHHATTISGARH,CHHATTISGARH,0.0,0.9,-100.0,NR,0.0,17.2,-100.0,NR,379,No Rain
2026-10-01,2026-10-05,JASHPUR,CHHATTISGARH,CHHATTISGARH,0.0,3.6,-100.0,NR,0.0,17.4,-100.0,NR,380,No Rain
2026-10-01,2026-10-05,KABIRDHAM,CHHATTISGARH,CHHATTISGARH,0.0,3.1,-100.0,NR,0.0,14.2,-100.0,NR,382,No Rain
2026-10-01,2026-10-05,KANKER,CHHATTISGARH,CHHATTISGARH,0.0,3.1,-100.0,NR,0.0,16.1,-100.0,NR,381,No Rain
2026-10-01,2026-10-05,KHAIRAGARH CHH GANDAI,CHHATTISGARH,CHHATTISGARH,0.0,3.3,-100.0,NR,0.0,12.6,-100.0,NR,759,No Rain
2026-10-01,2026-10-05,KONDAGAON,CHHATTISGARH,CHHATTISGARH,0.0,3.1,-100.0,NR,0.0,20.0,-100.0,NR,643,No Rain
2026-10-01,2026-10-05,KORBA,CHHATTISGARH,CHHATTISGARH,0.0,2.5,-100.0,NR,0.0,15.6,-100.0,NR,383,No Rain
2026-10-01,2026-10-05,KORIYA,CHHATTISGARH,CHHATTISGARH,0.0,0.7,-100.0,NR,0.0,13.1,-100.0,NR,384,No Rain
2026-10-01,2026-10-05,MAHASAMUND,CHHATTISGARH,CHHATTISGARH,0.0,3.3,-100.0,NR,0.0,13.6,-100.0,NR,385,No Rain
2026-10-01,2026-10-05,MANENDRAGARH BHARATPUR,CHHATTISGARH,CHHATTISGARH,0.0,0.6,-100.0,NR,0.0,13.1,-100.0,NR,760,No Rain
2026-10-01,2026-10-05,MOHALA MANPUR CHOWKI,CHHATTISGARH,CHHATTISGARH,0.0,2.0,-100.0,NR,0.0,10.0,-100.0,NR,761,No Rain
2026-10-01,2026-10-05,MUNGELI,CHHATTISGARH,CHHATTISGARH,0.0,1.0,-100.0,NR,0.0,12.1,-100.0,NR,647,No Rain
2026-10-01,2026-10-05,NARAYANPUR,CHHATTISGARH,CHHATTISGARH,0.0,2.8,-100.0,NR,0.0,19.4,-100.0,NR,637,No Rain
2026-10-01,2026-10-05,RAIGARH,CHHATTISGARH,CHHATTISGARH,0.0,4.0,-100.0,NR,0.0,12.1,-100.0,NR,386,No Rain
2026-10-01,2026-10-05,RAIPUR,CHHATTISGARH,CHHATTISGARH,0.0,3.5,-100.0,NR,0.0,14.8,-100.0,NR,387,No Rain
2026-10-01,2026-10-05,RAJNANDGAON,CHHATTISGARH,CHHATTISGARH,0.0,3.9,-100.0,NR,0.0,15.8,-100.0,NR,388,No Rain
2026-10-01,2026-10-05,SAKTI,CHHATTISGARH,CHHATTISGARH,0.0,2.5,-100.0,NR,0.0,11.7,-100.0,NR,762,No Rain
2026-10-01,2026-10-05,SARANGARH BILAIGARH,CHHATTISGARH,CHHATTISGARH,0.0,5.1,-100.0,NR,0.0,12.7,-100.0,NR,763,No Rain
2026-10-01,2026-10-05,SUKMA,CHHATTISGARH,CHHATTISGARH,0.0,5.7,-100.0,NR,0.0,23.4,-100.0,NR,642,No Rain
2026-10-01,2026-10-05,SURAJPUR,CHHATTISGARH,CHHATTISGARH,0.0,3.7,-100.0,NR,0.0,21.3,-100.0,NR,648,No Rain
2026-10-01,2026-10-05,SURGUJA,CHHATTISGARH,CHHATTISGARH,0.0,3.2,-100.0,NR,0.0,17.4,-100.0,NR,389,No Rain
2026-10-01,2026-10-05,ANAKAPALLI,COASTAL ANDHRA PRADESH & YANAM,ANDHRA PRADESH,10.0,10.6,-5.0,N,20.3,49.1,-59.0,D,744,Deficient
2026-10-01,2026-10-05,BAPATLA,COASTAL ANDHRA PRADESH & YANAM,ANDHRA PRADESH,0.0,5.9,-100.0,NR,5.2,36.6,-86.0,LD,750,Large Deficient
2026-10-01,2026-10-05,DR B R AMBEDKAR KONASEEMA,COASTAL ANDHRA PRADESH & YANAM,ANDHRA PRADESH,1.2,7.8,-85.0,LD,3.4,57.5,-94.0,LD,747,Large Deficient
2026-10-01,2026-10-05,EAST GODAVARI,COASTAL ANDHRA PRADESH & YANAM,ANDHRA PRADESH,0.0,10.4,-100.0,NR,0.0,43.4,-100.0,NR,505,No Rain
2026-10-01,2026-10-05,ELURU,COASTAL ANDHRA PRADESH & YANAM,ANDHRA PRADESH,0.1,6.3,-99.0,LD,1.1,29.8,-96.0,LD,748,Large Deficient
2026-10-01,2026-10-05,GUNTUR,COASTAL ANDHRA PRADESH & YANAM,ANDHRA PRADESH,0.3,6.1,-95.0,LD,3.2,28.1,-89.0,LD,506,Large Deficient
2026-10-01,2026-10-05,KAKINADA,COASTAL ANDHRA PRADESH & YANAM,ANDHRA PRADESH,1.2,10.3,-88.0,LD,19.4,37.7,-49.0,D,746,Deficient
2026-10-01,2026-10-05,KRISHNA,COASTAL ANDHRA PRADESH & YANAM,ANDHRA PRADESH,1.1,6.3,-82.0,LD,1.1,34.0,-97.0,LD,510,Large Deficient
2026-10-01,2026-10-05,NTR DISTRICT,COASTAL ANDHRA PRADESH & YANAM,ANDHRA PRADESH,0.0,6.4,-100.0,NR,7.4,30.6,-76.0,LD,749,Large Deficient
2026-10-01,2026-10-05,PALNADU,COASTAL ANDHRA PRADESH & YANAM,ANDHRA PRADESH,0.0,5.0,-100.0,NR,0.0,28.8,-100.0,NR,751,No Rain
2026-10-01,2026-10-05,PARVATHIPURAM MANYAM,COASTAL ANDHRA PRADESH & YANAM,ANDHRA PRADESH,0.0,4.9,-100.0,NR,3.7,31.4,-88.0,LD,743,Large Deficient
2026-10-01,2026-10-05,PRAKASAM,COASTAL ANDHRA PRADESH & YANAM,ANDHRA PRADESH,0.0,6.4,-100.0,NR,3.3,29.7,-89.0,LD,517,Large Deficient
2026-10-01,2026-10-05,SPSR NELLORE,COASTAL ANDHRA PRADESH & YANAM,ANDHRA PRADESH,0.0,7.1,-100.0,NR,0.2,27.8,-99.0,LD,515,Large Deficient
2026-10-01,2026-10-05,SRI ALLURI SITHARAMARAJU DISTRICT,COASTAL ANDHRA PRADESH & YANAM,ANDHRA PRADESH,0.0,7.9,-100.0,NR,2.1,38.4,-94.0,LD,745,Large Deficient
2026-10-01,2026-10-05,SRIKAKULAM,COASTAL ANDHRA PRADESH & YANAM,ANDHRA PRADESH,0.0,9.0,-100.0,NR,4.4,42.9,-90.0,LD,519,Large Deficient
2026-10-01,2026-10-05,VISHAKHAPATNAM,COASTAL ANDHRA PRADESH & YANAM,ANDHRA PRADESH,0.0,13.5,-100.0,NR,0.0,47.4,-100.0,NR,520,No Rain
2026-10-01,2026-10-05,VIZIANAGARAM,COASTAL ANDHRA PRADESH & YANAM,ANDHRA PRADESH,0.0,7.5,-100.0,NR,1.0,35.8,-97.0,LD,521,Large Deficient
2026-10-01,2026-10-05,WEST GODAVARI,COASTAL ANDHRA PRADESH & YANAM,ANDHRA PRADESH,10.6,9.1,17.0,N,14.2,42.7,-67.0,LD,523,Large Deficient
2026-10-01,2026-10-05,YANAM,COASTAL ANDHRA PRADESH & YANAM,PUDUCHERRY,0.0,7.4,-100.0,NR,0.0,42.8,-100.0,NR,601,No Rain
2026-10-01,2026-10-05,ANANTAPURAMU,RAYALASEEMA,ANDHRA PRADESH,0.0,3.9,-100.0,NR,3.3,24.5,-87.0,LD,502,Large Deficient
2026-10-01,2026-10-05,ANNAMAYYA DISTRICT,RAYALASEEMA,ANDHRA PRADESH,0.6,7.4,-92.0,LD,3.7,25.5,-85.0,LD,753,Large Deficient
2026-10-01,2026-10-05,CHITTOOR,RAYALASEEMA,ANDHRA PRADESH,0.0,7.3,-100.0,NR,10.2,32.7,-69.0,LD,503,Large Deficient
2026-10-01,2026-10-05,KURNOOL,RAYALASEEMA,ANDHRA PRADESH,0.0,4.2,-100.0,NR,0.0,31.9,-100.0,NR,511,No Rain
2026-10-01,2026-10-05,NANDYAL,RAYALASEEMA,ANDHRA PRADESH,0.0,4.2,-100.0,NR,0.3,29.9,-99.0,LD,755,Large Deficient
2026-10-01,2026-10-05,SRI SATHYASAI DISTRICT,RAYALASEEMA,ANDHRA PRADESH,0.0,4.9,-100.0,NR,2.6,26.8,-90.0,LD,754,Large Deficient
2026-10-01,2026-10-05,TIRUPATI,RAYALASEEMA,ANDHRA PRADESH,0.0,6.9,-100.0,NR,0.0,27.2,-99.0,LD,752,Large Deficient
2026-10-01,2026-10-05,YSR DISTRICT,RAYALASEEMA,ANDHRA PRADESH,0.0,6.6,-100.0,NR,0.0,27.2,-100.0,NR,504,No Rain
2026-10-01,2026-10-05,ADILABAD,TELANGANA,TELANGANA,0.0,1.7,-100.0,NR,0.0,18.1,-100.0,NR,501,No Rain
2026-10-01,2026-10-05,B. KOTHAGUDEM,TELANGANA,TELANGANA,0.0,5.8,-99.0,LD,0.8,27.0,-97.0,LD,690,Large Deficient
2026-10-01,2026-10-05,HANUMAKONDA,TELANGANA,TELANGANA,0.0,1.2,-100.0,NR,0.0,17.6,-99.0,LD,686,Large Deficient
2026-10-01,2026-10-05,HYDERABAD,TELANGANA,TELANGANA,0.0,1.9,-100.0,NR,0.1,24.2,-99.0,LD,507,Large Deficient
2026-10-01,2026-10-05,J. BHUPALPALLY,TELANGANA,TELANGANA,0.0,1.4,-100.0,NR,0.1,16.3,-99.0,LD,687,Large Deficient
2026-10-01,2026-10-05,JAGTIAL,TELANGANA,TELANGANA,0.0,2.4,-100.0,NR,0.0,17.7,-100.0,NR,681,No Rain
2026-10-01,2026-10-05,JANGAON,TELANGANA,TELANGANA,0.0,2.0,-98.0,LD,0.1,25.0,-99.0,LD,689,Large Deficient
2026-10-01,2026-10-05,JOGULAMBA GADWAL,TELANGANA,TELANGANA,0.0,2.1,-100.0,NR,0.0,25.4,-100.0,NR,695,No Rain
2026-10-01,2026-10-05,KAMAREDDY,TELANGANA,TELANGANA,0.0,1.5,-100.0,NR,0.0,20.9,-99.0,LD,685,Large Deficient
2026-10-01,2026-10-05,KARIMNAGAR,TELANGANA,TELANGANA,0.0,2.6,-100.0,NR,0.0,19.5,-100.0,NR,508,No Rain
2026-10-01,2026-10-05,KHAMMAM,TELANGANA,TELANGANA,0.0,5.4,-99.0,LD,1.5,29.1,-95.0,LD,509,Large Deficient
2026-10-01,2026-10-05,KUMARAM BHEEM,TELANGANA,TELANGANA,0.0,1.6,-100.0,NR,0.1,22.0,-99.0,LD,699,Large Deficient
2026-10-01,2026-10-05,M. MALKAJGIRI,TELANGANA,TELANGANA,0.0,1.4,-100.0,NR,0.3,22.5,-99.0,LD,700,Large Deficient
2026-10-01,2026-10-05,MAHABUBABAD,TELANGANA,TELANGANA,0.1,3.0,-97.0,LD,0.5,23.5,-98.0,LD,688,Large Deficient
2026-10-01,2026-10-05,MAHABUBNAGAR,TELANGANA,TELANGANA,0.0,3.5,-100.0,NR,0.0,26.9,-99.0,LD,512,Large Deficient
2026-10-01,2026-10-05,MANCHERIAL,TELANGANA,TELANGANA,0.1,3.4,-97.0,LD,0.8,22.4,-96.0,LD,684,Large Deficient
2026-10-01,2026-10-05,MEDAK,TELANGANA,TELANGANA,0.0,1.7,-100.0,NR,0.1,21.5,-99.0,LD,513,Large Deficient
2026-10-01,2026-10-05,MULUGU,TELANGANA,TELANGANA,0.0,2.6,-100.0,NR,1.1,22.3,-95.0,LD,720,Large Deficient
2026-10-01,2026-10-05,NAGARKURNOOL,TELANGANA,TELANGANA,0.0,3.1,-100.0,NR,0.1,28.8,-99.0,LD,694,Large Deficient
2026-10-01,2026-10-05,NALGONDA,TELANGANA,TELANGANA,0.0,6.6,-100.0,NR,0.3,28.4,-99.0,LD,514,Large Deficient
2026-10-01,2026-10-05,NARAYANPET,TELANGANA,TELANGANA,0.0,1.7,-100.0,NR,0.1,21.4,-99.0,LD,721,Large Deficient
2026-10-01,2026-10-05,NIRMAL,TELANGANA,TELANGANA,0.0,2.9,-100.0,NR,0.7,20.7,-97.0,LD,680,Large Deficient
2026-10-01,2026-10-05,NIZAMABAD,TELANGANA,TELANGANA,0.0,1.4,-100.0,NR,0.0,16.5,-100.0,NR,516,No Rain
2026-10-01,2026-10-05,PEDDAPALLE,TELANGANA,TELANGANA,0.0,2.1,-100.0,NR,0.5,21.3,-98.0,LD,682,Large Deficient
2026-10-01,2026-10-05,RAJANNA SIRCILLA,TELANGANA,TELANGANA,0.9,0.9,3.0,N,27.2,18.9,44.0,E,683,Excess
2026-10-01,2026-10-05,RANGAREDDY,TELANGANA,TELANGANA,0.0,2.0,-99.0,LD,0.8,22.9,-96.0,LD,518,Large Deficient
2026-10-01,2026-10-05,SANGAREDDY,TELANGANA,TELANGANA,0.0,1.4,-100.0,NR,0.4,25.4,-98.0,LD,691,Large Deficient
2026-10-01,2026-10-05,SIDDIPET,TELANGANA,TELANGANA,0.0,1.9,-99.0,LD,0.1,20.7,-99.0,LD,692,Large Deficient
2026-10-01,2026-10-05,SURYAPET,TELANGANA,TELANGANA,0.0,5.6,-99.0,LD,0.0,28.7,-99.0,LD,696,Large Deficient
2026-10-01,2026-10-05,VIKARABAD,TELANGANA,TELANGANA,0.0,2.2,-100.0,NR,0.0,26.1,-99.0,LD,698,Large Deficient
2026-10-01,2026-10-05,WANAPARTHY,TELANGANA,TELANGANA,0.0,4.1,-100.0,NR,0.0,34.0,-99.0,LD,693,Large Deficient
2026-10-01,2026-10-05,WARANGAL,TELANGANA,TELANGANA,0.0,2.0,-100.0,NR,0.3,17.2,-98.0,LD,522,Large Deficient
2026-10-01,2026-10-05,Y. BHUVANAGIRI,TELANGANA,TELANGANA,0.0,3.6,-100.0,NR,0.0,25.8,-100.0,NR,697,No Rain
2026-10-01,2026-10-05,ARIYALUR,TAMILNADU & PUDUCHERRY & KARAIKAL,TAMIL NADU,1.1,4.6,-77.0,LD,7.9,17.9,-56.0,D,610,Deficient
2026-10-01,2026-10-05,CHENGALPATTU,TAMILNADU & PUDUCHERRY & KARAIKAL,TAMIL NADU,0.9,5.8,-84.0,LD,0.9,26.1,-96.0,LD,730,Large Deficient
2026-10-01,2026-10-05,CHENNAI,TAMILNADU & PUDUCHERRY & KARAIKAL,TAMIL NADU,0.0,6.4,-100.0,NR,0.0,30.4,-100.0,NR,568,No Rain
2026-10-01,2026-10-05,COIMBATORE,TAMILNADU & PUDUCHERRY & KARAIKAL,TAMIL NADU,9.9,3.5,182.0,LE,26.2,20.2,30.0,E,569,Excess
2026-10-01,2026-10-05,CUDDALORE,TAMILNADU & PUDUCHERRY & KARAIKAL,TAMIL NADU,0.2,3.9,-96.0,LD,5.9,20.4,-71.0,LD,570,Large Deficient
2026-10-01,2026-10-05,DHARMAPURI,TAMILNADU & PUDUCHERRY & KARAIKAL,TAMIL NADU,0.0,5.1,-100.0,NR,6.9,28.8,-76.0,LD,571,Large Deficient
2026-10-01,2026-10-05,DINDIGUL,TAMILNADU & PUDUCHERRY & KARAIKAL,TAMIL NADU,4.5,3.9,14.0,N,14.5,24.4,-41.0,D,572,Deficient
2026-10-01,2026-10-05,ERODE,TAMILNADU & PUDUCHERRY & KARAIKAL,TAMIL NADU,1.3,3.9,-67.0,LD,9.3,21.5,-57.0,D,573,Deficient
2026-10-01,2026-10-05,KALLAKURICHI,TAMILNADU & PUDUCHERRY & KARAIKAL,TAMIL NADU,0.0,6.4,-100.0,NR,23.6,23.0,3.0,N,729,Normal
2026-10-01,2026-10-05,KANCHEEPURAM,TAMILNADU & PUDUCHERRY & KARAIKAL,TAMIL NADU,2.0,4.8,-58.0,D,2.4,30.8,-92.0,LD,574,Large Deficient
2026-10-01,2026-10-05,KANYAKUMARI,TAMILNADU & PUDUCHERRY & KARAIKAL,TAMIL NADU,6.5,4.9,32.0,E,37.1,28.8,29.0,E,575,Excess
2026-10-01,2026-10-05,KARUR,TAMILNADU & PUDUCHERRY & KARAIKAL,TAMIL NADU,0.0,2.6,-100.0,NR,12.2,15.1,-19.0,N,576,Normal
2026-10-01,2026-10-05,KRISHNAGIRI,TAMILNADU & PUDUCHERRY & KARAIKAL,TAMIL NADU,0.0,5.0,-100.0,NR,15.5,31.2,-50.0,D,577,Deficient
2026-10-01,2026-10-05,MADURAI,TAMILNADU & PUDUCHERRY & KARAIKAL,TAMIL NADU,2.7,4.3,-36.0,D,10.3,21.5,-52.0,D,578,Deficient
2026-10-01,2026-10-05,MAYILADUTHURAI,TAMILNADU & PUDUCHERRY & KARAIKAL,TAMIL NADU,0.0,5.3,-100.0,NR,7.3,18.9,-61.0,LD,735,Large Deficient
2026-10-01,2026-10-05,NAGAPATTINAM,TAMILNADU & PUDUCHERRY & KARAIKAL,TAMIL NADU,0.0,3.6,-100.0,NR,1.0,17.1,-94.0,LD,579,Large Deficient
2026-10-01,2026-10-05,NAMAKKAL,TAMILNADU & PUDUCHERRY & KARAIKAL,TAMIL NADU,4.3,3.4,25.0,E,17.4,18.6,-6.0,N,580,Normal
2026-10-01,2026-10-05,NILGIRIS,TAMILNADU & PUDUCHERRY & KARAIKAL,TAMIL NADU,17.3,4.9,253.0,LE,24.6,27.6,-11.0,N,587,Normal
2026-10-01,2026-10-05,PERAMBALUR,TAMILNADU & PUDUCHERRY & KARAIKAL,TAMIL NADU,0.0,4.3,-100.0,NR,18.9,16.4,15.0,N,581,Normal
2026-10-01,2026-10-05,PUDUKKOTTAI,TAMILNADU & PUDUCHERRY & KARAIKAL,TAMIL NADU,0.2,3.7,-95.0,LD,8.3,17.9,-53.0,D,582,Deficient
2026-10-01,2026-10-05,RAMANATHAPURAM,TAMILNADU & PUDUCHERRY & KARAIKAL,TAMIL NADU,0.3,2.5,-90.0,LD,8.2,15.6,-48.0,D,583,Deficient
2026-10-01,2026-10-05,RANIPET,TAMILNADU & PUDUCHERRY & KARAIKAL,TAMIL NADU,0.0,4.2,-100.0,NR,1.6,22.4,-93.0,LD,731,Large Deficient
2026-10-01,2026-10-05,SALEM,TAMILNADU & PUDUCHERRY & KARAIKAL,TAMIL NADU,0.0,6.0,-100.0,NR,2.0,25.2,-92.0,LD,584,Large Deficient
2026-10-01,2026-10-05,SIVAGANGA,TAMILNADU & PUDUCHERRY & KARAIKAL,TAMIL NADU,1.6,4.3,-63.0,LD,4.5,21.5,-79.0,LD,585,Large Deficient
2026-10-01,2026-10-05,TENKASI,TAMILNADU & PUDUCHERRY & KARAIKAL,TAMIL NADU,5.0,2.7,85.0,LE,24.8,12.6,97.0,LE,733,Large Excess
2026-10-01,2026-10-05,THANJAVUR,TAMILNADU & PUDUCHERRY & KARAIKAL,TAMIL NADU,0.2,3.8,-94.0,LD,6.4,20.4,-69.0,LD,586,Large Deficient
2026-10-01,2026-10-05,THENI,TAMILNADU & PUDUCHERRY & KARAIKAL,TAMIL NADU,7.6,2.9,163.0,LE,22.2,19.8,12.0,N,588,Normal
2026-10-01,2026-10-05,THIRUCHIRAPALLI,TAMILNADU & PUDUCHERRY & KARAIKAL,TAMIL NADU,0.0,4.5,-100.0,NR,8.6,21.7,-60.0,LD,591,Large Deficient
2026-10-01,2026-10-05,THIRUVALLUR,TAMILNADU & PUDUCHERRY & KARAIKAL,TAMIL NADU,0.5,6.0,-91.0,LD,2.2,24.8,-91.0,LD,589,Large Deficient
2026-10-01,2026-10-05,THOOTHUKUDI,TAMILNADU & PUDUCHERRY & KARAIKAL,TAMIL NADU,3.4,1.3,161.0,LE,10.4,8.4,23.0,E,594,Excess
2026-10-01,2026-10-05,TIRUNELVELI,TAMILNADU & PUDUCHERRY & KARAIKAL,TAMIL NADU,3.7,1.4,166.0,LE,22.8,9.4,142.0,LE,592,Large Excess
2026-10-01,2026-10-05,TIRUPATTUR,TAMILNADU & PUDUCHERRY & KARAIKAL,TAMIL NADU,0.0,4.9,-100.0,NR,7.1,24.9,-71.0,LD,732,Large Deficient
2026-10-01,2026-10-05,TIRUPPUR,TAMILNADU & PUDUCHERRY & KARAIKAL,TAMIL NADU,5.1,3.4,51.0,E,10.4,19.0,-45.0,D,634,Deficient
2026-10-01,2026-10-05,TIRUVANNAMALAI,TAMILNADU & PUDUCHERRY & KARAIKAL,TAMIL NADU,0.0,5.0,-100.0,NR,18.2,25.8,-29.0,D,593,Deficient
2026-10-01,2026-10-05,TIRUVARUR,TAMILNADU & PUDUCHERRY & KARAIKAL,TAMIL NADU,0.4,4.9,-93.0,LD,5.0,20.9,-76.0,LD,590,Large Deficient
2026-10-01,2026-10-05,VELLORE,TAMILNADU & PUDUCHERRY & KARAIKAL,TAMIL NADU,0.1,4.4,-97.0,LD,6.8,23.0,-71.0,LD,595,Large Deficient
2026-10-01,2026-10-05,VILLUPURAM,TAMILNADU & PUDUCHERRY & KARAIKAL,TAMIL NADU,0.0,6.4,-100.0,NR,7.2,25.2,-71.0,LD,596,Large Deficient
2026-10-01,2026-10-05,VIRUDHUNAGAR,TAMILNADU & PUDUCHERRY & KARAIKAL,TAMIL NADU,0.9,3.1,-71.0,LD,24.2,16.1,50.0,E,597,Excess
2026-10-01,2026-10-05,KARAIKAL,TAMILNADU & PUDUCHERRY & KARAIKAL,PUDUCHERRY,0.0,3.4,-100.0,NR,26.2,17.9,46.0,E,598,Excess
2026-10-01,2026-10-05,PUDUCHERRY,TAMILNADU & PUDUCHERRY & KARAIKAL,PUDUCHERRY,0.0,17.2,-100.0,NR,0.0,38.4,-100.0,NR,600,No Rain
2026-10-01,2026-10-05,BAGALKOTE,NORTHERN INTERIOR KARNATAKA,KARNATAKA,0.0,4.0,-100.0,NR,0.0,31.1,-100.0,NR,524,No Rain
2026-10-01,2026-10-05,BELAGAVI,NORTHERN INTERIOR KARNATAKA,KARNATAKA,0.0,5.0,-100.0,NR,3.3,30.4,-89.0,LD,527,Large Deficient
2026-10-01,2026-10-05,BIDAR,NORTHERN INTERIOR KARNATAKA,KARNATAKA,0.0,2.5,-100.0,NR,0.0,27.5,-100.0,NR,529,No Rain
2026-10-01,2026-10-05,DHARWAD,NORTHERN INTERIOR KARNATAKA,KARNATAKA,0.0,4.3,-100.0,NR,14.7,30.3,-51.0,D,536,Deficient
2026-10-01,2026-10-05,GADAG,NORTHERN INTERIOR KARNATAKA,KARNATAKA,0.0,4.9,-100.0,NR,4.1,30.2,-87.0,LD,537,Large Deficient
2026-10-01,2026-10-05,HAVERI,NORTHERN INTERIOR KARNATAKA,KARNATAKA,7.4,4.4,67.0,LE,10.4,30.2,-66.0,LD,540,Large Deficient
2026-10-01,2026-10-05,KALABURAGI,NORTHERN INTERIOR KARNATAKA,KARNATAKA,0.0,3.0,-100.0,NR,0.0,29.0,-100.0,NR,538,No Rain
2026-10-01,2026-10-05,KOPPAL,NORTHERN INTERIOR KARNATAKA,KARNATAKA,0.0,4.1,-100.0,NR,0.0,31.4,-100.0,NR,543,No Rain
2026-10-01,2026-10-05,RAICHUR,NORTHERN INTERIOR KARNATAKA,KARNATAKA,0.0,4.1,-100.0,NR,0.0,32.5,-100.0,NR,546,No Rain
2026-10-01,2026-10-05,VIJAYAPURA,NORTHERN INTERIOR KARNATAKA,KARNATAKA,0.1,4.3,-98.0,LD,0.3,32.5,-99.0,LD,530,Large Deficient
2026-10-01,2026-10-05,YADGIR,NORTHERN INTERIOR KARNATAKA,KARNATAKA,0.0,4.4,-100.0,NR,0.0,28.1,-100.0,NR,635,No Rain
2026-10-01,2026-10-05,BALLARI,SOUTHERN INTERIOR KARNATAKA,KARNATAKA,0.0,3.9,-100.0,NR,0.0,30.6,-100.0,NR,528,No Rain
2026-10-01,2026-10-05,BENGALURU RURAL,SOUTHERN INTERIOR KARNATAKA,KARNATAKA,0.0,6.5,-100.0,NR,21.3,31.8,-33.0,D,526,Deficient
2026-10-01,2026-10-05,BENGALURU URBAN,SOUTHERN INTERIOR KARNATAKA,KARNATAKA,0.0,5.9,-100.0,NR,9.2,31.3,-71.0,LD,525,Large Deficient
2026-10-01,2026-10-05,CHAMARAJANAGAR,SOUTHERN INTERIOR KARNATAKA,KARNATAKA,6.8,5.7,20.0,E,20.7,32.8,-37.0,D,531,Deficient
2026-10-01,2026-10-05,CHIKABALLAPURA,SOUTHERN INTERIOR KARNATAKA,KARNATAKA,17.3,6.4,170.0,LE,17.3,32.0,-46.0,D,630,Deficient
2026-10-01,2026-10-05,CHIKKAMAGALURU,SOUTHERN INTERIOR KARNATAKA,KARNATAKA,26.2,7.6,245.0,LE,28.7,37.2,-23.0,D,532,Deficient
2026-10-01,2026-10-05,CHITRADURGA,SOUTHERN INTERIOR KARNATAKA,KARNATAKA,0.0,5.1,-100.0,NR,0.0,27.2,-100.0,NR,533,No Rain
2026-10-01,2026-10-05,DAVANGERE,SOUTHERN INTERIOR KARNATAKA,KARNATAKA,0.0,5.4,-100.0,NR,1.1,31.1,-96.0,LD,535,Large Deficient
2026-10-01,2026-10-05,HASSAN,SOUTHERN INTERIOR KARNATAKA,KARNATAKA,7.0,5.2,34.0,E,31.7,29.3,8.0,N,539,Normal
2026-10-01,2026-10-05,KODAGU,SOUTHERN INTERIOR KARNATAKA,KARNATAKA,4.3,6.6,-35.0,D,23.0,40.8,-44.0,D,541,Deficient
2026-10-01,2026-10-05,KOLAR,SOUTHERN INTERIOR KARNATAKA,KARNATAKA,0.0,5.7,-100.0,NR,6.5,30.8,-79.0,LD,542,Large Deficient
2026-10-01,2026-10-05,MANDYA,SOUTHERN INTERIOR KARNATAKA,KARNATAKA,0.4,5.4,-93.0,LD,6.8,28.7,-76.0,LD,544,Large Deficient
2026-10-01,2026-10-05,MYSURU,SOUTHERN INTERIOR KARNATAKA,KARNATAKA,0.0,4.2,-100.0,NR,7.5,24.1,-69.0,LD,545,Large Deficient
2026-10-01,2026-10-05,RAMANAGARA,SOUTHERN INTERIOR KARNATAKA,KARNATAKA,0.0,5.6,-100.0,NR,0.0,37.0,-100.0,NR,631,No Rain
2026-10-01,2026-10-05,SHIVAMOGGA,SOUTHERN INTERIOR KARNATAKA,KARNATAKA,1.8,7.4,-76.0,LD,5.0,35.9,-86.0,LD,547,Large Deficient
2026-10-01,2026-10-05,TUMAKURU,SOUTHERN INTERIOR KARNATAKA,KARNATAKA,0.4,7.5,-95.0,LD,0.4,32.6,-99.0,LD,548,Large Deficient
2026-10-01,2026-10-05,VIJAYANAGARA,SOUTHERN INTERIOR KARNATAKA,KARNATAKA,0.0,3.7,-100.0,NR,0.9,30.4,-97.0,LD,738,Large Deficient
2026-10-01,2026-10-05,DAKSHINA KANNADA,COASTAL KARNATAKA,KARNATAKA,47.4,11.7,305.0,LE,76.9,59.7,29.0,E,534,Excess
2026-10-01,2026-10-05,UDUPI,COASTAL KARNATAKA,KARNATAKA,18.0,12.1,49.0,E,18.3,61.6,-70.0,LD,549,Large Deficient
2026-10-01,2026-10-05,UTTARA KANNADA,COASTAL KARNATAKA,KARNATAKA,1.8,7.1,-75.0,LD,5.7,45.0,-87.0,LD,550,Large Deficient
2026-10-01,2026-10-05,ALAPUZHA,KERALA & MAHE,KERALA,17.4,8.7,100.0,LE,38.1,48.3,-21.0,D,554,Deficient
2026-10-01,2026-10-05,ERNAKULAM,KERALA & MAHE,KERALA,12.1,11.3,7.0,N,32.1,51.4,-38.0,D,555,Deficient
2026-10-01,2026-10-05,IDUKKI,KERALA & MAHE,KERALA,23.7,10.7,121.0,LE,46.4,62.4,-26.0,D,556,Deficient
2026-10-01,2026-10-05,KANNUR,KERALA & MAHE,KERALA,8.1,8.4,-4.0,N,16.4,45.3,-64.0,LD,557,Large Deficient
2026-10-01,2026-10-05,KASARGOD,KERALA & MAHE,KERALA,20.1,7.7,161.0,LE,31.6,42.6,-26.0,D,558,Deficient
2026-10-01,2026-10-05,KOLLAM,KERALA & MAHE,KERALA,17.3,11.0,57.0,E,43.4,54.6,-21.0,D,559,Deficient
2026-10-01,2026-10-05,KOTTAYAM,KERALA & MAHE,KERALA,11.2,9.5,18.0,N,45.9,49.7,-8.0,N,560,Normal
2026-10-01,2026-10-05,KOZHIKODE,KERALA & MAHE,KERALA,37.3,7.1,425.0,LE,40.9,54.4,-25.0,D,561,Deficient
2026-10-01,2026-10-05,MALAPPURAM,KERALA & MAHE,KERALA,25.7,6.1,322.0,LE,27.4,46.0,-41.0,D,562,Deficient
2026-10-01,2026-10-05,PALAKKAD,KERALA & MAHE,KERALA,20.4,4.7,334.0,LE,30.2,34.2,-12.0,N,563,Normal
2026-10-01,2026-10-05,PATHANAMTHITTA,KERALA & MAHE,KERALA,31.9,9.3,242.0,LE,83.3,54.4,53.0,E,564,Excess
2026-10-01,2026-10-05,THIRUVANANTHAPURAM,KERALA & MAHE,KERALA,5.3,5.7,-6.0,N,31.4,35.1,-10.0,N,565,Normal
2026-10-01,2026-10-05,THRISSUR,KERALA & MAHE,KERALA,25.9,11.5,125.0,LE,47.4,57.8,-18.0,N,566,Normal
2026-10-01,2026-10-05,WYNAD,KERALA & MAHE,KERALA,2.3,6.8,-66.0,LD,6.6,39.6,-83.0,LD,567,Large Deficient
2026-10-01,2026-10-05,MAHE,KERALA & MAHE,PUDUCHERRY,,9.4,,ND,,44.1,,ND,599,
2026-10-01,2026-10-05,LAKSHADWEEP,LAKSHADWEEP,LAKSHADWEEP,0.1,4.6,-99.0,LD,28.2,25.5,11.0,N,553,Normal
