period_start,period_end,state,imd_name,dist_lgd,period_dep_pct,category,source
2026-06-01,2026-09-30,TELANGANA,ADILABAD,501.0,-27,Deficient,IMD week-by-week cumulative table (departure only)
2026-06-01,2026-09-30,MADHYA PRADESH,AGAR-MALWA,667.0,8,Normal,IMD week-by-week cumulative table (departure only)
2026-06-01,2026-09-30,UTTAR PRADESH,AGRA,118.0,-1,Normal,IMD week-by-week cumulative table (departure only)
2026-06-01,2026-09-30,GUJARAT,AHMEDABAD,438.0,1,Normal,IMD week-by-week cumulative table (departure only)
2026-06-01,2026-09-30,MAHARASHTRA,AHMEDNAGAR,466.0,-47,Deficient,IMD week-by-week cumulative table (departure only)
2026-06-01,2026-09-30,MIZORAM,AIZAWL,261.0,-12,Normal,IMD week-by-week cumulative table (departure only)
2026-06-01,2026-09-30,RAJASTHAN,AJMER,86.0,-18,Normal,IMD week-by-week cumulative table (departure only)
2026-06-01,2026-09-30,MAHARASHTRA,AKOLA,467.0,-41,Deficient,IMD week-by-week cumulative table (departure only)
2026-06-01,2026-09-30,KERALA,ALAPUZHA,554.0,-33,Deficient,IMD week-by-week cumulative table (departure only)
2026-06-01,2026-09-30,UTTAR PRADESH,ALIGARH,119.0,-43,Deficient,IMD week-by-week cumulative table (departure only)
2026-06-01,2026-09-30,WEST BENGAL,ALIPURDUAR,664.0,-14,Normal,IMD week-by-week cumulative table (departure only)
2026-06-01,2026-09-30,MADHYA PRADESH,ALIRAJPUR,639.0,-45,Deficient,IMD week-by-week cumulative table (departure only)
2026-06-01,2026-09-30,UTTARAKHAND,ALMORA,45.0,35,Excess,IMD week-by-week cumulative table (departure only)
2026-06-01,2026-09-30,RAJASTHAN,ALWAR,87.0,-7,Normal,IMD week-by-week cumulative table (departure only)
2026-06-01,2026-09-30,HARYANA,AMBALA,58.0,-48,Deficient,IMD week-by-week cumulative table (departure only)
2026-06-01,2026-09-30,UTTAR PRADESH,AMBEDKAR NAGAR,121.0,0,Normal,IMD week-by-week cumulative table (departure only)
2026-06-01,2026-09-30,UTTAR PRADESH,AMETHI,640.0,-36,Deficient,IMD week-by-week cumulative table (departure only)
2026-06-01,2026-09-30,MAHARASHTRA,AMRAOTI,468.0,-43,Deficient,IMD week-by-week cumulative table (departure only)
2026-06-01,2026-09-30,GUJARAT,AMRELI,439.0,0,Normal,IMD week-by-week cumulative table (departure only)
2026-06-01,2026-09-30,PUNJAB,AMRITSAR,27.0,-19,Normal,IMD week-by-week cumulative table (departure only)
2026-06-01,2026-09-30,UTTAR PRADESH,AMROHA,154.0,1,Normal,IMD week-by-week cumulative table (departure only)
2026-06-01,2026-09-30,ANDHRA PRADESH,ANAKAPALLI,744.0,-9,Normal,IMD week-by-week cumulative table (departure only)
2026-06-01,2026-09-30,GUJARAT,ANAND,440.0,9,Normal,IMD week-by-week cumulative table (departure only)
2026-06-01,2026-09-30,ANDHRA PRADESH,ANANTAPURAMU,502.0,-24,Deficient,IMD week-by-week cumulative table (departure only)
2026-06-01,2026-09-30,JAMMU & KASHMIR,ANANTNAG,1.0,1,Normal,IMD week-by-week cumulative table (departure only)
2026-06-01,2026-09-30,ODISHA,ANGUL,344.0,21,Excess,IMD week-by-week cumulative table (departure only)
2026-06-01,2026-09-30,ARUNACHAL PRADESH,ANJAW,628.0,-89,Large Deficient,IMD week-by-week cumulative table (departure only)
2026-06-01,2026-09-30,ANDHRA PRADESH,ANNAMAYYA DISTRICT,753.0,-59,Deficient,IMD week-by-week cumulative table (departure only)
2026-06-01,2026-09-30,MADHYA PRADESH,ANUPPUR,390.0,17,Normal,IMD week-by-week cumulative table (departure only)
2026-06-01,2026-09-30,BIHAR,ARARIA,188.0,-35,Deficient,IMD week-by-week cumulative table (departure only)
2026-06-01,2026-09-30,GUJARAT,ARAVALLI,672.0,-36,Deficient,IMD week-by-week cumulative table (departure only)
2026-06-01,2026-09-30,TAMIL NADU,ARIYALUR,610.0,-9,Normal,IMD week-by-week cumulative table (departure only)
2026-06-01,2026-09-30,BIHAR,ARWAL,611.0,-22,Deficient,IMD week-by-week cumulative table (departure only)
2026-06-01,2026-09-30,MADHYA PRADESH,ASHOKNAGAR,391.0,-9,Normal,IMD week-by-week cumulative table (departure only)
2026-06-01,2026-09-30,UTTAR PRADESH,AURAIYA,122.0,25,Excess,IMD week-by-week cumulative table (departure only)
2026-06-01,2026-09-30,BIHAR,AURANGABAD,189.0,4,Normal,IMD week-by-week cumulative table (departure only)
2026-06-01,2026-09-30,UTTAR PRADESH,AYODHYA,140.0,-6,Normal,IMD week-by-week cumulative table (departure only)
2026-06-01,2026-09-30,UTTAR PRADESH,AZAMGARH,123.0,-15,Normal,IMD week-by-week cumulative table (departure only)
2026-06-01,2026-09-30,UTTAR PRADESH,BADAUN,133.0,16,Normal,IMD week-by-week cumulative table (departure only)
2026-06-01,2026-09-30,JAMMU & KASHMIR,BADGAM,2.0,-34,Deficient,IMD week-by-week cumulative table (departure only)
2026-06-01,2026-09-30,KARNATAKA,BAGALKOTE,524.0,-21,Deficient,IMD week-by-week cumulative table (departure only)
2026-06-01,2026-09-30,UTTARAKHAND,BAGESHWAR,46.0,163,Large Excess,IMD week-by-week cumulative table (departure only)
2026-06-01,2026-09-30,UTTAR PRADESH,BAGHPAT,124.0,1,Normal,IMD week-by-week cumulative table (departure only)
2026-06-01,2026-09-30,UTTAR PRADESH,BAHRAICH,125.0,36,Excess,IMD week-by-week cumulative table (departure only)
2026-06-01,2026-09-30,ASSAM,BAJALI,739.0,-50,Deficient,IMD week-by-week cumulative table (departure only)
2026-06-01,2026-09-30,ASSAM,BAKSA,616.0,-25,Deficient,IMD week-by-week cumulative table (departure only)
2026-06-01,2026-09-30,MADHYA PRADESH,BALAGHAT,392.0,-6,Normal,IMD week-by-week cumulative table (departure only)
2026-06-01,2026-09-30,ODISHA,BALANGIR,345.0,26,Excess,IMD week-by-week cumulative table (departure only)
2026-06-01,2026-09-30,ODISHA,BALASORE,346.0,56,Excess,IMD week-by-week cumulative table (departure only)
2026-06-01,2026-09-30,KARNATAKA,BALLARI,528.0,-38,Deficient,IMD week-by-week cumulative table (departure only)
2026-06-01,2026-09-30,UTTAR PRADESH,BALLIA,126.0,-12,Normal,IMD week-by-week cumulative table (departure only)
2026-06-01,2026-09-30,CHHATTISGARH,BALOD,646.0,28,Excess,IMD week-by-week cumulative table (departure only)
2026-06-01,2026-09-30,CHHATTISGARH,BALODA BAZAR,644.0,21,Excess,IMD week-by-week cumulative table (departure only)
2026-06-01,2026-09-30,GUJARAT,BANASKANTHA,441.0,-26,Deficient,IMD week-by-week cumulative table (departure only)
2026-06-01,2026-09-30,UTTAR PRADESH,BANDA,128.0,77,Large Excess,IMD week-by-week cumulative table (departure only)
2026-06-01,2026-09-30,JAMMU & KASHMIR,BANDIPORA,623.0,-1,Normal,IMD week-by-week cumulative table (departure only)
2026-06-01,2026-09-30,BIHAR,BANKA,190.0,-24,Deficient,IMD week-by-week cumulative table (departure only)
2026-06-01,2026-09-30,WEST BENGAL,BANKURA,305.0,11,Normal,IMD week-by-week cumulative table (departure only)
2026-06-01,2026-09-30,RAJASTHAN,BANSWARA,88.0,-41,Deficient,IMD week-by-week cumulative table (departure only)
2026-06-01,2026-09-30,ANDHRA PRADESH,BAPATLA,750.0,-41,Deficient,IMD week-by-week cumulative table (departure only)
2026-06-01,2026-09-30,UTTAR PRADESH,BARABANKI,129.0,14,Normal,IMD week-by-week cumulative table (departure only)
2026-06-01,2026-09-30,JAMMU & KASHMIR,BARAMULA,3.0,47,Excess,IMD week-by-week cumulative table (departure only)
2026-06-01,2026-09-30,RAJASTHAN,BARAN,89.0,-18,Normal,IMD week-by-week cumulative table (departure only)
2026-06-01,2026-09-30,UTTAR PRADESH,BAREILLY,130.0,26,Excess,IMD week-by-week cumulative table (departure only)
2026-06-01,2026-09-30,ODISHA,BARGARH,347.0,43,Excess,IMD week-by-week cumulative table (departure only)
2026-06-01,2026-09-30,RAJASTHAN,BARMER,90.0,-27,Deficient,IMD week-by-week cumulative table (departure only)
2026-06-01,2026-09-30,PUNJAB,BARNALA,605.0,-63,Large Deficient,IMD week-by-week cumulative table (departure only)
2026-06-01,2026-09-30,ASSAM,BARPETA,280.0,-40,Deficient,IMD week-by-week cumulative table (departure only)
2026-06-01,2026-09-30,MADHYA PRADESH,BARWANI,393.0,-11,Normal,IMD week-by-week cumulative table (departure only)
2026-06-01,2026-09-30,CHHATTISGARH,BASTAR,374.0,17,Normal,IMD week-by-week cumulative table (departure only)
2026-06-01,2026-09-30,UTTAR PRADESH,BASTI,131.0,-5,Normal,IMD week-by-week cumulative table (departure only)
2026-06-01,2026-09-30,MAHARASHTRA,BEED,470.0,-49,Deficient,IMD week-by-week cumulative table (departure only)
2026-06-01,2026-09-30,BIHAR,BEGUSARAI,191.0,-32,Deficient,IMD week-by-week cumulative table (departure only)
2026-06-01,2026-09-30,KARNATAKA,BELAGAVI,527.0,2,Normal,IMD week-by-week cumulative table (departure only)
2026-06-01,2026-09-30,CHHATTISGARH,BEMETARA,650.0,-36,Deficient,IMD week-by-week cumulative table (departure only)
2026-06-01,2026-09-30,KARNATAKA,BENGALURU RURAL,526.0,-17,Normal,IMD week-by-week cumulative table (departure only)
2026-06-01,2026-09-30,KARNATAKA,BENGALURU URBAN,525.0,-42,Deficient,IMD week-by-week cumulative table (departure only)
2026-06-01,2026-09-30,MADHYA PRADESH,BETUL,394.0,-31,Deficient,IMD week-by-week cumulative table (departure only)
2026-06-01,2026-09-30,BIHAR,BHABUA,200.0,-38,Deficient,IMD week-by-week cumulative table (departure only)
2026-06-01,2026-09-30,UTTAR PRADESH,BHADOHI,179.0,-61,Large Deficient,IMD week-by-week cumulative table (departure only)
2026-06-01,2026-09-30,ODISHA,BHADRAK,348.0,37,Excess,IMD week-by-week cumulative table (departure only)
2026-06-01,2026-09-30,BIHAR,BHAGALPUR,192.0,-47,Deficient,IMD week-by-week cumulative table (departure only)
2026-06-01,2026-09-30,MAHARASHTRA,BHANDARA,471.0,-16,Normal,IMD week-by-week cumulative table (departure only)
2026-06-01,2026-09-30,RAJASTHAN,BHARATPUR,91.0,25,Excess,IMD week-by-week cumulative table (departure only)
2026-06-01,2026-09-30,GUJARAT,BHARUCH,442.0,27,Excess,IMD week-by-week cumulative table (departure only)
2026-06-01,2026-09-30,PUNJAB,BHATINDA,28.0,-55,Deficient,IMD week-by-week cumulative table (departure only)
2026-06-01,2026-09-30,GUJARAT,BHAVNAGAR,443.0,10,Normal,IMD week-by-week cumulative table (departure only)
2026-06-01,2026-09-30,RAJASTHAN,BHILWARA,92.0,-30,Deficient,IMD week-by-week cumulative table (departure only)
2026-06-01,2026-09-30,MADHYA PRADESH,BHIND,395.0,36,Excess,IMD week-by-week cumulative table (departure only)
2026-06-01,2026-09-30,HARYANA,BHIWANI,59.0,-8,Normal,IMD week-by-week cumulative table (departure only)
2026-06-01,2026-09-30,BIHAR,BHOJPUR,193.0,-33,Deficient,IMD week-by-week cumulative table (departure only)
2026-06-01,2026-09-30,MADHYA PRADESH,BHOPAL,396.0,9,Normal,IMD week-by-week cumulative table (departure only)
2026-06-01,2026-09-30,KARNATAKA,BIDAR,529.0,-24,Deficient,IMD week-by-week cumulative table (departure only)
2026-06-01,2026-09-30,CHHATTISGARH,BIJAPUR,636.0,11,Normal,IMD week-by-week cumulative table (departure only)
2026-06-01,2026-09-30,UTTAR PRADESH,BIJNOR,132.0,45,Excess,IMD week-by-week cumulative table (departure only)
2026-06-01,2026-09-30,RAJASTHAN,BIKANER,93.0,-4,Normal,IMD week-by-week cumulative table (departure only)
2026-06-01,2026-09-30,WEST BENGAL,BIRBHUM,307.0,-14,Normal,IMD week-by-week cumulative table (departure only)
2026-06-01,2026-09-30,MANIPUR,BISHNUPUR,252.0,-63,Large Deficient,IMD week-by-week cumulative table (departure only)
2026-06-01,2026-09-30,TELANGANA,B. KOTHAGUDEM,690.0,-21,Deficient,IMD week-by-week cumulative table (departure only)
2026-06-01,2026-09-30,JHARKHAND,BOKARO,322.0,-3,Normal,IMD week-by-week cumulative table (departure only)
2026-06-01,2026-09-30,ASSAM,BONGAIGAON,281.0,-59,Deficient,IMD week-by-week cumulative table (departure only)
2026-06-01,2026-09-30,GUJARAT,BOTAD,676.0,3,Normal,IMD week-by-week cumulative table (departure only)
2026-06-01,2026-09-30,ODISHA,BOUDH,349.0,70,Large Excess,IMD week-by-week cumulative table (departure only)
2026-06-01,2026-09-30,UTTAR PRADESH,BULANDSHAHAR,134.0,-5,Normal,IMD week-by-week cumulative table (departure only)
2026-06-01,2026-09-30,MAHARASHTRA,BULDHANA,472.0,-21,Deficient,IMD week-by-week cumulative table (departure only)
2026-06-01,2026-09-30,RAJASTHAN,BUNDI,94.0,-10,Normal,IMD week-by-week cumulative table (departure only)
2026-06-01,2026-09-30,MADHYA PRADESH,BURHANPUR,397.0,5,Normal,IMD week-by-week cumulative table (departure only)
2026-06-01,2026-09-30,BIHAR,BUXAR,194.0,-5,Normal,IMD week-by-week cumulative table (departure only)
2026-06-01,2026-09-30,ASSAM,CACHAR,282.0,-11,Normal,IMD week-by-week cumulative table (departure only)
2026-06-01,2026-09-30,DELHI,CENTRAL DELHI,77.0,16,Normal,IMD week-by-week cumulative table (departure only)
2026-06-01,2026-09-30,HIMACHAL PRADESH,CHAMBA,16.0,-17,Normal,IMD week-by-week cumulative table (departure only)
2026-06-01,2026-09-30,UTTARAKHAND,CHAMOLI,47.0,75,Large Excess,IMD week-by-week cumulative table (departure only)
2026-06-01,2026-09-30,UTTARAKHAND,CHAMPAWAT,48.0,-16,Normal,IMD week-by-week cumulative table (departure only)
2026-06-01,2026-09-30,MIZORAM,CHAMPHAI,262.0,-30,Deficient,IMD week-by-week cumulative table (departure only)
2026-06-01,2026-09-30,UTTAR PRADESH,CHANDAULI,135.0,-19,Normal,IMD week-by-week cumulative table (departure only)
2026-06-01,2026-09-30,MANIPUR,CHANDEL,253.0,-55,Deficient,IMD week-by-week cumulative table (departure only)
2026-06-01,2026-09-30,CHANDIGARH,CHANDIGARH,44.0,-14,Normal,IMD week-by-week cumulative table (departure only)
2026-06-01,2026-09-30,MAHARASHTRA,CHANDRAPUR,473.0,-33,Deficient,IMD week-by-week cumulative table (departure only)
2026-06-01,2026-09-30,ARUNACHAL PRADESH,CHANGLANG,229.0,-24,Deficient,IMD week-by-week cumulative table (departure only)
2026-06-01,2026-09-30,ASSAM,CHARAIDEO,708.0,18,Normal,IMD week-by-week cumulative table (departure only)
2026-06-01,2026-09-30,HARYANA,CHARKHI DADRI,701.0,-13,Normal,IMD week-by-week cumulative table (departure only)
2026-06-01,2026-09-30,JHARKHAND,CHATRA,323.0,-27,Deficient,IMD week-by-week cumulative table (departure only)
2026-06-01,2026-09-30,TAMIL NADU,CHENGALPATTU,730.0,-49,Deficient,IMD week-by-week cumulative table (departure only)
2026-06-01,2026-09-30,TAMIL NADU,CHENNAI,568.0,-18,Normal,IMD week-by-week cumulative table (departure only)
2026-06-01,2026-09-30,MADHYA PRADESH,CHHATARPUR,398.0,17,Normal,IMD week-by-week cumulative table (departure only)
2026-06-01,2026-09-30,MAHARASHTRA,CHHATRAPATI SAMBHAJINAGAR,469.0,-19,Normal,IMD week-by-week cumulative table (departure only)
2026-06-01,2026-09-30,MADHYA PRADESH,CHHINDWARA,399.0,-21,Deficient,IMD week-by-week cumulative table (departure only)
2026-06-01,2026-09-30,GUJARAT,CHHOTA UDEPUR,668.0,-30,Deficient,IMD week-by-week cumulative table (departure only)
2026-06-01,2026-09-30,ASSAM,CHIRANG,612.0,-44,Deficient,IMD week-by-week cumulative table (departure only)
2026-06-01,2026-09-30,KARNATAKA,CHITRADURGA,533.0,-34,Deficient,IMD week-by-week cumulative table (departure only)
2026-06-01,2026-09-30,UTTAR PRADESH,CHITRAKOOT,136.0,76,Large Excess,IMD week-by-week cumulative table (departure only)
2026-06-01,2026-09-30,ANDHRA PRADESH,CHITTOOR,503.0,-36,Deficient,IMD week-by-week cumulative table (departure only)
2026-06-01,2026-09-30,RAJASTHAN,CHITTORGARH,95.0,-24,Deficient,IMD week-by-week cumulative table (departure only)
2026-06-01,2026-09-30,RAJASTHAN,CHURU,96.0,-11,Normal,IMD week-by-week cumulative table (departure only)
2026-06-01,2026-09-30,TAMIL NADU,COIMBATORE,569.0,2,Normal,IMD week-by-week cumulative table (departure only)
2026-06-01,2026-09-30,WEST BENGAL,COOCH BEHAR,308.0,-15,Normal,IMD week-by-week cumulative table (departure only)
2026-06-01,2026-09-30,TAMIL NADU,CUDDALORE,570.0,-9,Normal,IMD week-by-week cumulative table (departure only)
2026-06-01,2026-09-30,ODISHA,CUTTACK,350.0,39,Excess,IMD week-by-week cumulative table (departure only)
2026-06-01,2026-09-30,DADRA & NAGAR HAVELI AND DAMAN & DIU,DADARA & NAGAR HAVELI,465.0,38,Excess,IMD week-by-week cumulative table (departure only)
2026-06-01,2026-09-30,GUJARAT,DAHOD,445.0,-41,Deficient,IMD week-by-week cumulative table (departure only)
2026-06-01,2026-09-30,KARNATAKA,DAKSHINA KANNADA,534.0,-24,Deficient,IMD week-by-week cumulative table (departure only)
2026-06-01,2026-09-30,DADRA & NAGAR HAVELI AND DAMAN & DIU,DAMAN,463.0,23,Excess,IMD week-by-week cumulative table (departure only)
2026-06-01,2026-09-30,MADHYA PRADESH,DAMOH,400.0,-3,Normal,IMD week-by-week cumulative table (departure only)
2026-06-01,2026-09-30,GUJARAT,DANGS,444.0,13,Normal,IMD week-by-week cumulative table (departure only)
2026-06-01,2026-09-30,CHHATTISGARH,DANTEWADA,376.0,-4,Normal,IMD week-by-week cumulative table (departure only)
2026-06-01,2026-09-30,BIHAR,DARBHANGA,195.0,-44,Deficient,IMD week-by-week cumulative table (departure only)
2026-06-01,2026-09-30,WEST BENGAL,DARJEELING,309.0,-21,Deficient,IMD week-by-week cumulative table (departure only)
2026-06-01,2026-09-30,ASSAM,DARRANG,283.0,-46,Deficient,IMD week-by-week cumulative table (departure only)
2026-06-01,2026-09-30,MADHYA PRADESH,DATIA,401.0,8,Normal,IMD week-by-week cumulative table (departure only)
2026-06-01,2026-09-30,RAJASTHAN,DAUSA,97.0,9,Normal,IMD week-by-week cumulative table (departure only)
2026-06-01,2026-09-30,KARNATAKA,DAVANGERE,535.0,-16,Normal,IMD week-by-week cumulative table (departure only)
2026-06-01,2026-09-30,UTTARAKHAND,DEHRADUN,49.0,-1,Normal,IMD week-by-week cumulative table (departure only)
2026-06-01,2026-09-30,ODISHA,DEOGARH,351.0,35,Excess,IMD week-by-week cumulative table (departure only)
2026-06-01,2026-09-30,JHARKHAND,DEOGHAR,324.0,-30,Deficient,IMD week-by-week cumulative table (departure only)
2026-06-01,2026-09-30,UTTAR PRADESH,DEORIA,137.0,-67,Large Deficient,IMD week-by-week cumulative table (departure only)
2026-06-01,2026-09-30,GUJARAT,DEVBHOOMI DWARKA,674.0,-73,Large Deficient,IMD week-by-week cumulative table (departure only)
2026-06-01,2026-09-30,MADHYA PRADESH,DEWAS,402.0,-13,Normal,IMD week-by-week cumulative table (departure only)
2026-06-01,2026-09-30,TRIPURA,DHALAI,269.0,-13,Normal,IMD week-by-week cumulative table (departure only)
2026-06-01,2026-09-30,CHHATTISGARH,DHAMTARI,377.0,23,Excess,IMD week-by-week cumulative table (departure only)
2026-06-01,2026-09-30,JHARKHAND,DHANBAD,325.0,3,Normal,IMD week-by-week cumulative table (departure only)
2026-06-01,2026-09-30,MADHYA PRADESH,DHAR,403.0,-40,Deficient,IMD week-by-week cumulative table (departure only)
2026-06-01,2026-09-30,MAHARASHTRA,DHARASHIV,488.0,-45,Deficient,IMD week-by-week cumulative table (departure only)
2026-06-01,2026-09-30,TAMIL NADU,DHARMAPURI,571.0,-17,Normal,IMD week-by-week cumulative table (departure only)
2026-06-01,2026-09-30,KARNATAKA,DHARWAD,536.0,-51,Deficient,IMD week-by-week cumulative table (departure only)
2026-06-01,2026-09-30,ASSAM,DHEMAJI,284.0,-2,Normal,IMD week-by-week cumulative table (departure only)
2026-06-01,2026-09-30,ODISHA,DHENKANAL,352.0,47,Excess,IMD week-by-week cumulative table (departure only)
2026-06-01,2026-09-30,RAJASTHAN,DHOLPUR,98.0,26,Excess,IMD week-by-week cumulative table (departure only)
2026-06-01,2026-09-30,ASSAM,DHUBRI,285.0,-39,Deficient,IMD week-by-week cumulative table (departure only)
2026-06-01,2026-09-30,MAHARASHTRA,DHULE,474.0,-19,Normal,IMD week-by-week cumulative table (departure only)
2026-06-01,2026-09-30,ASSAM,DIBRUGARH,286.0,-26,Deficient,IMD week-by-week cumulative table (departure only)
2026-06-01,2026-09-30,ASSAM,DIMA HASAO,299.0,-45,Deficient,IMD week-by-week cumulative table (departure only)
2026-06-01,2026-09-30,NAGALAND,DIMAPUR,244.0,-5,Normal,IMD week-by-week cumulative table (departure only)
2026-06-01,2026-09-30,TAMIL NADU,DINDIGUL,572.0,-6,Normal,IMD week-by-week cumulative table (departure only)
2026-06-01,2026-09-30,MADHYA PRADESH,DINDORI,404.0,0,Normal,IMD week-by-week cumulative table (departure only)
2026-06-01,2026-09-30,DADRA & NAGAR HAVELI AND DAMAN & DIU,DIU,464.0,19,Normal,IMD week-by-week cumulative table (departure only)
2026-06-01,2026-09-30,JAMMU & KASHMIR,DODA,4.0,-10,Normal,IMD week-by-week cumulative table (departure only)
2026-06-01,2026-09-30,ANDHRA PRADESH,DR B R AMBEDKAR KONASEEMA,747.0,5,Normal,IMD week-by-week cumulative table (departure only)
2026-06-01,2026-09-30,JHARKHAND,DUMKA,326.0,1,Normal,IMD week-by-week cumulative table (departure only)
2026-06-01,2026-09-30,RAJASTHAN,DUNGARPUR,99.0,-28,Deficient,IMD week-by-week cumulative table (departure only)
2026-06-01,2026-09-30,CHHATTISGARH,DURG,378.0,-1,Normal,IMD week-by-week cumulative table (departure only)
2026-06-01,2026-09-30,BIHAR,EAST CHAMPARAN,213.0,-41,Deficient,IMD week-by-week cumulative table (departure only)
2026-06-01,2026-09-30,DELHI,EAST DELHI,78.0,-15,Normal,IMD week-by-week cumulative table (departure only)
2026-06-01,2026-09-30,MEGHALAYA,EAST GARO HILLS,273.0,-11,Normal,IMD week-by-week cumulative table (departure only)
2026-06-01,2026-09-30,ANDHRA PRADESH,EAST GODAVARI,505.0,-15,Normal,IMD week-by-week cumulative table (departure only)
2026-06-01,2026-09-30,MEGHALAYA,EAST JAINTIA HILLS,657.0,-52,Deficient,IMD week-by-week cumulative table (departure only)
2026-06-01,2026-09-30,ARUNACHAL PRADESH,EAST KAMENG,231.0,15,Normal,IMD week-by-week cumulative table (departure only)
2026-06-01,2026-09-30,MEGHALAYA,EAST KHASI HILLS,274.0,-40,Deficient,IMD week-by-week cumulative table (departure only)
2026-06-01,2026-09-30,WEST BENGAL,EAST MIDNAPORE,317.0,48,Excess,IMD week-by-week cumulative table (departure only)
2026-06-01,2026-09-30,ARUNACHAL PRADESH,EAST SIANG,232.0,-35,Deficient,IMD week-by-week cumulative table (departure only)
2026-06-01,2026-09-30,JHARKHAND,EAST SINGHBHUM,327.0,10,Normal,IMD week-by-week cumulative table (departure only)
2026-06-01,2026-09-30,ANDHRA PRADESH,ELURU,748.0,-14,Normal,IMD week-by-week cumulative table (departure only)
2026-06-01,2026-09-30,KERALA,ERNAKULAM,555.0,-28,Deficient,IMD week-by-week cumulative table (departure only)
2026-06-01,2026-09-30,TAMIL NADU,ERODE,573.0,-32,Deficient,IMD week-by-week cumulative table (departure only)
2026-06-01,2026-09-30,UTTAR PRADESH,ETAH,138.0,61,Large Excess,IMD week-by-week cumulative table (departure only)
2026-06-01,2026-09-30,UTTAR PRADESH,ETAWAH,139.0,32,Excess,IMD week-by-week cumulative table (departure only)
2026-06-01,2026-09-30,HARYANA,FARIDABAD,60.0,-5,Normal,IMD week-by-week cumulative table (departure only)
2026-06-01,2026-09-30,PUNJAB,FARIDKOT,29.0,-21,Deficient,IMD week-by-week cumulative table (departure only)
2026-06-01,2026-09-30,UTTAR PRADESH,FARRUKHABAD,141.0,8,Normal,IMD week-by-week cumulative table (departure only)
2026-06-01,2026-09-30,HARYANA,FATEHABAD,61.0,-10,Normal,IMD week-by-week cumulative table (departure only)
2026-06-01,2026-09-30,PUNJAB,FATEHGARH SAHIB,30.0,-67,Large Deficient,IMD week-by-week cumulative table (departure only)
2026-06-01,2026-09-30,UTTAR PRADESH,FATEHPUR,142.0,9,Normal,IMD week-by-week cumulative table (departure only)
2026-06-01,2026-09-30,PUNJAB,FAZILKA,651.0,-51,Deficient,IMD week-by-week cumulative table (departure only)
2026-06-01,2026-09-30,PUNJAB,FEROZEPUR,31.0,-47,Deficient,IMD week-by-week cumulative table (departure only)
2026-06-01,2026-09-30,UTTAR PRADESH,FIROZABAD,143.0,34,Excess,IMD week-by-week cumulative table (departure only)
2026-06-01,2026-09-30,KARNATAKA,GADAG,537.0,-25,Deficient,IMD week-by-week cumulative table (departure only)
2026-06-01,2026-09-30,MAHARASHTRA,GADCHIROLI,475.0,-16,Normal,IMD week-by-week cumulative table (departure only)
2026-06-01,2026-09-30,ODISHA,GAJAPATI,353.0,-1,Normal,IMD week-by-week cumulative table (departure only)
2026-06-01,2026-09-30,JAMMU & KASHMIR,GANDERBAL,626.0,21,Excess,IMD week-by-week cumulative table (departure only)
2026-06-01,2026-09-30,GUJARAT,GANDHINAGAR,446.0,-19,Normal,IMD week-by-week cumulative table (departure only)
2026-06-01,2026-09-30,SIKKIM,GANGTOK,225.0,-7,Normal,IMD week-by-week cumulative table (departure only)
2026-06-01,2026-09-30,ODISHA,GANJAM,354.0,5,Normal,IMD week-by-week cumulative table (departure only)
2026-06-01,2026-09-30,JHARKHAND,GARHWA,328.0,-29,Deficient,IMD week-by-week cumulative table (departure only)
2026-06-01,2026-09-30,UTTARAKHAND,GARHWAL PAURI,52.0,-40,Deficient,IMD week-by-week cumulative table (departure only)
2026-06-01,2026-09-30,UTTARAKHAND,GARHWAL TEHRI,55.0,33,Excess,IMD week-by-week cumulative table (departure only)
2026-06-01,2026-09-30,CHHATTISGARH,GARIABAND,645.0,36,Excess,IMD week-by-week cumulative table (departure only)
2026-06-01,2026-09-30,UTTAR PRADESH,GAUTAM BUDDHA NAGAR,144.0,104,Large Excess,IMD week-by-week cumulative table (departure only)
2026-06-01,2026-09-30,BIHAR,GAYA,196.0,-20,Deficient,IMD week-by-week cumulative table (departure only)
2026-06-01,2026-09-30,UTTAR PRADESH,GHAZIABAD,145.0,-60,Large Deficient,IMD week-by-week cumulative table (departure only)
2026-06-01,2026-09-30,UTTAR PRADESH,GHAZIPUR,146.0,-15,Normal,IMD week-by-week cumulative table (departure only)
2026-06-01,2026-09-30,JHARKHAND,GIRIDIH,329.0,-18,Normal,IMD week-by-week cumulative table (departure only)
2026-06-01,2026-09-30,GUJARAT,GIR SOMNATH,675.0,-28,Deficient,IMD week-by-week cumulative table (departure only)
2026-06-01,2026-09-30,ASSAM,GOALPARA,287.0,-50,Deficient,IMD week-by-week cumulative table (departure only)
2026-06-01,2026-09-30,JHARKHAND,GODDA,330.0,-16,Normal,IMD week-by-week cumulative table (departure only)
2026-06-01,2026-09-30,ASSAM,GOLAGHAT,288.0,-15,Normal,IMD week-by-week cumulative table (departure only)
2026-06-01,2026-09-30,TRIPURA,GOMATI,654.0,-23,Deficient,IMD week-by-week cumulative table (departure only)
2026-06-01,2026-09-30,UTTAR PRADESH,GONDA,147.0,3,Normal,IMD week-by-week cumulative table (departure only)
2026-06-01,2026-09-30,MAHARASHTRA,GONDIA,476.0,-1,Normal,IMD week-by-week cumulative table (departure only)
2026-06-01,2026-09-30,BIHAR,GOPALGANJ,197.0,-36,Deficient,IMD week-by-week cumulative table (departure only)
2026-06-01,2026-09-30,UTTAR PRADESH,GORAKHPUR,148.0,-20,Deficient,IMD week-by-week cumulative table (departure only)
2026-06-01,2026-09-30,JHARKHAND,GUMLA,331.0,-28,Deficient,IMD week-by-week cumulative table (departure only)
2026-06-01,2026-09-30,MADHYA PRADESH,GUNA,406.0,12,Normal,IMD week-by-week cumulative table (departure only)
2026-06-01,2026-09-30,ANDHRA PRADESH,GUNTUR,506.0,6,Normal,IMD week-by-week cumulative table (departure only)
2026-06-01,2026-09-30,PUNJAB,GURDASPUR,32.0,27,Excess,IMD week-by-week cumulative table (departure only)
2026-06-01,2026-09-30,HARYANA,GURGAON,62.0,-2,Normal,IMD week-by-week cumulative table (departure only)
2026-06-01,2026-09-30,MADHYA PRADESH,GWALIOR,407.0,5,Normal,IMD week-by-week cumulative table (departure only)
2026-06-01,2026-09-30,SIKKIM,GYALSHING,228.0,38,Excess,IMD week-by-week cumulative table (departure only)
2026-06-01,2026-09-30,ASSAM,HAILAKANDI,289.0,-11,Normal,IMD week-by-week cumulative table (departure only)
2026-06-01,2026-09-30,TELANGANA,HANUMAKONDA,686.0,-24,Deficient,IMD week-by-week cumulative table (departure only)
2026-06-01,2026-09-30,RAJASTHAN,HANUMANGARH,101.0,-41,Deficient,IMD week-by-week cumulative table (departure only)
2026-06-01,2026-09-30,UTTAR PRADESH,HAPUR,661.0,-47,Deficient,IMD week-by-week cumulative table (departure only)
2026-06-01,2026-09-30,MADHYA PRADESH,HARDA,408.0,-34,Deficient,IMD week-by-week cumulative table (departure only)
2026-06-01,2026-09-30,UTTAR PRADESH,HARDOI,150.0,10,Normal,IMD week-by-week cumulative table (departure only)
2026-06-01,2026-09-30,UTTARAKHAND,HARDWAR,50.0,18,Normal,IMD week-by-week cumulative table (departure only)
2026-06-01,2026-09-30,KARNATAKA,HASSAN,539.0,-66,Large Deficient,IMD week-by-week cumulative table (departure only)
2026-06-01,2026-09-30,UTTAR PRADESH,HATHRAS,163.0,-13,Normal,IMD week-by-week cumulative table (departure only)
2026-06-01,2026-09-30,KARNATAKA,HAVERI,540.0,-42,Deficient,IMD week-by-week cumulative table (departure only)
2026-06-01,2026-09-30,JHARKHAND,HAZARIBAG,332.0,-18,Normal,IMD week-by-week cumulative table (departure only)
2026-06-01,2026-09-30,MAHARASHTRA,HINGOLI,477.0,-49,Deficient,IMD week-by-week cumulative table (departure only)
2026-06-01,2026-09-30,HARYANA,HISAR,63.0,-23,Deficient,IMD week-by-week cumulative table (departure only)
2026-06-01,2026-09-30,ASSAM,HOJAI,709.0,-42,Deficient,IMD week-by-week cumulative table (departure only)
2026-06-01,2026-09-30,WEST BENGAL,HOOGHLY,312.0,2,Normal,IMD week-by-week cumulative table (departure only)
2026-06-01,2026-09-30,PUNJAB,HOSHIARPUR,33.0,-52,Deficient,IMD week-by-week cumulative table (departure only)
2026-06-01,2026-09-30,WEST BENGAL,HOWRAH,313.0,10,Normal,IMD week-by-week cumulative table (departure only)
2026-06-01,2026-09-30,TELANGANA,HYDERABAD,507.0,-31,Deficient,IMD week-by-week cumulative table (departure only)
2026-06-01,2026-09-30,KERALA,IDUKKI,556.0,-47,Deficient,IMD week-by-week cumulative table (departure only)
2026-06-01,2026-09-30,MANIPUR,IMPHAL EAST,255.0,-36,Deficient,IMD week-by-week cumulative table (departure only)
2026-06-01,2026-09-30,MANIPUR,IMPHAL WEST,256.0,-58,Deficient,IMD week-by-week cumulative table (departure only)
2026-06-01,2026-09-30,MADHYA PRADESH,INDORE,410.0,-27,Deficient,IMD week-by-week cumulative table (departure only)
2026-06-01,2026-09-30,MADHYA PRADESH,JABALPUR,411.0,-12,Normal,IMD week-by-week cumulative table (departure only)
2026-06-01,2026-09-30,ODISHA,JAGATSINGHPUR,355.0,30,Excess,IMD week-by-week cumulative table (departure only)
2026-06-01,2026-09-30,TELANGANA,JAGTIAL,681.0,8,Normal,IMD week-by-week cumulative table (departure only)
2026-06-01,2026-09-30,BIHAR,JAHANABAD,199.0,-53,Deficient,IMD week-by-week cumulative table (departure only)
2026-06-01,2026-09-30,RAJASTHAN,JAIPUR,102.0,-19,Normal,IMD week-by-week cumulative table (departure only)
2026-06-01,2026-09-30,RAJASTHAN,JAISALMER,103.0,-50,Deficient,IMD week-by-week cumulative table (departure only)
2026-06-01,2026-09-30,ODISHA,JAJPUR,356.0,23,Excess,IMD week-by-week cumulative table (departure only)
2026-06-01,2026-09-30,PUNJAB,JALANDHAR,34.0,-48,Deficient,IMD week-by-week cumulative table (departure only)
2026-06-01,2026-09-30,UTTAR PRADESH,JALAUN,151.0,32,Excess,IMD week-by-week cumulative table (departure only)
2026-06-01,2026-09-30,MAHARASHTRA,JALGAON,478.0,-11,Normal,IMD week-by-week cumulative table (departure only)
2026-06-01,2026-09-30,MAHARASHTRA,JALNA,479.0,-48,Deficient,IMD week-by-week cumulative table (departure only)
2026-06-01,2026-09-30,RAJASTHAN,JALORE,104.0,-59,Deficient,IMD week-by-week cumulative table (departure only)
2026-06-01,2026-09-30,WEST BENGAL,JALPAIGURI,314.0,-26,Deficient,IMD week-by-week cumulative table (departure only)
2026-06-01,2026-09-30,JAMMU & KASHMIR,JAMMU,5.0,-14,Normal,IMD week-by-week cumulative table (departure only)
2026-06-01,2026-09-30,GUJARAT,JAMNAGAR,447.0,-50,Deficient,IMD week-by-week cumulative table (departure only)
2026-06-01,2026-09-30,JHARKHAND,JAMTARA,333.0,1,Normal,IMD week-by-week cumulative table (departure only)
2026-06-01,2026-09-30,BIHAR,JAMUI,198.0,-38,Deficient,IMD week-by-week cumulative table (departure only)
2026-06-01,2026-09-30,TELANGANA,JANGAON,689.0,-21,Deficient,IMD week-by-week cumulative table (departure only)
2026-06-01,2026-09-30,CHHATTISGARH,JANJGIR,379.0,9,Normal,IMD week-by-week cumulative table (departure only)
2026-06-01,2026-09-30,CHHATTISGARH,JASHPUR,380.0,-36,Deficient,IMD week-by-week cumulative table (departure only)
2026-06-01,2026-09-30,UTTAR PRADESH,JAUNPUR,152.0,-56,Deficient,IMD week-by-week cumulative table (departure only)
2026-06-01,2026-09-30,TELANGANA,J. BHUPALPALLY,687.0,-11,Normal,IMD week-by-week cumulative table (departure only)
2026-06-01,2026-09-30,MADHYA PRADESH,JHABUA,412.0,-35,Deficient,IMD week-by-week cumulative table (departure only)
2026-06-01,2026-09-30,HARYANA,JHAJJAR,64.0,-19,Normal,IMD week-by-week cumulative table (departure only)
2026-06-01,2026-09-30,RAJASTHAN,JHALAWAR,105.0,-8,Normal,IMD week-by-week cumulative table (departure only)
2026-06-01,2026-09-30,UTTAR PRADESH,JHANSI,153.0,-16,Normal,IMD week-by-week cumulative table (departure only)
2026-06-01,2026-09-30,WEST BENGAL,JHARGRAM,703.0,1,Normal,IMD week-by-week cumulative table (departure only)
2026-06-01,2026-09-30,ODISHA,JHARSUGUDA,357.0,4,Normal,IMD week-by-week cumulative table (departure only)
2026-06-01,2026-09-30,RAJASTHAN,JHUNJHUNU,106.0,2,Normal,IMD week-by-week cumulative table (departure only)
2026-06-01,2026-09-30,HARYANA,JIND,65.0,-57,Deficient,IMD week-by-week cumulative table (departure only)
2026-06-01,2026-09-30,RAJASTHAN,JODHPUR,107.0,-33,Deficient,IMD week-by-week cumulative table (departure only)
2026-06-01,2026-09-30,TELANGANA,JOGULAMBA GADWAL,695.0,-45,Deficient,IMD week-by-week cumulative table (departure only)
2026-06-01,2026-09-30,ASSAM,JORHAT,290.0,-36,Deficient,IMD week-by-week cumulative table (departure only)
2026-06-01,2026-09-30,GUJARAT,JUNAGADH,448.0,-20,Deficient,IMD week-by-week cumulative table (departure only)
2026-06-01,2026-09-30,CHHATTISGARH,KABIRDHAM,382.0,-8,Normal,IMD week-by-week cumulative table (departure only)
2026-06-01,2026-09-30,HARYANA,KAITHAL,66.0,-44,Deficient,IMD week-by-week cumulative table (departure only)
2026-06-01,2026-09-30,ANDHRA PRADESH,KAKINADA,746.0,-9,Normal,IMD week-by-week cumulative table (departure only)
2026-06-01,2026-09-30,KARNATAKA,KALABURAGI,538.0,-54,Deficient,IMD week-by-week cumulative table (departure only)
2026-06-01,2026-09-30,ODISHA,KALAHANDI,358.0,-3,Normal,IMD week-by-week cumulative table (departure only)
2026-06-01,2026-09-30,WEST BENGAL,KALIMPONG,702.0,-19,Normal,IMD week-by-week cumulative table (departure only)
2026-06-01,2026-09-30,TAMIL NADU,KALLAKURICHI,729.0,-29,Deficient,IMD week-by-week cumulative table (departure only)
2026-06-01,2026-09-30,TELANGANA,KAMAREDDY,685.0,8,Normal,IMD week-by-week cumulative table (departure only)
2026-06-01,2026-09-30,ASSAM,KAMRUP METROPOLITAN,618.0,-23,Deficient,IMD week-by-week cumulative table (departure only)
2026-06-01,2026-09-30,ASSAM,KAMRUP RURAL,291.0,-49,Deficient,IMD week-by-week cumulative table (departure only)
2026-06-01,2026-09-30,TAMIL NADU,KANCHEEPURAM,574.0,-35,Deficient,IMD week-by-week cumulative table (departure only)
2026-06-01,2026-09-30,ODISHA,KANDHAMAL,359.0,29,Excess,IMD week-by-week cumulative table (departure only)
2026-06-01,2026-09-30,HIMACHAL PRADESH,KANGRA,18.0,-5,Normal,IMD week-by-week cumulative table (departure only)
2026-06-01,2026-09-30,CHHATTISGARH,KANKER,381.0,-13,Normal,IMD week-by-week cumulative table (departure only)
2026-06-01,2026-09-30,UTTAR PRADESH,KANNAUJ,155.0,64,Large Excess,IMD week-by-week cumulative table (departure only)
2026-06-01,2026-09-30,KERALA,KANNUR,557.0,-12,Normal,IMD week-by-week cumulative table (departure only)
2026-06-01,2026-09-30,UTTAR PRADESH,KANPUR CITY,157.0,77,Large Excess,IMD week-by-week cumulative table (departure only)
2026-06-01,2026-09-30,UTTAR PRADESH,KANPUR DEHAT,156.0,-49,Deficient,IMD week-by-week cumulative table (departure only)
2026-06-01,2026-09-30,TAMIL NADU,KANYAKUMARI,575.0,-12,Normal,IMD week-by-week cumulative table (departure only)
2026-06-01,2026-09-30,PUNJAB,KAPURTHALA,35.0,-71,Large Deficient,IMD week-by-week cumulative table (departure only)
2026-06-01,2026-09-30,PUDUCHERRY,KARAIKAL,598.0,-12,Normal,IMD week-by-week cumulative table (departure only)
2026-06-01,2026-09-30,RAJASTHAN,KARAULI,108.0,-5,Normal,IMD week-by-week cumulative table (departure only)
2026-06-01,2026-09-30,ASSAM,KARBI ANGLONG,292.0,-21,Deficient,IMD week-by-week cumulative table (departure only)
2026-06-01,2026-09-30,LADAKH,KARGIL,6.0,90,Large Excess,IMD week-by-week cumulative table (departure only)
2026-06-01,2026-09-30,TELANGANA,KARIMNAGAR,508.0,-1,Normal,IMD week-by-week cumulative table (departure only)
2026-06-01,2026-09-30,HARYANA,KARNAL,67.0,-36,Deficient,IMD week-by-week cumulative table (departure only)
2026-06-01,2026-09-30,TAMIL NADU,KARUR,576.0,-53,Deficient,IMD week-by-week cumulative table (departure only)
2026-06-01,2026-09-30,KERALA,KASARGOD,558.0,-16,Normal,IMD week-by-week cumulative table (departure only)
2026-06-01,2026-09-30,UTTAR PRADESH,KASGANJ,633.0,10,Normal,IMD week-by-week cumulative table (departure only)
2026-06-01,2026-09-30,JAMMU & KASHMIR,KATHUA,7.0,-10,Normal,IMD week-by-week cumulative table (departure only)
2026-06-01,2026-09-30,BIHAR,KATIHAR,201.0,-36,Deficient,IMD week-by-week cumulative table (departure only)
2026-06-01,2026-09-30,MADHYA PRADESH,KATNI,413.0,2,Normal,IMD week-by-week cumulative table (departure only)
2026-06-01,2026-09-30,UTTAR PRADESH,KAUSHAMBI,158.0,-33,Deficient,IMD week-by-week cumulative table (departure only)
2026-06-01,2026-09-30,ODISHA,KENDRAPARA,360.0,54,Excess,IMD week-by-week cumulative table (departure only)
2026-06-01,2026-09-30,ODISHA,KEONJHARGARH,361.0,55,Excess,IMD week-by-week cumulative table (departure only)
2026-06-01,2026-09-30,BIHAR,KHAGARIA,202.0,-1,Normal,IMD week-by-week cumulative table (departure only)
2026-06-01,2026-09-30,CHHATTISGARH,KHAIRAGARH CHH GANDAI,759.0,19,Normal,IMD week-by-week cumulative table (departure only)
2026-06-01,2026-09-30,TELANGANA,KHAMMAM,509.0,-17,Normal,IMD week-by-week cumulative table (departure only)
2026-06-01,2026-09-30,MADHYA PRADESH,KHANDWA,405.0,-10,Normal,IMD week-by-week cumulative table (departure only)
2026-06-01,2026-09-30,MADHYA PRADESH,KHARGONE,414.0,5,Normal,IMD week-by-week cumulative table (departure only)
2026-06-01,2026-09-30,GUJARAT,KHEDA,450.0,28,Excess,IMD week-by-week cumulative table (departure only)
2026-06-01,2026-09-30,UTTAR PRADESH,KHERI,159.0,34,Excess,IMD week-by-week cumulative table (departure only)
2026-06-01,2026-09-30,TRIPURA,KHOWAI,652.0,-2,Normal,IMD week-by-week cumulative table (departure only)
2026-06-01,2026-09-30,JHARKHAND,KHUNTI,606.0,-1,Normal,IMD week-by-week cumulative table (departure only)
2026-06-01,2026-09-30,ODISHA,KHURDA,362.0,31,Excess,IMD week-by-week cumulative table (departure only)
2026-06-01,2026-09-30,HIMACHAL PRADESH,KINNAUR,19.0,35,Excess,IMD week-by-week cumulative table (departure only)
2026-06-01,2026-09-30,NAGALAND,KIPHIRE,614.0,24,Excess,IMD week-by-week cumulative table (departure only)
2026-06-01,2026-09-30,BIHAR,KISHANGANJ,203.0,-31,Deficient,IMD week-by-week cumulative table (departure only)
2026-06-01,2026-09-30,JAMMU & KASHMIR,KISTWAR,620.0,-53,Deficient,IMD week-by-week cumulative table (departure only)
2026-06-01,2026-09-30,KARNATAKA,KODAGU,541.0,-31,Deficient,IMD week-by-week cumulative table (departure only)
2026-06-01,2026-09-30,JHARKHAND,KODERMA,334.0,-23,Deficient,IMD week-by-week cumulative table (departure only)
2026-06-01,2026-09-30,NAGALAND,KOHIMA,245.0,-14,Normal,IMD week-by-week cumulative table (departure only)
2026-06-01,2026-09-30,ASSAM,KOKRAJHAR,294.0,-14,Normal,IMD week-by-week cumulative table (departure only)
2026-06-01,2026-09-30,KARNATAKA,KOLAR,542.0,-56,Deficient,IMD week-by-week cumulative table (departure only)
2026-06-01,2026-09-30,MIZORAM,KOLASIB,263.0,-1,Normal,IMD week-by-week cumulative table (departure only)
2026-06-01,2026-09-30,MAHARASHTRA,KOLHAPUR,480.0,-15,Normal,IMD week-by-week cumulative table (departure only)
2026-06-01,2026-09-30,WEST BENGAL,KOLKATA,315.0,28,Excess,IMD week-by-week cumulative table (departure only)
2026-06-01,2026-09-30,KERALA,KOLLAM,559.0,-38,Deficient,IMD week-by-week cumulative table (departure only)
2026-06-01,2026-09-30,CHHATTISGARH,KONDAGAON,643.0,9,Normal,IMD week-by-week cumulative table (departure only)
2026-06-01,2026-09-30,KARNATAKA,KOPPAL,543.0,-36,Deficient,IMD week-by-week cumulative table (departure only)
2026-06-01,2026-09-30,ODISHA,KORAPUT,363.0,27,Excess,IMD week-by-week cumulative table (departure only)
2026-06-01,2026-09-30,CHHATTISGARH,KORBA,383.0,-7,Normal,IMD week-by-week cumulative table (departure only)
2026-06-01,2026-09-30,CHHATTISGARH,KORIYA,384.0,-14,Normal,IMD week-by-week cumulative table (departure only)
2026-06-01,2026-09-30,RAJASTHAN,KOTA,109.0,-22,Deficient,IMD week-by-week cumulative table (departure only)
2026-06-01,2026-09-30,KERALA,KOTTAYAM,560.0,-17,Normal,IMD week-by-week cumulative table (departure only)
2026-06-01,2026-09-30,KERALA,KOZHIKODE,561.0,-17,Normal,IMD week-by-week cumulative table (departure only)
2026-06-01,2026-09-30,ANDHRA PRADESH,KRISHNA,510.0,-10,Normal,IMD week-by-week cumulative table (departure only)
2026-06-01,2026-09-30,TAMIL NADU,KRISHNAGIRI,577.0,-25,Deficient,IMD week-by-week cumulative table (departure only)
2026-06-01,2026-09-30,JAMMU & KASHMIR,KULGAM,622.0,-11,Normal,IMD week-by-week cumulative table (departure only)
2026-06-01,2026-09-30,HIMACHAL PRADESH,KULLU,20.0,0,Normal,IMD week-by-week cumulative table (departure only)
2026-06-01,2026-09-30,TELANGANA,KUMARAM BHEEM,699.0,13,Normal,IMD week-by-week cumulative table (departure only)
2026-06-01,2026-09-30,JAMMU & KASHMIR,KUPWARA,8.0,-10,Normal,IMD week-by-week cumulative table (departure only)
2026-06-01,2026-09-30,ANDHRA PRADESH,KURNOOL,511.0,-38,Deficient,IMD week-by-week cumulative table (departure only)
2026-06-01,2026-09-30,HARYANA,KURUKSHETRA,68.0,-10,Normal,IMD week-by-week cumulative table (departure only)
2026-06-01,2026-09-30,ARUNACHAL PRADESH,KURUNG KUMEY,233.0,-48,Deficient,IMD week-by-week cumulative table (departure only)
2026-06-01,2026-09-30,UTTAR PRADESH,KUSHI NAGAR,160.0,-58,Deficient,IMD week-by-week cumulative table (departure only)
2026-06-01,2026-09-30,GUJARAT,KUTCH,449.0,-36,Deficient,IMD week-by-week cumulative table (departure only)
2026-06-01,2026-09-30,LADAKH,LADAKH (LEH),9.0,120,Large Excess,IMD week-by-week cumulative table (departure only)
2026-06-01,2026-09-30,HIMACHAL PRADESH,LAHAUL & SPITI,21.0,-69,Large Deficient,IMD week-by-week cumulative table (departure only)
2026-06-01,2026-09-30,ASSAM,LAKHIMPUR,295.0,7,Normal,IMD week-by-week cumulative table (departure only)
2026-06-01,2026-09-30,BIHAR,LAKHISARAI,204.0,-8,Normal,IMD week-by-week cumulative table (departure only)
2026-06-01,2026-09-30,LAKSHADWEEP,LAKSHADWEEP,553.0,-29,Deficient,IMD week-by-week cumulative table (departure only)
2026-06-01,2026-09-30,UTTAR PRADESH,LALITPUR,161.0,24,Excess,IMD week-by-week cumulative table (departure only)
2026-06-01,2026-09-30,JHARKHAND,LATEHAR,335.0,20,Excess,IMD week-by-week cumulative table (departure only)
2026-06-01,2026-09-30,MAHARASHTRA,LATUR,481.0,-39,Deficient,IMD week-by-week cumulative table (departure only)
2026-06-01,2026-09-30,MIZORAM,LAWNGTLAI,264.0,-28,Deficient,IMD week-by-week cumulative table (departure only)
2026-06-01,2026-09-30,JHARKHAND,LOHARDAGA,336.0,3,Normal,IMD week-by-week cumulative table (departure only)
2026-06-01,2026-09-30,ARUNACHAL PRADESH,LOHIT,234.0,-42,Deficient,IMD week-by-week cumulative table (departure only)
2026-06-01,2026-09-30,ARUNACHAL PRADESH,LOWER SUBANSIRI,236.0,-44,Deficient,IMD week-by-week cumulative table (departure only)
2026-06-01,2026-09-30,UTTAR PRADESH,LUCKNOW,162.0,24,Excess,IMD week-by-week cumulative table (departure only)
2026-06-01,2026-09-30,PUNJAB,LUDHIANA,36.0,-49,Deficient,IMD week-by-week cumulative table (departure only)
2026-06-01,2026-09-30,MIZORAM,LUNGLEI,265.0,-40,Deficient,IMD week-by-week cumulative table (departure only)
2026-06-01,2026-09-30,BIHAR,MADHEPURA,205.0,-31,Deficient,IMD week-by-week cumulative table (departure only)
2026-06-01,2026-09-30,BIHAR,MADHUBANI,206.0,-35,Deficient,IMD week-by-week cumulative table (departure only)
2026-06-01,2026-09-30,TAMIL NADU,MADURAI,578.0,-18,Normal,IMD week-by-week cumulative table (departure only)
2026-06-01,2026-09-30,TELANGANA,MAHABUBABAD,688.0,-19,Normal,IMD week-by-week cumulative table (departure only)
2026-06-01,2026-09-30,TELANGANA,MAHABUBNAGAR,512.0,-21,Deficient,IMD week-by-week cumulative table (departure only)
2026-06-01,2026-09-30,UTTAR PRADESH,MAHARAJGANJ,164.0,-4,Normal,IMD week-by-week cumulative table (departure only)
2026-06-01,2026-09-30,CHHATTISGARH,MAHASAMUND,385.0,17,Normal,IMD week-by-week cumulative table (departure only)
2026-06-01,2026-09-30,PUDUCHERRY,MAHE,599.0,-30,Deficient,IMD week-by-week cumulative table (departure only)
2026-06-01,2026-09-30,HARYANA,MAHENDRAGARH,69.0,-24,Deficient,IMD week-by-week cumulative table (departure only)
2026-06-01,2026-09-30,GUJARAT,MAHISAGAR,669.0,-3,Normal,IMD week-by-week cumulative table (departure only)
2026-06-01,2026-09-30,UTTAR PRADESH,MAHOBA,165.0,87,Large Excess,IMD week-by-week cumulative table (departure only)
2026-06-01,2026-09-30,UTTAR PRADESH,MAINPURI,166.0,-25,Deficient,IMD week-by-week cumulative table (departure only)
2026-06-01,2026-09-30,ASSAM,MAJULI,706.0,-25,Deficient,IMD week-by-week cumulative table (departure only)
2026-06-01,2026-09-30,KERALA,MALAPPURAM,562.0,-27,Deficient,IMD week-by-week cumulative table (departure only)
2026-06-01,2026-09-30,WEST BENGAL,MALDA,316.0,-29,Deficient,IMD week-by-week cumulative table (departure only)
2026-06-01,2026-09-30,ODISHA,MALKANGIRI,364.0,15,Normal,IMD week-by-week cumulative table (departure only)
2026-06-01,2026-09-30,MIZORAM,MAMIT,266.0,-11,Normal,IMD week-by-week cumulative table (departure only)
2026-06-01,2026-09-30,TELANGANA,MANCHERIAL,684.0,11,Normal,IMD week-by-week cumulative table (departure only)
2026-06-01,2026-09-30,HIMACHAL PRADESH,MANDI,22.0,-5,Normal,IMD week-by-week cumulative table (departure only)
2026-06-01,2026-09-30,MADHYA PRADESH,MANDLA,415.0,2,Normal,IMD week-by-week cumulative table (departure only)
2026-06-01,2026-09-30,MADHYA PRADESH,MANDSAUR,416.0,-9,Normal,IMD week-by-week cumulative table (departure only)
2026-06-01,2026-09-30,KARNATAKA,MANDYA,544.0,-46,Deficient,IMD week-by-week cumulative table (departure only)
2026-06-01,2026-09-30,CHHATTISGARH,MANENDRAGARH BHARATPUR,760.0,9,Normal,IMD week-by-week cumulative table (departure only)
2026-06-01,2026-09-30,SIKKIM,MANGAN,226.0,7,Normal,IMD week-by-week cumulative table (departure only)
2026-06-01,2026-09-30,PUNJAB,MANSA,37.0,-72,Large Deficient,IMD week-by-week cumulative table (departure only)
2026-06-01,2026-09-30,UTTAR PRADESH,MATHURA,167.0,-46,Deficient,IMD week-by-week cumulative table (departure only)
2026-06-01,2026-09-30,UTTAR PRADESH,MAU,168.0,-47,Deficient,IMD week-by-week cumulative table (departure only)
2026-06-01,2026-09-30,TAMIL NADU,MAYILADUTHURAI,735.0,-29,Deficient,IMD week-by-week cumulative table (departure only)
2026-06-01,2026-09-30,ODISHA,MAYURBHANJ,365.0,55,Excess,IMD week-by-week cumulative table (departure only)
2026-06-01,2026-09-30,TELANGANA,MEDAK,513.0,-9,Normal,IMD week-by-week cumulative table (departure only)
2026-06-01,2026-09-30,UTTAR PRADESH,MEERUT,169.0,64,Large Excess,IMD week-by-week cumulative table (departure only)
2026-06-01,2026-09-30,GUJARAT,MEHSANA,451.0,-18,Normal,IMD week-by-week cumulative table (departure only)
2026-06-01,2026-09-30,UTTAR PRADESH,MIRZAPUR,170.0,-1,Normal,IMD week-by-week cumulative table (departure only)
2026-06-01,2026-09-30,TELANGANA,M. MALKAJGIRI,700.0,-41,Deficient,IMD week-by-week cumulative table (departure only)
2026-06-01,2026-09-30,PUNJAB,MOGA,38.0,-42,Deficient,IMD week-by-week cumulative table (departure only)
2026-06-01,2026-09-30,CHHATTISGARH,MOHALA MANPUR CHOWKI,761.0,-2,Normal,IMD week-by-week cumulative table (departure only)
2026-06-01,2026-09-30,NAGALAND,MOKOKCHUNG,246.0,24,Excess,IMD week-by-week cumulative table (departure only)
2026-06-01,2026-09-30,NAGALAND,MON,247.0,-12,Normal,IMD week-by-week cumulative table (departure only)
2026-06-01,2026-09-30,UTTAR PRADESH,MORADABAD,171.0,26,Excess,IMD week-by-week cumulative table (departure only)
2026-06-01,2026-09-30,GUJARAT,MORBI,673.0,10,Normal,IMD week-by-week cumulative table (departure only)
2026-06-01,2026-09-30,MADHYA PRADESH,MORENA,417.0,-9,Normal,IMD week-by-week cumulative table (departure only)
2026-06-01,2026-09-30,ASSAM,MORIGAON,296.0,-41,Deficient,IMD week-by-week cumulative table (departure only)
2026-06-01,2026-09-30,PUNJAB,MUKTSAR,39.0,-68,Large Deficient,IMD week-by-week cumulative table (departure only)
2026-06-01,2026-09-30,TELANGANA,MULUGU,720.0,1,Normal,IMD week-by-week cumulative table (departure only)
2026-06-01,2026-09-30,MAHARASHTRA,MUMBAI CITY,482.0,-8,Normal,IMD week-by-week cumulative table (departure only)
2026-06-01,2026-09-30,MAHARASHTRA,MUMBAI SUBURBAN,483.0,10,Normal,IMD week-by-week cumulative table (departure only)
2026-06-01,2026-09-30,CHHATTISGARH,MUNGELI,647.0,32,Excess,IMD week-by-week cumulative table (departure only)
2026-06-01,2026-09-30,BIHAR,MUNGER,207.0,-24,Deficient,IMD week-by-week cumulative table (departure only)
2026-06-01,2026-09-30,WEST BENGAL,MURSHIDABAD,319.0,-16,Normal,IMD week-by-week cumulative table (departure only)
2026-06-01,2026-09-30,UTTAR PRADESH,MUZAFFARNAGAR,172.0,57,Excess,IMD week-by-week cumulative table (departure only)
2026-06-01,2026-09-30,BIHAR,MUZAFFARPUR,208.0,-43,Deficient,IMD week-by-week cumulative table (departure only)
2026-06-01,2026-09-30,KARNATAKA,MYSURU,545.0,-48,Deficient,IMD week-by-week cumulative table (departure only)
2026-06-01,2026-09-30,WEST BENGAL,NADIA,320.0,-22,Deficient,IMD week-by-week cumulative table (departure only)
2026-06-01,2026-09-30,ASSAM,NAGAON,297.0,-41,Deficient,IMD week-by-week cumulative table (departure only)
2026-06-01,2026-09-30,TAMIL NADU,NAGAPATTINAM,579.0,-54,Deficient,IMD week-by-week cumulative table (departure only)
2026-06-01,2026-09-30,TELANGANA,NAGARKURNOOL,694.0,-27,Deficient,IMD week-by-week cumulative table (departure only)
2026-06-01,2026-09-30,RAJASTHAN,NAGAUR,110.0,-11,Normal,IMD week-by-week cumulative table (departure only)
2026-06-01,2026-09-30,MAHARASHTRA,NAGPUR,484.0,-34,Deficient,IMD week-by-week cumulative table (departure only)
2026-06-01,2026-09-30,UTTARAKHAND,NAINITAL,51.0,-13,Normal,IMD week-by-week cumulative table (departure only)
2026-06-01,2026-09-30,BIHAR,NALANDA,209.0,-32,Deficient,IMD week-by-week cumulative table (departure only)
2026-06-01,2026-09-30,ASSAM,NALBARI,298.0,-61,Large Deficient,IMD week-by-week cumulative table (departure only)
2026-06-01,2026-09-30,TELANGANA,NALGONDA,514.0,-56,Deficient,IMD week-by-week cumulative table (departure only)
2026-06-01,2026-09-30,TAMIL NADU,NAMAKKAL,580.0,-42,Deficient,IMD week-by-week cumulative table (departure only)
2026-06-01,2026-09-30,SIKKIM,NAMCHI,227.0,16,Normal,IMD week-by-week cumulative table (departure only)
2026-06-01,2026-09-30,MAHARASHTRA,NANDED,485.0,-35,Deficient,IMD week-by-week cumulative table (departure only)
2026-06-01,2026-09-30,MAHARASHTRA,NANDURBAR,486.0,-39,Deficient,IMD week-by-week cumulative table (departure only)
2026-06-01,2026-09-30,ANDHRA PRADESH,NANDYAL,755.0,-37,Deficient,IMD week-by-week cumulative table (departure only)
2026-06-01,2026-09-30,TELANGANA,NARAYANPET,721.0,-14,Normal,IMD week-by-week cumulative table (departure only)
2026-06-01,2026-09-30,CHHATTISGARH,NARAYANPUR,637.0,40,Excess,IMD week-by-week cumulative table (departure only)
2026-06-01,2026-09-30,GUJARAT,NARMADA,452.0,-3,Normal,IMD week-by-week cumulative table (departure only)
2026-06-01,2026-09-30,MADHYA PRADESH,NARMADAPURAM,409.0,-34,Deficient,IMD week-by-week cumulative table (departure only)
2026-06-01,2026-09-30,MADHYA PRADESH,NARSINGHPUR,418.0,-3,Normal,IMD week-by-week cumulative table (departure only)
2026-06-01,2026-09-30,MAHARASHTRA,NASHIK,487.0,33,Excess,IMD week-by-week cumulative table (departure only)
2026-06-01,2026-09-30,GUJARAT,NAVSARI,453.0,30,Excess,IMD week-by-week cumulative table (departure only)
2026-06-01,2026-09-30,BIHAR,NAWADA,210.0,-20,Deficient,IMD week-by-week cumulative table (departure only)
2026-06-01,2026-09-30,ODISHA,NAWAPARA,368.0,32,Excess,IMD week-by-week cumulative table (departure only)
2026-06-01,2026-09-30,ODISHA,NAWARANGPUR,366.0,9,Normal,IMD week-by-week cumulative table (departure only)
2026-06-01,2026-09-30,ODISHA,NAYAGARH,367.0,27,Excess,IMD week-by-week cumulative table (departure only)
2026-06-01,2026-09-30,MADHYA PRADESH,NEEMUCH,419.0,-12,Normal,IMD week-by-week cumulative table (departure only)
2026-06-01,2026-09-30,DELHI,NEW DELHI,79.0,-6,Normal,IMD week-by-week cumulative table (departure only)
2026-06-01,2026-09-30,ANDAMAN & NICOBAR ISLANDS,NICOBAR,603.0,-36,Deficient,IMD week-by-week cumulative table (departure only)
2026-06-01,2026-09-30,TAMIL NADU,NILGIRIS,587.0,-33,Deficient,IMD week-by-week cumulative table (departure only)
2026-06-01,2026-09-30,TELANGANA,NIRMAL,680.0,-51,Deficient,IMD week-by-week cumulative table (departure only)
2026-06-01,2026-09-30,MADHYA PRADESH,NIWARI,722.0,59,Excess,IMD week-by-week cumulative table (departure only)
2026-06-01,2026-09-30,TELANGANA,NIZAMABAD,516.0,-14,Normal,IMD week-by-week cumulative table (departure only)
2026-06-01,2026-09-30,WEST BENGAL,NORTH DINAJPUR,311.0,-33,Deficient,IMD week-by-week cumulative table (departure only)
2026-06-01,2026-09-30,DELHI,NORTH EAST DELHI,81.0,-12,Normal,IMD week-by-week cumulative table (departure only)
2026-06-01,2026-09-30,MEGHALAYA,NORTH GARO HILLS,656.0,-57,Deficient,IMD week-by-week cumulative table (departure only)
2026-06-01,2026-09-30,GOA,NORTH GOA,551.0,-40,Deficient,IMD week-by-week cumulative table (departure only)
2026-06-01,2026-09-30,ANDAMAN & NICOBAR ISLANDS,NORTH & MIDDLE ANDAMAN,632.0,41,Excess,IMD week-by-week cumulative table (departure only)
2026-06-01,2026-09-30,TRIPURA,NORTH TRIPURA,270.0,-20,Deficient,IMD week-by-week cumulative table (departure only)
2026-06-01,2026-09-30,DELHI,NORTH WEST DELHI,82.0,3,Normal,IMD week-by-week cumulative table (departure only)
2026-06-01,2026-09-30,ANDHRA PRADESH,NTR DISTRICT,749.0,-20,Deficient,IMD week-by-week cumulative table (departure only)
2026-06-01,2026-09-30,HARYANA,NUH,604.0,-4,Normal,IMD week-by-week cumulative table (departure only)
2026-06-01,2026-09-30,JHARKHAND,PAKUR,337.0,-55,Deficient,IMD week-by-week cumulative table (departure only)
2026-06-01,2026-09-30,KERALA,PALAKKAD,563.0,-30,Deficient,IMD week-by-week cumulative table (departure only)
2026-06-01,2026-09-30,JHARKHAND,PALAMU,338.0,-12,Normal,IMD week-by-week cumulative table (departure only)
2026-06-01,2026-09-30,MAHARASHTRA,PALGHAR,665.0,18,Normal,IMD week-by-week cumulative table (departure only)
2026-06-01,2026-09-30,RAJASTHAN,PALI,111.0,-54,Deficient,IMD week-by-week cumulative table (departure only)
2026-06-01,2026-09-30,ANDHRA PRADESH,PALNADU,751.0,-33,Deficient,IMD week-by-week cumulative table (departure only)
2026-06-01,2026-09-30,HARYANA,PALWAL,619.0,20,Excess,IMD week-by-week cumulative table (departure only)
2026-06-01,2026-09-30,HARYANA,PANCHKULA,70.0,-19,Normal,IMD week-by-week cumulative table (departure only)
2026-06-01,2026-09-30,GUJARAT,PANCHMAHAL,454.0,-11,Normal,IMD week-by-week cumulative table (departure only)
2026-06-01,2026-09-30,HARYANA,PANIPAT,71.0,-28,Deficient,IMD week-by-week cumulative table (departure only)
2026-06-01,2026-09-30,MADHYA PRADESH,PANNA,420.0,16,Normal,IMD week-by-week cumulative table (departure only)
2026-06-01,2026-09-30,ARUNACHAL PRADESH,PAPUMPARA,237.0,-22,Deficient,IMD week-by-week cumulative table (departure only)
2026-06-01,2026-09-30,MAHARASHTRA,PARBHANI,489.0,-40,Deficient,IMD week-by-week cumulative table (departure only)
2026-06-01,2026-09-30,ANDHRA PRADESH,PARVATHIPURAM MANYAM,743.0,-20,Deficient,IMD week-by-week cumulative table (departure only)
2026-06-01,2026-09-30,WEST BENGAL,PASCHIM BARDHAMAN,704.0,18,Normal,IMD week-by-week cumulative table (departure only)
2026-06-01,2026-09-30,GUJARAT,PATAN,455.0,-10,Normal,IMD week-by-week cumulative table (departure only)
2026-06-01,2026-09-30,KERALA,PATHANAMTHITTA,564.0,-11,Normal,IMD week-by-week cumulative table (departure only)
2026-06-01,2026-09-30,PUNJAB,PATHANKOT,662.0,35,Excess,IMD week-by-week cumulative table (departure only)
2026-06-01,2026-09-30,PUNJAB,PATIALA,41.0,-47,Deficient,IMD week-by-week cumulative table (departure only)
2026-06-01,2026-09-30,BIHAR,PATNA,212.0,-38,Deficient,IMD week-by-week cumulative table (departure only)
2026-06-01,2026-09-30,TELANGANA,PEDDAPALLE,682.0,-9,Normal,IMD week-by-week cumulative table (departure only)
2026-06-01,2026-09-30,TAMIL NADU,PERAMBALUR,581.0,-6,Normal,IMD week-by-week cumulative table (departure only)
2026-06-01,2026-09-30,NAGALAND,PEREN,613.0,-1,Normal,IMD week-by-week cumulative table (departure only)
2026-06-01,2026-09-30,NAGALAND,PHEK,248.0,-9,Normal,IMD week-by-week cumulative table (departure only)
2026-06-01,2026-09-30,UTTAR PRADESH,PILIBHIT,173.0,-44,Deficient,IMD week-by-week cumulative table (departure only)
2026-06-01,2026-09-30,UTTARAKHAND,PITHORAGARH,53.0,5,Normal,IMD week-by-week cumulative table (departure only)
2026-06-01,2026-09-30,JAMMU & KASHMIR,POONCH,10.0,27,Excess,IMD week-by-week cumulative table (departure only)
2026-06-01,2026-09-30,GUJARAT,PORBANDAR,456.0,-61,Large Deficient,IMD week-by-week cumulative table (departure only)
2026-06-01,2026-09-30,ANDHRA PRADESH,PRAKASAM,517.0,-47,Deficient,IMD week-by-week cumulative table (departure only)
2026-06-01,2026-09-30,UTTAR PRADESH,PRAYAGRAJ,120.0,36,Excess,IMD week-by-week cumulative table (departure only)
2026-06-01,2026-09-30,PUDUCHERRY,PUDUCHERRY,600.0,-61,Large Deficient,IMD week-by-week cumulative table (departure only)
2026-06-01,2026-09-30,TAMIL NADU,PUDUKKOTTAI,582.0,-26,Deficient,IMD week-by-week cumulative table (departure only)
2026-06-01,2026-09-30,JAMMU & KASHMIR,PULWAMA,11.0,38,Excess,IMD week-by-week cumulative table (departure only)
2026-06-01,2026-09-30,MAHARASHTRA,PUNE,490.0,13,Normal,IMD week-by-week cumulative table (departure only)
2026-06-01,2026-09-30,WEST BENGAL,PURBA BARDHAMAN,306.0,-4,Normal,IMD week-by-week cumulative table (departure only)
2026-06-01,2026-09-30,ODISHA,PURI,369.0,39,Excess,IMD week-by-week cumulative table (departure only)
2026-06-01,2026-09-30,BIHAR,PURNEA,214.0,-42,Deficient,IMD week-by-week cumulative table (departure only)
2026-06-01,2026-09-30,WEST BENGAL,PURULIA,321.0,-10,Normal,IMD week-by-week cumulative table (departure only)
2026-06-01,2026-09-30,UTTAR PRADESH,RAE BAREILLY,175.0,-13,Normal,IMD week-by-week cumulative table (departure only)
2026-06-01,2026-09-30,KARNATAKA,RAICHUR,546.0,-41,Deficient,IMD week-by-week cumulative table (departure only)
2026-06-01,2026-09-30,MAHARASHTRA,RAIGAD,491.0,-6,Normal,IMD week-by-week cumulative table (departure only)
2026-06-01,2026-09-30,CHHATTISGARH,RAIGARH,386.0,-14,Normal,IMD week-by-week cumulative table (departure only)
2026-06-01,2026-09-30,CHHATTISGARH,RAIPUR,387.0,29,Excess,IMD week-by-week cumulative table (departure only)
2026-06-01,2026-09-30,MADHYA PRADESH,RAISEN,421.0,-18,Normal,IMD week-by-week cumulative table (departure only)
2026-06-01,2026-09-30,TELANGANA,RAJANNA SIRCILLA,683.0,4,Normal,IMD week-by-week cumulative table (departure only)
2026-06-01,2026-09-30,MADHYA PRADESH,RAJGARH,422.0,18,Normal,IMD week-by-week cumulative table (departure only)
2026-06-01,2026-09-30,GUJARAT,RAJKOT,457.0,-28,Deficient,IMD week-by-week cumulative table (departure only)
2026-06-01,2026-09-30,CHHATTISGARH,RAJNANDGAON,388.0,-3,Normal,IMD week-by-week cumulative table (departure only)
2026-06-01,2026-09-30,JAMMU & KASHMIR,RAJOURI,12.0,-2,Normal,IMD week-by-week cumulative table (departure only)
2026-06-01,2026-09-30,RAJASTHAN,RAJSAMAND,112.0,-33,Deficient,IMD week-by-week cumulative table (departure only)
2026-06-01,2026-09-30,KARNATAKA,RAMANAGARA,631.0,-91,Large Deficient,IMD week-by-week cumulative table (departure only)
2026-06-01,2026-09-30,JAMMU & KASHMIR,RAMBAN,621.0,13,Normal,IMD week-by-week cumulative table (departure only)
2026-06-01,2026-09-30,JHARKHAND,RAMGARH,607.0,2,Normal,IMD week-by-week cumulative table (departure only)
2026-06-01,2026-09-30,UTTAR PRADESH,RAMPUR,176.0,3,Normal,IMD week-by-week cumulative table (departure only)
2026-06-01,2026-09-30,JHARKHAND,RANCHI,339.0,11,Normal,IMD week-by-week cumulative table (departure only)
2026-06-01,2026-09-30,TELANGANA,RANGAREDDY,518.0,-30,Deficient,IMD week-by-week cumulative table (departure only)
2026-06-01,2026-09-30,TAMIL NADU,RANIPET,731.0,-22,Deficient,IMD week-by-week cumulative table (departure only)
2026-06-01,2026-09-30,MADHYA PRADESH,RATLAM,423.0,-35,Deficient,IMD week-by-week cumulative table (departure only)
2026-06-01,2026-09-30,MAHARASHTRA,RATNAGIRI,492.0,-18,Normal,IMD week-by-week cumulative table (departure only)
2026-06-01,2026-09-30,ODISHA,RAYAGADA,370.0,4,Normal,IMD week-by-week cumulative table (departure only)
2026-06-01,2026-09-30,JAMMU & KASHMIR,REASI,627.0,-14,Normal,IMD week-by-week cumulative table (departure only)
2026-06-01,2026-09-30,MADHYA PRADESH,REWA,424.0,-13,Normal,IMD week-by-week cumulative table (departure only)
2026-06-01,2026-09-30,HARYANA,REWARI,72.0,-13,Normal,IMD week-by-week cumulative table (departure only)
2026-06-01,2026-09-30,MEGHALAYA,RI BHOI,276.0,-33,Deficient,IMD week-by-week cumulative table (departure only)
2026-06-01,2026-09-30,HARYANA,ROHTAK,73.0,-47,Deficient,IMD week-by-week cumulative table (departure only)
2026-06-01,2026-09-30,BIHAR,ROHTAS,215.0,-22,Deficient,IMD week-by-week cumulative table (departure only)
2026-06-01,2026-09-30,UTTARAKHAND,RUDRAPRAYAG,54.0,-2,Normal,IMD week-by-week cumulative table (departure only)
2026-06-01,2026-09-30,PUNJAB,RUPNAGAR,42.0,-29,Deficient,IMD week-by-week cumulative table (departure only)
2026-06-01,2026-09-30,GUJARAT,SABARKANTHA,458.0,-34,Deficient,IMD week-by-week cumulative table (departure only)
2026-06-01,2026-09-30,MADHYA PRADESH,SAGAR,425.0,-13,Normal,IMD week-by-week cumulative table (departure only)
2026-06-01,2026-09-30,UTTAR PRADESH,SAHARANPUR,177.0,-29,Deficient,IMD week-by-week cumulative table (departure only)
2026-06-01,2026-09-30,BIHAR,SAHARSA,216.0,-43,Deficient,IMD week-by-week cumulative table (departure only)
2026-06-01,2026-09-30,JHARKHAND,SAHIBGANJ,340.0,-59,Deficient,IMD week-by-week cumulative table (departure only)
2026-06-01,2026-09-30,MIZORAM,SAIHA,267.0,-16,Normal,IMD week-by-week cumulative table (departure only)
2026-06-01,2026-09-30,CHHATTISGARH,SAKTI,762.0,-10,Normal,IMD week-by-week cumulative table (departure only)
2026-06-01,2026-09-30,TAMIL NADU,SALEM,584.0,-27,Deficient,IMD week-by-week cumulative table (departure only)
2026-06-01,2026-09-30,BIHAR,SAMASTIPUR,217.0,-41,Deficient,IMD week-by-week cumulative table (departure only)
2026-06-01,2026-09-30,JAMMU & KASHMIR,SAMBA,624.0,18,Normal,IMD week-by-week cumulative table (departure only)
2026-06-01,2026-09-30,ODISHA,SAMBALPUR,371.0,29,Excess,IMD week-by-week cumulative table (departure only)
2026-06-01,2026-09-30,UTTAR PRADESH,SAMBHAL,659.0,97,Large Excess,IMD week-by-week cumulative table (departure only)
2026-06-01,2026-09-30,TELANGANA,SANGAREDDY,691.0,-34,Deficient,IMD week-by-week cumulative table (departure only)
2026-06-01,2026-09-30,MAHARASHTRA,SANGLI,493.0,-24,Deficient,IMD week-by-week cumulative table (departure only)
2026-06-01,2026-09-30,PUNJAB,SANGRUR,43.0,-53,Deficient,IMD week-by-week cumulative table (departure only)
2026-06-01,2026-09-30,UTTAR PRADESH,SANT KABIR NAGAR,178.0,-40,Deficient,IMD week-by-week cumulative table (departure only)
2026-06-01,2026-09-30,BIHAR,SARAN,218.0,-42,Deficient,IMD week-by-week cumulative table (departure only)
2026-06-01,2026-09-30,CHHATTISGARH,SARANGARH BILAIGARH,763.0,27,Excess,IMD week-by-week cumulative table (departure only)
2026-06-01,2026-09-30,MAHARASHTRA,SATARA,494.0,15,Normal,IMD week-by-week cumulative table (departure only)
2026-06-01,2026-09-30,MADHYA PRADESH,SATNA,426.0,52,Excess,IMD week-by-week cumulative table (departure only)
2026-06-01,2026-09-30,RAJASTHAN,SAWAI MADHOPUR,113.0,-13,Normal,IMD week-by-week cumulative table (departure only)
2026-06-01,2026-09-30,PUNJAB,SBS NAGAR,40.0,-54,Deficient,IMD week-by-week cumulative table (departure only)
2026-06-01,2026-09-30,MADHYA PRADESH,SEHORE,427.0,-17,Normal,IMD week-by-week cumulative table (departure only)
2026-06-01,2026-09-30,MANIPUR,SENAPATI,257.0,-18,Normal,IMD week-by-week cumulative table (departure only)
2026-06-01,2026-09-30,MADHYA PRADESH,SEONI,428.0,-16,Normal,IMD week-by-week cumulative table (departure only)
2026-06-01,2026-09-30,MIZORAM,SERCHHIP,268.0,-10,Normal,IMD week-by-week cumulative table (departure only)
2026-06-01,2026-09-30,MADHYA PRADESH,SHAHDOL,429.0,22,Excess,IMD week-by-week cumulative table (departure only)
2026-06-01,2026-09-30,UTTAR PRADESH,SHAHJAHANPUR,180.0,33,Excess,IMD week-by-week cumulative table (departure only)
2026-06-01,2026-09-30,MADHYA PRADESH,SHAJAPUR,430.0,-21,Deficient,IMD week-by-week cumulative table (departure only)
2026-06-01,2026-09-30,UTTAR PRADESH,SHAMLI,660.0,-68,Large Deficient,IMD week-by-week cumulative table (departure only)
2026-06-01,2026-09-30,BIHAR,SHEIKHPURA,219.0,-29,Deficient,IMD week-by-week cumulative table (departure only)
2026-06-01,2026-09-30,BIHAR,SHEOHAR,220.0,-54,Deficient,IMD week-by-week cumulative table (departure only)
2026-06-01,2026-09-30,MADHYA PRADESH,SHEOPUR,431.0,17,Normal,IMD week-by-week cumulative table (departure only)
2026-06-01,2026-09-30,HIMACHAL PRADESH,SHIMLA,23.0,29,Excess,IMD week-by-week cumulative table (departure only)
2026-06-01,2026-09-30,KARNATAKA,SHIVAMOGGA,547.0,-9,Normal,IMD week-by-week cumulative table (departure only)
2026-06-01,2026-09-30,MADHYA PRADESH,SHIVPURI,432.0,24,Excess,IMD week-by-week cumulative table (departure only)
2026-06-01,2026-09-30,MAHARASHTRA,SHOLAPUR,496.0,-59,Deficient,IMD week-by-week cumulative table (departure only)
2026-06-01,2026-09-30,JAMMU & KASHMIR,SHOPIAN,625.0,-51,Deficient,IMD week-by-week cumulative table (departure only)
2026-06-01,2026-09-30,UTTAR PRADESH,SHRAWASTI,181.0,-15,Normal,IMD week-by-week cumulative table (departure only)
2026-06-01,2026-09-30,ASSAM,SIBSAGAR,300.0,-27,Deficient,IMD week-by-week cumulative table (departure only)
2026-06-01,2026-09-30,UTTAR PRADESH,SIDDHARTH NAGAR,182.0,-22,Deficient,IMD week-by-week cumulative table (departure only)
2026-06-01,2026-09-30,TELANGANA,SIDDIPET,692.0,6,Normal,IMD week-by-week cumulative table (departure only)
2026-06-01,2026-09-30,MADHYA PRADESH,SIDHI,433.0,15,Normal,IMD week-by-week cumulative table (departure only)
2026-06-01,2026-09-30,RAJASTHAN,SIKAR,114.0,-7,Normal,IMD week-by-week cumulative table (departure only)
2026-06-01,2026-09-30,JHARKHAND,SIMDEGA,342.0,0,Normal,IMD week-by-week cumulative table (departure only)
2026-06-01,2026-09-30,MAHARASHTRA,SINDHUDURG,495.0,-37,Deficient,IMD week-by-week cumulative table (departure only)
2026-06-01,2026-09-30,MADHYA PRADESH,SINGRAULI,638.0,11,Normal,IMD week-by-week cumulative table (departure only)
2026-06-01,2026-09-30,TRIPURA,SIPAHIJALA,653.0,-18,Normal,IMD week-by-week cumulative table (departure only)
2026-06-01,2026-09-30,HIMACHAL PRADESH,SIRMAUR,24.0,11,Normal,IMD week-by-week cumulative table (departure only)
2026-06-01,2026-09-30,RAJASTHAN,SIROHI,115.0,-46,Deficient,IMD week-by-week cumulative table (departure only)
2026-06-01,2026-09-30,HARYANA,SIRSA,74.0,-55,Deficient,IMD week-by-week cumulative table (departure only)
2026-06-01,2026-09-30,BIHAR,SITAMARHI,221.0,-49,Deficient,IMD week-by-week cumulative table (departure only)
2026-06-01,2026-09-30,UTTAR PRADESH,SITAPUR,183.0,-13,Normal,IMD week-by-week cumulative table (departure only)
2026-06-01,2026-09-30,TAMIL NADU,SIVAGANGA,585.0,2,Normal,IMD week-by-week cumulative table (departure only)
2026-06-01,2026-09-30,BIHAR,SIWAN,222.0,-4,Normal,IMD week-by-week cumulative table (departure only)
2026-06-01,2026-09-30,HIMACHAL PRADESH,SOLAN,25.0,-3,Normal,IMD week-by-week cumulative table (departure only)
2026-06-01,2026-09-30,UTTAR PRADESH,SONBHADRA,184.0,1,Normal,IMD week-by-week cumulative table (departure only)
2026-06-01,2026-09-30,HARYANA,SONEPAT,75.0,-32,Deficient,IMD week-by-week cumulative table (departure only)
2026-06-01,2026-09-30,ODISHA,SONEPUR,372.0,45,Excess,IMD week-by-week cumulative table (departure only)
2026-06-01,2026-09-30,ASSAM,SONITPUR,301.0,-5,Normal,IMD week-by-week cumulative table (departure only)
2026-06-01,2026-09-30,ANDAMAN & NICOBAR ISLANDS,SOUTH ANDAMAN,602.0,-14,Normal,IMD week-by-week cumulative table (departure only)
2026-06-01,2026-09-30,DELHI,SOUTH DELHI,83.0,-10,Normal,IMD week-by-week cumulative table (departure only)
2026-06-01,2026-09-30,WEST BENGAL,SOUTH DINAJPUR,310.0,-25,Deficient,IMD week-by-week cumulative table (departure only)
2026-06-01,2026-09-30,DELHI,SOUTH EAST DELHI,670.0,5,Normal,IMD week-by-week cumulative table (departure only)
2026-06-01,2026-09-30,GOA,SOUTH GOA,552.0,-29,Deficient,IMD week-by-week cumulative table (departure only)
2026-06-01,2026-09-30,TRIPURA,SOUTH TRIPURA,271.0,-30,Deficient,IMD week-by-week cumulative table (departure only)
2026-06-01,2026-09-30,DELHI,SOUTH WEST DELHI,84.0,-25,Deficient,IMD week-by-week cumulative table (departure only)
2026-06-01,2026-09-30,MEGHALAYA,SOUTH WEST KHASI HILLS,658.0,178,Large Excess,IMD week-by-week cumulative table (departure only)
2026-06-01,2026-09-30,ANDHRA PRADESH,SPSR NELLORE,515.0,-37,Deficient,IMD week-by-week cumulative table (departure only)
2026-06-01,2026-09-30,ANDHRA PRADESH,SRI ALLURI SITHARAMARAJU DISTRICT,745.0,-22,Deficient,IMD week-by-week cumulative table (departure only)
2026-06-01,2026-09-30,ASSAM,SRIBHUMI,293.0,-27,Deficient,IMD week-by-week cumulative table (departure only)
2026-06-01,2026-09-30,RAJASTHAN,SRI GANGANAGAR,100.0,-13,Normal,IMD week-by-week cumulative table (departure only)
2026-06-01,2026-09-30,ANDHRA PRADESH,SRIKAKULAM,519.0,0,Normal,IMD week-by-week cumulative table (departure only)
2026-06-01,2026-09-30,JAMMU & KASHMIR,SRINAGAR,13.0,4,Normal,IMD week-by-week cumulative table (departure only)
2026-06-01,2026-09-30,ANDHRA PRADESH,SRI SATHYASAI DISTRICT,754.0,-48,Deficient,IMD week-by-week cumulative table (departure only)
2026-06-01,2026-09-30,CHHATTISGARH,SUKMA,642.0,1,Normal,IMD week-by-week cumulative table (departure only)
2026-06-01,2026-09-30,UTTAR PRADESH,SULTANPUR,185.0,10,Normal,IMD week-by-week cumulative table (departure only)
2026-06-01,2026-09-30,ODISHA,SUNDARGARH,373.0,21,Excess,IMD week-by-week cumulative table (departure only)
2026-06-01,2026-09-30,BIHAR,SUPAUL,223.0,-25,Deficient,IMD week-by-week cumulative table (departure only)
2026-06-01,2026-09-30,CHHATTISGARH,SURAJPUR,648.0,5,Normal,IMD week-by-week cumulative table (departure only)
2026-06-01,2026-09-30,GUJARAT,SURAT,459.0,23,Excess,IMD week-by-week cumulative table (departure only)
2026-06-01,2026-09-30,CHHATTISGARH,SURGUJA,389.0,-41,Deficient,IMD week-by-week cumulative table (departure only)
2026-06-01,2026-09-30,TELANGANA,SURYAPET,696.0,-22,Deficient,IMD week-by-week cumulative table (departure only)
2026-06-01,2026-09-30,MANIPUR,TAMENGLONG,258.0,-61,Large Deficient,IMD week-by-week cumulative table (departure only)
2026-06-01,2026-09-30,ASSAM,TAMULPUR,756.0,-15,Normal,IMD week-by-week cumulative table (departure only)
2026-06-01,2026-09-30,GUJARAT,TAPI,641.0,3,Normal,IMD week-by-week cumulative table (departure only)
2026-06-01,2026-09-30,PUNJAB,TARN TARAN,609.0,-55,Deficient,IMD week-by-week cumulative table (departure only)
2026-06-01,2026-09-30,ARUNACHAL PRADESH,TAWANG,238.0,-65,Large Deficient,IMD week-by-week cumulative table (departure only)
2026-06-01,2026-09-30,TAMIL NADU,TENKASI,733.0,12,Normal,IMD week-by-week cumulative table (departure only)
2026-06-01,2026-09-30,MAHARASHTRA,THANE,497.0,-10,Normal,IMD week-by-week cumulative table (departure only)
2026-06-01,2026-09-30,TAMIL NADU,THANJAVUR,586.0,-37,Deficient,IMD week-by-week cumulative table (departure only)
2026-06-01,2026-09-30,TAMIL NADU,THENI,588.0,-9,Normal,IMD week-by-week cumulative table (departure only)
2026-06-01,2026-09-30,TAMIL NADU,THIRUCHIRAPALLI,591.0,-39,Deficient,IMD week-by-week cumulative table (departure only)
2026-06-01,2026-09-30,TAMIL NADU,THIRUVALLUR,589.0,-28,Deficient,IMD week-by-week cumulative table (departure only)
2026-06-01,2026-09-30,TAMIL NADU,THOOTHUKUDI,594.0,-64,Large Deficient,IMD week-by-week cumulative table (departure only)
2026-06-01,2026-09-30,MANIPUR,THOUBAL,259.0,-55,Deficient,IMD week-by-week cumulative table (departure only)
2026-06-01,2026-09-30,KERALA,THRISSUR,566.0,-30,Deficient,IMD week-by-week cumulative table (departure only)
2026-06-01,2026-09-30,MADHYA PRADESH,TIKAMGARH,434.0,6,Normal,IMD week-by-week cumulative table (departure only)
2026-06-01,2026-09-30,ASSAM,TINSUKIA,302.0,-12,Normal,IMD week-by-week cumulative table (departure only)
2026-06-01,2026-09-30,ARUNACHAL PRADESH,TIRAP,239.0,-4,Normal,IMD week-by-week cumulative table (departure only)
2026-06-01,2026-09-30,TAMIL NADU,TIRUNELVELI,592.0,338,Large Excess,IMD week-by-week cumulative table (departure only)
2026-06-01,2026-09-30,ANDHRA PRADESH,TIRUPATI,752.0,-44,Deficient,IMD week-by-week cumulative table (departure only)
2026-06-01,2026-09-30,TAMIL NADU,TIRUPATTUR,732.0,-42,Deficient,IMD week-by-week cumulative table (departure only)
2026-06-01,2026-09-30,TAMIL NADU,TIRUPPUR,634.0,-40,Deficient,IMD week-by-week cumulative table (departure only)
2026-06-01,2026-09-30,TAMIL NADU,TIRUVANNAMALAI,593.0,-29,Deficient,IMD week-by-week cumulative table (departure only)
2026-06-01,2026-09-30,TAMIL NADU,TIRUVARUR,590.0,-34,Deficient,IMD week-by-week cumulative table (departure only)
2026-06-01,2026-09-30,RAJASTHAN,TONK,116.0,-16,Normal,IMD week-by-week cumulative table (departure only)
2026-06-01,2026-09-30,KARNATAKA,TUMAKURU,548.0,-38,Deficient,IMD week-by-week cumulative table (departure only)
2026-06-01,2026-09-30,RAJASTHAN,UDAIPUR,117.0,-27,Deficient,IMD week-by-week cumulative table (departure only)
2026-06-01,2026-09-30,ASSAM,UDALGURI,617.0,-60,Large Deficient,IMD week-by-week cumulative table (departure only)
2026-06-01,2026-09-30,JAMMU & KASHMIR,UDHAMPUR,14.0,54,Excess,IMD week-by-week cumulative table (departure only)
2026-06-01,2026-09-30,UTTARAKHAND,UDHAM SINGH NAGAR,56.0,15,Normal,IMD week-by-week cumulative table (departure only)
2026-06-01,2026-09-30,KARNATAKA,UDUPI,549.0,-30,Deficient,IMD week-by-week cumulative table (departure only)
2026-06-01,2026-09-30,MADHYA PRADESH,UJJAIN,435.0,-27,Deficient,IMD week-by-week cumulative table (departure only)
2026-06-01,2026-09-30,MANIPUR,UKHRUL,260.0,-10,Normal,IMD week-by-week cumulative table (departure only)
2026-06-01,2026-09-30,MADHYA PRADESH,UMARIA,436.0,21,Excess,IMD week-by-week cumulative table (departure only)
2026-06-01,2026-09-30,HIMACHAL PRADESH,UNA,26.0,-16,Normal,IMD week-by-week cumulative table (departure only)
2026-06-01,2026-09-30,TRIPURA,UNAKOTI,655.0,-8,Normal,IMD week-by-week cumulative table (departure only)
2026-06-01,2026-09-30,UTTAR PRADESH,UNNAO,186.0,-17,Normal,IMD week-by-week cumulative table (departure only)
2026-06-01,2026-09-30,ARUNACHAL PRADESH,UPPER SIANG,240.0,-33,Deficient,IMD week-by-week cumulative table (departure only)
2026-06-01,2026-09-30,ARUNACHAL PRADESH,UPPER SUBANSIRI,241.0,-63,Large Deficient,IMD week-by-week cumulative table (departure only)
2026-06-01,2026-09-30,KARNATAKA,UTTARA KANNADA,550.0,-30,Deficient,IMD week-by-week cumulative table (departure only)
2026-06-01,2026-09-30,UTTARAKHAND,UTTARKASHI,57.0,-9,Normal,IMD week-by-week cumulative table (departure only)
2026-06-01,2026-09-30,GUJARAT,VADODARA,461.0,-29,Deficient,IMD week-by-week cumulative table (departure only)
2026-06-01,2026-09-30,BIHAR,VAISHALI,224.0,-37,Deficient,IMD week-by-week cumulative table (departure only)
2026-06-01,2026-09-30,GUJARAT,VALSAD,462.0,39,Excess,IMD week-by-week cumulative table (departure only)
2026-06-01,2026-09-30,UTTAR PRADESH,VARANASI,187.0,21,Excess,IMD week-by-week cumulative table (departure only)
2026-06-01,2026-09-30,TAMIL NADU,VELLORE,595.0,-36,Deficient,IMD week-by-week cumulative table (departure only)
2026-06-01,2026-09-30,MADHYA PRADESH,VIDISHA,437.0,-18,Normal,IMD week-by-week cumulative table (departure only)
2026-06-01,2026-09-30,KARNATAKA,VIJAYANAGARA,738.0,-45,Deficient,IMD week-by-week cumulative table (departure only)
2026-06-01,2026-09-30,KARNATAKA,VIJAYAPURA,530.0,-41,Deficient,IMD week-by-week cumulative table (departure only)
2026-06-01,2026-09-30,TELANGANA,VIKARABAD,698.0,-27,Deficient,IMD week-by-week cumulative table (departure only)
2026-06-01,2026-09-30,TAMIL NADU,VILLUPURAM,596.0,-15,Normal,IMD week-by-week cumulative table (departure only)
2026-06-01,2026-09-30,TAMIL NADU,VIRUDHUNAGAR,597.0,2,Normal,IMD week-by-week cumulative table (departure only)
2026-06-01,2026-09-30,ANDHRA PRADESH,VISHAKHAPATNAM,520.0,12,Normal,IMD week-by-week cumulative table (departure only)
2026-06-01,2026-09-30,ANDHRA PRADESH,VIZIANAGARAM,521.0,-5,Normal,IMD week-by-week cumulative table (departure only)
2026-06-01,2026-09-30,TELANGANA,WANAPARTHY,693.0,-35,Deficient,IMD week-by-week cumulative table (departure only)
2026-06-01,2026-09-30,TELANGANA,WARANGAL,522.0,-38,Deficient,IMD week-by-week cumulative table (departure only)
2026-06-01,2026-09-30,MAHARASHTRA,WARDHA,498.0,-34,Deficient,IMD week-by-week cumulative table (departure only)
2026-06-01,2026-09-30,MAHARASHTRA,WASHIM,499.0,-37,Deficient,IMD week-by-week cumulative table (departure only)
2026-06-01,2026-09-30,BIHAR,WEST CHAMPARAN,211.0,-31,Deficient,IMD week-by-week cumulative table (departure only)
2026-06-01,2026-09-30,DELHI,WEST DELHI,85.0,18,Normal,IMD week-by-week cumulative table (departure only)
2026-06-01,2026-09-30,MEGHALAYA,WEST GARO HILLS,278.0,-66,Large Deficient,IMD week-by-week cumulative table (departure only)
2026-06-01,2026-09-30,ANDHRA PRADESH,WEST GODAVARI,523.0,-18,Normal,IMD week-by-week cumulative table (departure only)
2026-06-01,2026-09-30,MEGHALAYA,WEST JAINTIA HILLS,275.0,-74,Large Deficient,IMD week-by-week cumulative table (departure only)
2026-06-01,2026-09-30,ARUNACHAL PRADESH,WEST KAMENG,242.0,-69,Large Deficient,IMD week-by-week cumulative table (departure only)
2026-06-01,2026-09-30,ASSAM,WEST KARBI ANGLONG,710.0,0,Normal,IMD week-by-week cumulative table (departure only)
2026-06-01,2026-09-30,MEGHALAYA,WEST KHASI HILLS,279.0,-60,Large Deficient,IMD week-by-week cumulative table (departure only)
2026-06-01,2026-09-30,WEST BENGAL,WEST MIDNAPORE,318.0,40,Excess,IMD week-by-week cumulative table (departure only)
2026-06-01,2026-09-30,ARUNACHAL PRADESH,WEST SIANG,243.0,-69,Large Deficient,IMD week-by-week cumulative table (departure only)
2026-06-01,2026-09-30,JHARKHAND,WEST SINGHBHUM,343.0,38,Excess,IMD week-by-week cumulative table (departure only)
2026-06-01,2026-09-30,TRIPURA,WEST TRIPURA,272.0,5,Normal,IMD week-by-week cumulative table (departure only)
2026-06-01,2026-09-30,NAGALAND,WOKHA,250.0,3,Normal,IMD week-by-week cumulative table (departure only)
2026-06-01,2026-09-30,KERALA,WYNAD,567.0,-53,Deficient,IMD week-by-week cumulative table (departure only)
2026-06-01,2026-09-30,KARNATAKA,YADGIR,635.0,-30,Deficient,IMD week-by-week cumulative table (departure only)
2026-06-01,2026-09-30,HARYANA,YAMUNA NAGAR,76.0,-15,Normal,IMD week-by-week cumulative table (departure only)
2026-06-01,2026-09-30,PUDUCHERRY,YANAM,601.0,2,Normal,IMD week-by-week cumulative table (departure only)
2026-06-01,2026-09-30,TELANGANA,Y. BHUVANAGIRI,697.0,-35,Deficient,IMD week-by-week cumulative table (departure only)
2026-06-01,2026-09-30,MAHARASHTRA,YEOTMAL,500.0,-27,Deficient,IMD week-by-week cumulative table (departure only)
2026-06-01,2026-09-30,ANDHRA PRADESH,YSR DISTRICT,504.0,-42,Deficient,IMD week-by-week cumulative table (departure only)
2026-06-01,2026-09-30,NAGALAND,ZUNHEBOTO,251.0,47,Excess,IMD week-by-week cumulative table (departure only)
